experiment_id,participant_id,subject_id,arm,condition,conclusion,conclusion_chars,conclusion_n_words
exp_20260713T120149Z_186d23e4,75a673a2,crowd_subject_1,crowd,block_early,,0,0
exp_20260713T120149Z_186d23e4,75a673a2,crowd_subject_1,crowd,block_late,,0,0
exp_20260713T120149Z_186d23e4,75a673a2,crowd_subject_1,crowd,inline_early,,0,0
exp_20260713T120149Z_186d23e4,75a673a2,crowd_subject_1,crowd,inline_late,,0,0
exp_20260713T120149Z_186d23e4,75a673a2,crowd_subject_1,crowd,no_ads,,0,0
exp_20260721T221632Z_271aa975,72711ada,crowd_subject_10,crowd,block_early,,0,0
exp_20260721T221632Z_271aa975,72711ada,crowd_subject_10,crowd,block_late,,0,0
exp_20260721T221632Z_271aa975,72711ada,crowd_subject_10,crowd,inline_early,,0,0
exp_20260721T221632Z_271aa975,72711ada,crowd_subject_10,crowd,inline_late,,0,0
exp_20260721T221632Z_271aa975,72711ada,crowd_subject_10,crowd,no_ads,,0,0
exp_20260721T235527Z_c6d39ba6,93090c74,crowd_subject_11,crowd,block_early,,0,0
exp_20260721T235527Z_c6d39ba6,93090c74,crowd_subject_11,crowd,block_late,,0,0
exp_20260721T235527Z_c6d39ba6,93090c74,crowd_subject_11,crowd,inline_early,,0,0
exp_20260721T235527Z_c6d39ba6,93090c74,crowd_subject_11,crowd,inline_late,,0,0
exp_20260721T235527Z_c6d39ba6,93090c74,crowd_subject_11,crowd,no_ads,,0,0
exp_20260722T220745Z_e35b5213,245ff985,crowd_subject_13,crowd,block_early,,0,0
exp_20260722T220745Z_e35b5213,245ff985,crowd_subject_13,crowd,block_late,,0,0
exp_20260722T220745Z_e35b5213,245ff985,crowd_subject_13,crowd,inline_early,,0,0
exp_20260722T220745Z_e35b5213,245ff985,crowd_subject_13,crowd,inline_late,,0,0
exp_20260722T220745Z_e35b5213,245ff985,crowd_subject_13,crowd,no_ads,,0,0
exp_20260726T162111Z_1f575f3c,2eda2fc5,crowd_subject_14,crowd,block_early,,0,0
exp_20260726T162111Z_1f575f3c,2eda2fc5,crowd_subject_14,crowd,block_late,,0,0
exp_20260726T162111Z_1f575f3c,2eda2fc5,crowd_subject_14,crowd,inline_early,,0,0
exp_20260726T162111Z_1f575f3c,2eda2fc5,crowd_subject_14,crowd,inline_late,,0,0
exp_20260726T162111Z_1f575f3c,2eda2fc5,crowd_subject_14,crowd,no_ads,,0,0
exp_20260726T171647Z_dba5fd47,a4b9abea,crowd_subject_15,crowd,block_early,,0,0
exp_20260726T171647Z_dba5fd47,a4b9abea,crowd_subject_15,crowd,block_late,,0,0
exp_20260726T171647Z_dba5fd47,a4b9abea,crowd_subject_15,crowd,inline_early,,0,0
exp_20260726T171647Z_dba5fd47,a4b9abea,crowd_subject_15,crowd,inline_late,,0,0
exp_20260726T171647Z_dba5fd47,a4b9abea,crowd_subject_15,crowd,no_ads,,0,0
exp_20260726T183534Z_b8b0b3c4,2606d905,crowd_subject_16,crowd,block_early,,0,0
exp_20260726T183534Z_b8b0b3c4,2606d905,crowd_subject_16,crowd,block_late,,0,0
exp_20260726T183534Z_b8b0b3c4,2606d905,crowd_subject_16,crowd,inline_early,,0,0
exp_20260726T183534Z_b8b0b3c4,2606d905,crowd_subject_16,crowd,inline_late,,0,0
exp_20260726T183534Z_b8b0b3c4,2606d905,crowd_subject_16,crowd,no_ads,,0,0
exp_20260726T195550Z_05bbe585,a5c22768,crowd_subject_18_unfocused,crowd,block_early,,0,0
exp_20260726T195550Z_05bbe585,a5c22768,crowd_subject_18_unfocused,crowd,block_late,,0,0
exp_20260726T195550Z_05bbe585,a5c22768,crowd_subject_18_unfocused,crowd,inline_early,,0,0
exp_20260726T195550Z_05bbe585,a5c22768,crowd_subject_18_unfocused,crowd,inline_late,,0,0
exp_20260726T195550Z_05bbe585,a5c22768,crowd_subject_18_unfocused,crowd,no_ads,,0,0
exp_20260726T204033Z_24ec0dc4,17b9b532,crowd_subject_19,crowd,block_early,,0,0
exp_20260726T204033Z_24ec0dc4,17b9b532,crowd_subject_19,crowd,block_late,,0,0
exp_20260726T204033Z_24ec0dc4,17b9b532,crowd_subject_19,crowd,inline_early,,0,0
exp_20260726T204033Z_24ec0dc4,17b9b532,crowd_subject_19,crowd,inline_late,,0,0
exp_20260726T204033Z_24ec0dc4,17b9b532,crowd_subject_19,crowd,no_ads,,0,0
exp_20260713T130843Z_e9a090f1,e3135307,crowd_subject_2,crowd,block_early,,0,0
exp_20260713T130843Z_e9a090f1,e3135307,crowd_subject_2,crowd,block_late,,0,0
exp_20260713T130843Z_e9a090f1,e3135307,crowd_subject_2,crowd,inline_early,,0,0
exp_20260713T130843Z_e9a090f1,e3135307,crowd_subject_2,crowd,inline_late,,0,0
exp_20260713T130843Z_e9a090f1,e3135307,crowd_subject_2,crowd,no_ads,,0,0
exp_20260726T211020Z_df2dfa1a,350c7111,crowd_subject_20,crowd,block_early,,0,0
exp_20260726T211020Z_df2dfa1a,350c7111,crowd_subject_20,crowd,block_late,,0,0
exp_20260726T211020Z_df2dfa1a,350c7111,crowd_subject_20,crowd,inline_early,,0,0
exp_20260726T211020Z_df2dfa1a,350c7111,crowd_subject_20,crowd,inline_late,,0,0
exp_20260726T211020Z_df2dfa1a,350c7111,crowd_subject_20,crowd,no_ads,,0,0
exp_20260726T214632Z_fad2e70f,1ad7f9bf,crowd_subject_21,crowd,block_early,,0,0
exp_20260726T214632Z_fad2e70f,1ad7f9bf,crowd_subject_21,crowd,block_late,,0,0
exp_20260726T214632Z_fad2e70f,1ad7f9bf,crowd_subject_21,crowd,inline_early,,0,0
exp_20260726T214632Z_fad2e70f,1ad7f9bf,crowd_subject_21,crowd,inline_late,,0,0
exp_20260726T214632Z_fad2e70f,1ad7f9bf,crowd_subject_21,crowd,no_ads,,0,0
exp_20260726T223318Z_3a1264a8,3200a217,crowd_subject_22,crowd,block_early,,0,0
exp_20260726T223318Z_3a1264a8,3200a217,crowd_subject_22,crowd,block_late,,0,0
exp_20260726T223318Z_3a1264a8,3200a217,crowd_subject_22,crowd,inline_early,,0,0
exp_20260726T223318Z_3a1264a8,3200a217,crowd_subject_22,crowd,inline_late,,0,0
exp_20260726T223318Z_3a1264a8,3200a217,crowd_subject_22,crowd,no_ads,,0,0
exp_20260726T232723Z_de414449,49833a18,crowd_subject_23,crowd,block_early,,0,0
exp_20260726T232723Z_de414449,49833a18,crowd_subject_23,crowd,block_late,,0,0
exp_20260726T232723Z_de414449,49833a18,crowd_subject_23,crowd,inline_early,,0,0
exp_20260726T232723Z_de414449,49833a18,crowd_subject_23,crowd,inline_late,,0,0
exp_20260726T232723Z_de414449,49833a18,crowd_subject_23,crowd,no_ads,,0,0
exp_20260727T002507Z_8fd56dda,4e734656,crowd_subject_24,crowd,block_early,,0,0
exp_20260727T002507Z_8fd56dda,4e734656,crowd_subject_24,crowd,block_late,,0,0
exp_20260727T002507Z_8fd56dda,4e734656,crowd_subject_24,crowd,inline_early,,0,0
exp_20260727T002507Z_8fd56dda,4e734656,crowd_subject_24,crowd,inline_late,,0,0
exp_20260727T002507Z_8fd56dda,4e734656,crowd_subject_24,crowd,no_ads,,0,0
exp_20260727T204954Z_c50a4e69,cc2ed5d1,crowd_subject_25,crowd,block_early,,0,0
exp_20260727T204954Z_c50a4e69,cc2ed5d1,crowd_subject_25,crowd,block_late,,0,0
exp_20260727T204954Z_c50a4e69,cc2ed5d1,crowd_subject_25,crowd,inline_early,,0,0
exp_20260727T204954Z_c50a4e69,cc2ed5d1,crowd_subject_25,crowd,inline_late,,0,0
exp_20260727T204954Z_c50a4e69,cc2ed5d1,crowd_subject_25,crowd,no_ads,,0,0
exp_20260727T223954Z_a2365df8,6c8c2782,crowd_subject_26,crowd,block_early,,0,0
exp_20260727T223954Z_a2365df8,6c8c2782,crowd_subject_26,crowd,block_late,,0,0
exp_20260727T223954Z_a2365df8,6c8c2782,crowd_subject_26,crowd,inline_early,,0,0
exp_20260727T223954Z_a2365df8,6c8c2782,crowd_subject_26,crowd,inline_late,,0,0
exp_20260727T223954Z_a2365df8,6c8c2782,crowd_subject_26,crowd,no_ads,,0,0
exp_20260728T005337Z_a15e4f03,8a073121,crowd_subject_28,crowd,block_early,,0,0
exp_20260728T005337Z_a15e4f03,8a073121,crowd_subject_28,crowd,block_late,,0,0
exp_20260728T005337Z_a15e4f03,8a073121,crowd_subject_28,crowd,inline_early,,0,0
exp_20260728T005337Z_a15e4f03,8a073121,crowd_subject_28,crowd,inline_late,,0,0
exp_20260728T005337Z_a15e4f03,8a073121,crowd_subject_28,crowd,no_ads,,0,0
exp_20260728T021517Z_71761d62,d39155f2,crowd_subject_29,crowd,block_early,,0,0
exp_20260728T021517Z_71761d62,d39155f2,crowd_subject_29,crowd,block_late,,0,0
exp_20260728T021517Z_71761d62,d39155f2,crowd_subject_29,crowd,inline_early,,0,0
exp_20260728T021517Z_71761d62,d39155f2,crowd_subject_29,crowd,inline_late,,0,0
exp_20260728T021517Z_71761d62,d39155f2,crowd_subject_29,crowd,no_ads,,0,0
exp_20260713T141041Z_066e7c22,60e6efef,crowd_subject_3,crowd,block_early,,0,0
exp_20260713T141041Z_066e7c22,60e6efef,crowd_subject_3,crowd,block_late,,0,0
exp_20260713T141041Z_066e7c22,60e6efef,crowd_subject_3,crowd,inline_early,,0,0
exp_20260713T141041Z_066e7c22,60e6efef,crowd_subject_3,crowd,inline_late,,0,0
exp_20260713T141041Z_066e7c22,60e6efef,crowd_subject_3,crowd,no_ads,,0,0
exp_20260728T025353Z_21c1b75f,51616cf0,crowd_subject_30,crowd,block_early,,0,0
exp_20260728T025353Z_21c1b75f,51616cf0,crowd_subject_30,crowd,block_late,,0,0
exp_20260728T025353Z_21c1b75f,51616cf0,crowd_subject_30,crowd,inline_early,,0,0
exp_20260728T025353Z_21c1b75f,51616cf0,crowd_subject_30,crowd,inline_late,,0,0
exp_20260728T025353Z_21c1b75f,51616cf0,crowd_subject_30,crowd,no_ads,,0,0
exp_20260728T212533Z_3d7b9020,d9a3a648,crowd_subject_32,crowd,block_early,,0,0
exp_20260728T212533Z_3d7b9020,d9a3a648,crowd_subject_32,crowd,block_late,,0,0
exp_20260728T212533Z_3d7b9020,d9a3a648,crowd_subject_32,crowd,inline_early,,0,0
exp_20260728T212533Z_3d7b9020,d9a3a648,crowd_subject_32,crowd,inline_late,,0,0
exp_20260728T212533Z_3d7b9020,d9a3a648,crowd_subject_32,crowd,no_ads,,0,0
exp_20260729T113330Z_4893ec28,aebd33cb,crowd_subject_33,crowd,block_early,,0,0
exp_20260729T113330Z_4893ec28,aebd33cb,crowd_subject_33,crowd,block_late,,0,0
exp_20260729T113330Z_4893ec28,aebd33cb,crowd_subject_33,crowd,inline_early,,0,0
exp_20260729T113330Z_4893ec28,aebd33cb,crowd_subject_33,crowd,inline_late,,0,0
exp_20260729T113330Z_4893ec28,aebd33cb,crowd_subject_33,crowd,no_ads,,0,0
exp_20260729T142615Z_78e41297,c3652ac3,crowd_subject_35,crowd,block_early,,0,0
exp_20260729T142615Z_78e41297,c3652ac3,crowd_subject_35,crowd,block_late,,0,0
exp_20260729T142615Z_78e41297,c3652ac3,crowd_subject_35,crowd,inline_early,,0,0
exp_20260729T142615Z_78e41297,c3652ac3,crowd_subject_35,crowd,inline_late,,0,0
exp_20260729T142615Z_78e41297,c3652ac3,crowd_subject_35,crowd,no_ads,,0,0
exp_20260730T163055Z_22dcd1a8,9bce1ecd,crowd_subject_36,crowd,block_early,,0,0
exp_20260730T163055Z_22dcd1a8,9bce1ecd,crowd_subject_36,crowd,block_late,,0,0
exp_20260730T163055Z_22dcd1a8,9bce1ecd,crowd_subject_36,crowd,inline_early,,0,0
exp_20260730T163055Z_22dcd1a8,9bce1ecd,crowd_subject_36,crowd,inline_late,,0,0
exp_20260730T163055Z_22dcd1a8,9bce1ecd,crowd_subject_36,crowd,no_ads,,0,0
exp_20260730T212540Z_463be665,4f36154d,crowd_subject_38,crowd,block_early,,0,0
exp_20260730T212540Z_463be665,4f36154d,crowd_subject_38,crowd,block_late,,0,0
exp_20260730T212540Z_463be665,4f36154d,crowd_subject_38,crowd,inline_early,,0,0
exp_20260730T212540Z_463be665,4f36154d,crowd_subject_38,crowd,inline_late,,0,0
exp_20260730T212540Z_463be665,4f36154d,crowd_subject_38,crowd,no_ads,,0,0
exp_20260713T151222Z_cb87f81c,d12f0112,crowd_subject_4,crowd,block_early,,0,0
exp_20260713T151222Z_cb87f81c,d12f0112,crowd_subject_4,crowd,block_late,,0,0
exp_20260713T151222Z_cb87f81c,d12f0112,crowd_subject_4,crowd,inline_early,,0,0
exp_20260713T151222Z_cb87f81c,d12f0112,crowd_subject_4,crowd,inline_late,,0,0
exp_20260713T151222Z_cb87f81c,d12f0112,crowd_subject_4,crowd,no_ads,,0,0
exp_20260731T134104Z_0ec19ace,9f9b6ad8,crowd_subject_40,crowd,block_early,,0,0
exp_20260731T134104Z_0ec19ace,9f9b6ad8,crowd_subject_40,crowd,block_late,,0,0
exp_20260731T134104Z_0ec19ace,9f9b6ad8,crowd_subject_40,crowd,inline_early,,0,0
exp_20260731T134104Z_0ec19ace,9f9b6ad8,crowd_subject_40,crowd,inline_late,,0,0
exp_20260731T134104Z_0ec19ace,9f9b6ad8,crowd_subject_40,crowd,no_ads,,0,0
exp_20260731T183947Z_18e35b4f,7901e211,crowd_subject_42,crowd,block_early,,0,0
exp_20260731T183947Z_18e35b4f,7901e211,crowd_subject_42,crowd,block_late,,0,0
exp_20260731T183947Z_18e35b4f,7901e211,crowd_subject_42,crowd,inline_early,,0,0
exp_20260731T183947Z_18e35b4f,7901e211,crowd_subject_42,crowd,inline_late,,0,0
exp_20260731T183947Z_18e35b4f,7901e211,crowd_subject_42,crowd,no_ads,,0,0
exp_20260801T205336Z_41461036,1864e3c7,crowd_subject_43,crowd,block_early,,0,0
exp_20260801T205336Z_41461036,1864e3c7,crowd_subject_43,crowd,block_late,,0,0
exp_20260801T205336Z_41461036,1864e3c7,crowd_subject_43,crowd,inline_early,,0,0
exp_20260801T205336Z_41461036,1864e3c7,crowd_subject_43,crowd,inline_late,,0,0
exp_20260801T205336Z_41461036,1864e3c7,crowd_subject_43,crowd,no_ads,,0,0
exp_20260802T082427Z_c7b49db4,7c513cb4,crowd_subject_44,crowd,block_early,,0,0
exp_20260802T082427Z_c7b49db4,7c513cb4,crowd_subject_44,crowd,block_late,,0,0
exp_20260802T082427Z_c7b49db4,7c513cb4,crowd_subject_44,crowd,inline_early,,0,0
exp_20260802T082427Z_c7b49db4,7c513cb4,crowd_subject_44,crowd,inline_late,,0,0
exp_20260802T082427Z_c7b49db4,7c513cb4,crowd_subject_44,crowd,no_ads,,0,0
exp_20260713T160910Z_43c4deac,5b5c5067,crowd_subject_5_unfocused,crowd,block_early,,0,0
exp_20260713T160910Z_43c4deac,5b5c5067,crowd_subject_5_unfocused,crowd,block_late,,0,0
exp_20260713T160910Z_43c4deac,5b5c5067,crowd_subject_5_unfocused,crowd,inline_early,,0,0
exp_20260713T160910Z_43c4deac,5b5c5067,crowd_subject_5_unfocused,crowd,inline_late,,0,0
exp_20260713T160910Z_43c4deac,5b5c5067,crowd_subject_5_unfocused,crowd,no_ads,,0,0
exp_20260721T194408Z_ef197dbb,f95f070a,crowd_subject_6,crowd,block_early,,0,0
exp_20260721T194408Z_ef197dbb,f95f070a,crowd_subject_6,crowd,block_late,,0,0
exp_20260721T194408Z_ef197dbb,f95f070a,crowd_subject_6,crowd,inline_early,,0,0
exp_20260721T194408Z_ef197dbb,f95f070a,crowd_subject_6,crowd,inline_late,,0,0
exp_20260721T194408Z_ef197dbb,f95f070a,crowd_subject_6,crowd,no_ads,,0,0
exp_20260721T201433Z_c7c22bc2,4805a32a,crowd_subject_7,crowd,block_early,,0,0
exp_20260721T201433Z_c7c22bc2,4805a32a,crowd_subject_7,crowd,block_late,,0,0
exp_20260721T201433Z_c7c22bc2,4805a32a,crowd_subject_7,crowd,inline_early,,0,0
exp_20260721T201433Z_c7c22bc2,4805a32a,crowd_subject_7,crowd,inline_late,,0,0
exp_20260721T201433Z_c7c22bc2,4805a32a,crowd_subject_7,crowd,no_ads,,0,0
exp_20260721T204719Z_55b729d8,b88ee9d1,crowd_subject_8,crowd,block_early,,0,0
exp_20260721T204719Z_55b729d8,b88ee9d1,crowd_subject_8,crowd,block_late,,0,0
exp_20260721T204719Z_55b729d8,b88ee9d1,crowd_subject_8,crowd,inline_early,,0,0
exp_20260721T204719Z_55b729d8,b88ee9d1,crowd_subject_8,crowd,inline_late,,0,0
exp_20260721T204719Z_55b729d8,b88ee9d1,crowd_subject_8,crowd,no_ads,,0,0
exp_20260721T212152Z_c3bfeb56,5557e55c,crowd_subject_9,crowd,block_early,,0,0
exp_20260721T212152Z_c3bfeb56,5557e55c,crowd_subject_9,crowd,block_late,,0,0
exp_20260721T212152Z_c3bfeb56,5557e55c,crowd_subject_9,crowd,inline_early,,0,0
exp_20260721T212152Z_c3bfeb56,5557e55c,crowd_subject_9,crowd,inline_late,,0,0
exp_20260721T212152Z_c3bfeb56,5557e55c,crowd_subject_9,crowd,no_ads,,0,0
exp_20260721T091553Z_7b92ec42,3568405d,lab_subject_1,lab,block_early,,0,0
exp_20260721T091553Z_7b92ec42,3568405d,lab_subject_1,lab,block_late,,0,0
exp_20260721T091553Z_7b92ec42,3568405d,lab_subject_1,lab,inline_early,,0,0
exp_20260721T091553Z_7b92ec42,3568405d,lab_subject_1,lab,inline_late,,0,0
exp_20260721T091553Z_7b92ec42,3568405d,lab_subject_1,lab,no_ads,,0,0
exp_20260728T091433Z_242026ac,83850ea0,lab_subject_10,lab,block_early,,0,0
exp_20260728T091433Z_242026ac,83850ea0,lab_subject_10,lab,block_late,,0,0
exp_20260728T091433Z_242026ac,83850ea0,lab_subject_10,lab,inline_early,,0,0
exp_20260728T091433Z_242026ac,83850ea0,lab_subject_10,lab,inline_late,,0,0
exp_20260728T091433Z_242026ac,83850ea0,lab_subject_10,lab,no_ads,,0,0
exp_20260728T164420Z_99421c58,df531b8b,lab_subject_11,lab,block_early,,0,0
exp_20260728T164420Z_99421c58,df531b8b,lab_subject_11,lab,block_late,,0,0
exp_20260728T164420Z_99421c58,df531b8b,lab_subject_11,lab,inline_early,,0,0
exp_20260728T164420Z_99421c58,df531b8b,lab_subject_11,lab,inline_late,,0,0
exp_20260728T164420Z_99421c58,df531b8b,lab_subject_11,lab,no_ads,,0,0
exp_20260728T142237Z_262a5eab,3a54a63f,lab_subject_12,lab,block_early,,0,0
exp_20260728T142237Z_262a5eab,3a54a63f,lab_subject_12,lab,block_late,,0,0
exp_20260728T142237Z_262a5eab,3a54a63f,lab_subject_12,lab,inline_early,,0,0
exp_20260728T142237Z_262a5eab,3a54a63f,lab_subject_12,lab,inline_late,,0,0
exp_20260728T142237Z_262a5eab,3a54a63f,lab_subject_12,lab,no_ads,,0,0
exp_20260729T085134Z_65b7fd8e,14a217fd,lab_subject_13,lab,block_early,,0,0
exp_20260729T085134Z_65b7fd8e,14a217fd,lab_subject_13,lab,block_late,,0,0
exp_20260729T085134Z_65b7fd8e,14a217fd,lab_subject_13,lab,inline_early,,0,0
exp_20260729T085134Z_65b7fd8e,14a217fd,lab_subject_13,lab,inline_late,,0,0
exp_20260729T085134Z_65b7fd8e,14a217fd,lab_subject_13,lab,no_ads,,0,0
exp_20260729T141534Z_a0790737,804139c0,lab_subject_14,lab,block_early,,0,0
exp_20260729T141534Z_a0790737,804139c0,lab_subject_14,lab,block_late,,0,0
exp_20260729T141534Z_a0790737,804139c0,lab_subject_14,lab,inline_early,,0,0
exp_20260729T141534Z_a0790737,804139c0,lab_subject_14,lab,inline_late,,0,0
exp_20260729T141534Z_a0790737,804139c0,lab_subject_14,lab,no_ads,,0,0
exp_20260730T074927Z_347e077f,d01ce181,lab_subject_15,lab,block_early,,0,0
exp_20260730T074927Z_347e077f,d01ce181,lab_subject_15,lab,block_late,,0,0
exp_20260730T074927Z_347e077f,d01ce181,lab_subject_15,lab,inline_early,,0,0
exp_20260730T074927Z_347e077f,d01ce181,lab_subject_15,lab,inline_late,,0,0
exp_20260730T074927Z_347e077f,d01ce181,lab_subject_15,lab,no_ads,,0,0
exp_20260730T110035Z_a5786cb8,67da526a,lab_subject_16,lab,block_early,,0,0
exp_20260730T110035Z_a5786cb8,67da526a,lab_subject_16,lab,block_late,,0,0
exp_20260730T110035Z_a5786cb8,67da526a,lab_subject_16,lab,inline_early,,0,0
exp_20260730T110035Z_a5786cb8,67da526a,lab_subject_16,lab,inline_late,,0,0
exp_20260730T110035Z_a5786cb8,67da526a,lab_subject_16,lab,no_ads,,0,0
exp_20260730T143127Z_9fcb5eb7,e3739fc8,lab_subject_17,lab,block_early,,0,0
exp_20260730T143127Z_9fcb5eb7,e3739fc8,lab_subject_17,lab,block_late,,0,0
exp_20260730T143127Z_9fcb5eb7,e3739fc8,lab_subject_17,lab,inline_early,,0,0
exp_20260730T143127Z_9fcb5eb7,e3739fc8,lab_subject_17,lab,inline_late,,0,0
exp_20260730T143127Z_9fcb5eb7,e3739fc8,lab_subject_17,lab,no_ads,,0,0
exp_20260731T134108Z_a4a5b76b,d14362ea,lab_subject_18,lab,block_early,,0,0
exp_20260731T134108Z_a4a5b76b,d14362ea,lab_subject_18,lab,block_late,,0,0
exp_20260731T134108Z_a4a5b76b,d14362ea,lab_subject_18,lab,inline_early,,0,0
exp_20260731T134108Z_a4a5b76b,d14362ea,lab_subject_18,lab,inline_late,,0,0
exp_20260731T134108Z_a4a5b76b,d14362ea,lab_subject_18,lab,no_ads,,0,0
exp_20260731T171043Z_61871403,d9dc61d8,lab_subject_19,lab,block_early,,0,0
exp_20260731T171043Z_61871403,d9dc61d8,lab_subject_19,lab,block_late,,0,0
exp_20260731T171043Z_61871403,d9dc61d8,lab_subject_19,lab,inline_early,,0,0
exp_20260731T171043Z_61871403,d9dc61d8,lab_subject_19,lab,inline_late,,0,0
exp_20260731T171043Z_61871403,d9dc61d8,lab_subject_19,lab,no_ads,,0,0
exp_20260721T134702Z_ab38d57a,bc557297,lab_subject_2,lab,block_early,,0,0
exp_20260721T134702Z_ab38d57a,bc557297,lab_subject_2,lab,block_late,,0,0
exp_20260721T134702Z_ab38d57a,bc557297,lab_subject_2,lab,inline_early,,0,0
exp_20260721T134702Z_ab38d57a,bc557297,lab_subject_2,lab,inline_late,,0,0
exp_20260721T134702Z_ab38d57a,bc557297,lab_subject_2,lab,no_ads,,0,0
exp_20260722T074803Z_c9a5b77e,e6ac40de,lab_subject_3,lab,block_early,,0,0
exp_20260722T074803Z_c9a5b77e,e6ac40de,lab_subject_3,lab,block_late,,0,0
exp_20260722T074803Z_c9a5b77e,e6ac40de,lab_subject_3,lab,inline_early,,0,0
exp_20260722T074803Z_c9a5b77e,e6ac40de,lab_subject_3,lab,inline_late,,0,0
exp_20260722T074803Z_c9a5b77e,e6ac40de,lab_subject_3,lab,no_ads,,0,0
exp_20260724T112220Z_6cc09f28,610774d7,lab_subject_5,lab,block_early,,0,0
exp_20260724T112220Z_6cc09f28,610774d7,lab_subject_5,lab,block_late,,0,0
exp_20260724T112220Z_6cc09f28,610774d7,lab_subject_5,lab,inline_early,,0,0
exp_20260724T112220Z_6cc09f28,610774d7,lab_subject_5,lab,inline_late,,0,0
exp_20260724T112220Z_6cc09f28,610774d7,lab_subject_5,lab,no_ads,,0,0
exp_20260724T141230Z_1be52b79,20b5325d,lab_subject_6,lab,block_early,,0,0
exp_20260724T141230Z_1be52b79,20b5325d,lab_subject_6,lab,block_late,,0,0
exp_20260724T141230Z_1be52b79,20b5325d,lab_subject_6,lab,inline_early,,0,0
exp_20260724T141230Z_1be52b79,20b5325d,lab_subject_6,lab,inline_late,,0,0
exp_20260724T141230Z_1be52b79,20b5325d,lab_subject_6,lab,no_ads,,0,0
exp_20260727T073257Z_58270880,43c97a81,lab_subject_7,lab,block_early,,0,0
exp_20260727T073257Z_58270880,43c97a81,lab_subject_7,lab,block_late,,0,0
exp_20260727T073257Z_58270880,43c97a81,lab_subject_7,lab,inline_early,,0,0
exp_20260727T073257Z_58270880,43c97a81,lab_subject_7,lab,inline_late,,0,0
exp_20260727T073257Z_58270880,43c97a81,lab_subject_7,lab,no_ads,,0,0
exp_20260727T120838Z_83e10f68,ed54747f,lab_subject_8,lab,block_early,,0,0
exp_20260727T120838Z_83e10f68,ed54747f,lab_subject_8,lab,block_late,,0,0
exp_20260727T120838Z_83e10f68,ed54747f,lab_subject_8,lab,inline_early,,0,0
exp_20260727T120838Z_83e10f68,ed54747f,lab_subject_8,lab,inline_late,,0,0
exp_20260727T120838Z_83e10f68,ed54747f,lab_subject_8,lab,no_ads,,0,0
exp_20260727T141010Z_f065c5c8,234130ff,lab_subject_9,lab,block_early,,0,0
exp_20260727T141010Z_f065c5c8,234130ff,lab_subject_9,lab,block_late,,0,0
exp_20260727T141010Z_f065c5c8,234130ff,lab_subject_9,lab,inline_early,,0,0
exp_20260727T141010Z_f065c5c8,234130ff,lab_subject_9,lab,inline_late,,0,0
exp_20260727T141010Z_f065c5c8,234130ff,lab_subject_9,lab,no_ads,,0,0
