coding,outcome,contrast,factor,level,reference,estimate,se,ci95_lo,ci95_hi,z,p_raw
katerina,trust,any_ad_vs_no_ads,sex,Female,Male,-0.18380952380952384,0.3505774896233957,-0.8709414034713794,0.5033223558523316,-0.5243049803539279,0.6000664334518349
katerina,trust,inline_vs_block,sex,Female,Male,-0.21666666666666665,0.3919575490895699,-0.9849034628822237,0.5515701295488904,-0.5527809508196361,0.5804134140209194
katerina,trust,early_vs_late,sex,Female,Male,0.24999999999999997,0.3919575490895699,-0.5182367962155571,1.018236796215557,0.637824174022657,0.5235881414687854
katerina,credibility,any_ad_vs_no_ads,sex,Female,Male,-0.09079365079365083,0.22985096627734086,-0.5413015446972389,0.35971424310993727,-0.3950109597716381,0.6928347996171369
katerina,credibility,inline_vs_block,sex,Female,Male,-0.18412698412698414,0.25698119264507296,-0.6878101217113272,0.3195561534573589,-0.7164998427775581,0.47368276455004554
katerina,credibility,early_vs_late,sex,Female,Male,-0.10634920634920661,0.25698119264507296,-0.6100323439335497,0.3973339312351364,-0.4138404264318664,0.6789909752585439
katerina,manipulation,any_ad_vs_no_ads,sex,Female,Male,-0.36857142857142844,0.4343989919414018,-1.219993452776576,0.4828505956337191,-0.848462900257252,0.39618022541556663
katerina,manipulation,inline_vs_block,sex,Female,Male,0.4095238095238095,0.4856728376691789,-0.5423949523077811,1.3614425713554001,0.8432092094941511,0.399111448691853
katerina,manipulation,early_vs_late,sex,Female,Male,0.2690476190476191,0.4856728376691789,-0.6828711427839715,1.2209663808792097,0.5539688411211575,0.5796001702745125
katerina,notice,any_ad_vs_no_ads,sex,Female,Male,-0.2890476190476189,0.4618865426916094,-1.1943452427231733,0.6162500046279356,-0.6257978796334169,0.5314475227941516
katerina,notice,inline_vs_block,sex,Female,Male,0.9416666666666665,0.5164048536753986,-0.07048684653711457,1.9538201798704478,1.8235046784796076,0.06822698913620816
katerina,notice,early_vs_late,sex,Female,Male,0.5178571428571429,0.5164048536753986,-0.4942963703466382,1.5300106560609241,1.0028123073813269,0.31595142951520994
katerina,recall_memory,inline_vs_block,sex,Female,Male,-0.1785714285714287,0.5234812291391079,-1.20459463768408,0.8474517805412226,-0.34112288775874294,0.7330110715663726
katerina,recall_memory,early_vs_late,sex,Female,Male,-0.2309523809523809,0.5234812291391079,-1.2569755900650321,0.7950708281602704,-0.44118560150130715,0.6590786361383101
katerina,trust,any_ad_vs_no_ads,education,High school,Bachelor's,0.69,0.47785462649370036,-0.24659506792765273,1.6265950679276526,1.4439537921039598,0.14875197372010665
katerina,trust,any_ad_vs_no_ads,education,Master's or PhD,Bachelor's,0.2352631578947369,0.3952671030820499,-0.5394603641460809,1.0099866799355546,0.5952004506833466,0.5517094890794039
katerina,trust,inline_vs_block,education,High school,Bachelor's,-0.22499999999999995,0.534257714101343,-1.2721451196386322,0.8221451196386323,-0.4211450655017025,0.673649155623812
katerina,trust,inline_vs_block,education,Master's or PhD,Bachelor's,-0.2776315789473684,0.44192205588044003,-1.1437988084730308,0.5885356505782942,-0.6282365300691857,0.529849003122779
katerina,trust,early_vs_late,education,High school,Bachelor's,0.2749999999999999,0.534257714101343,-0.7721451196386324,1.3221451196386322,0.5147328578354141,0.6067397093333983
katerina,trust,early_vs_late,education,Master's or PhD,Bachelor's,0.20657894736842097,0.44192205588044003,-0.6595882821572415,1.0727461768940834,0.46745561716048395,0.6401739389486436
katerina,credibility,any_ad_vs_no_ads,education,High school,Bachelor's,0.36333333333333323,0.29675036192181264,-0.21829737603341953,0.944964042700086,1.2243736822436084,0.22081129267644384
katerina,credibility,any_ad_vs_no_ads,education,Master's or PhD,Bachelor's,0.0973684210526315,0.2454630538079159,-0.3837391644108836,0.5784760065161466,0.3966724097257666,0.6916090483710637
katerina,credibility,inline_vs_block,education,High school,Bachelor's,0.17500000000000007,0.33177699080241907,-0.47528290197274137,0.8252829019727415,0.5274627380782312,0.5978722858717489
katerina,credibility,inline_vs_block,education,Master's or PhD,Bachelor's,0.1978070175438596,0.27443603713959425,-0.3400876152497451,0.7357016503374643,0.7207763951322594,0.4710471007514606
katerina,credibility,early_vs_late,education,High school,Bachelor's,0.3250000000000001,0.33177699080241907,-0.3252829019727413,0.9752829019727416,0.9795736564310007,0.32729661389830245
katerina,credibility,early_vs_late,education,Master's or PhD,Bachelor's,0.06535087719298258,0.27443603713959425,-0.4725437556006221,0.6032455099865873,0.23812789994391767,0.8117818960196774
katerina,manipulation,any_ad_vs_no_ads,education,High school,Bachelor's,-0.665,0.5947213815293807,-1.830653907797586,0.500653907797586,-1.1181706605030601,0.2634941124033855
katerina,manipulation,any_ad_vs_no_ads,education,Master's or PhD,Bachelor's,0.33342105263157884,0.4919357992679638,-0.6307731139336302,1.2976152191967878,0.6777735085101217,0.4979153103250068
katerina,manipulation,inline_vs_block,education,High school,Bachelor's,-0.6125,0.6649187183861416,-1.9157406880368375,0.6907406880368374,-0.921165223753409,0.356964171620207
katerina,manipulation,inline_vs_block,education,Master's or PhD,Bachelor's,0.28881578947368414,0.5500009438644292,-0.789186060500597,1.3668176394479654,0.525118716059649,0.5995006660782582
katerina,manipulation,early_vs_late,education,High school,Bachelor's,0.28750000000000014,0.6649187183861416,-1.0157406880368374,1.5907406880368375,0.43238367645568193,0.6654625800698559
katerina,manipulation,early_vs_late,education,Master's or PhD,Bachelor's,0.05197368421052638,0.5500009438644292,-1.0260281657637549,1.1299755341848075,0.09449744548681624,0.9247140115728244
katerina,notice,any_ad_vs_no_ads,education,High school,Bachelor's,0.2249999999999997,0.613233241907679,-0.9769371541390512,1.4269371541390505,0.3669077026875738,0.713687865655241
katerina,notice,any_ad_vs_no_ads,education,Master's or PhD,Bachelor's,-0.06342105263157938,0.507248258368924,-1.0576276390346702,0.9307855337715115,-0.12502961140864668,0.9005001077601513
katerina,notice,inline_vs_block,education,High school,Bachelor's,0.7124999999999997,0.6856156074840715,-0.6313065906687803,2.05630659066878,1.0392120485917509,0.2987061281637463
katerina,notice,inline_vs_block,education,Master's or PhD,Bachelor's,1.0756578947368418,0.5671207935906453,-0.03589886070082282,2.1872146501745062,1.8966997981619853,0.057867570372570135
katerina,notice,early_vs_late,education,High school,Bachelor's,-0.3625,0.6856156074840715,-1.70630659066878,0.9813065906687799,-0.5287219194589612,0.5969983692813019
katerina,notice,early_vs_late,education,Master's or PhD,Bachelor's,-0.37302631578947365,0.5671207935906453,-1.4845830712271382,0.738530439648191,-0.6577546089038813,0.5106958258128074
katerina,recall_memory,inline_vs_block,education,High school,Bachelor's,-0.6500000000000002,0.712525656820269,-2.0465502873677277,0.7465502873677271,-0.9122478520993939,0.3616382589756446
katerina,recall_memory,inline_vs_block,education,Master's or PhD,Bachelor's,-0.3289473684210528,0.5893799842632588,-1.48413213757704,0.8262374007349342,-0.5581244311040628,0.5767594187705807
katerina,recall_memory,early_vs_late,education,High school,Bachelor's,-1.45,0.712525656820269,-2.8465502873677275,-0.053449712632272606,-2.035014439298647,0.04184942011899284
katerina,recall_memory,early_vs_late,education,Master's or PhD,Bachelor's,-0.95,0.5893799842632588,-2.1051847691559873,0.20518476915598716,-1.6118633570285326,0.10699167750480207
katerina,trust,any_ad_vs_no_ads,familiarity,Less than familiar,Familiar,-0.14047619047619045,0.39779183048539835,-0.9201481782275711,0.6391957972751903,-0.3531399584168858,0.7239835177398618
katerina,trust,inline_vs_block,familiarity,Less than familiar,Familiar,-0.4583333333333333,0.4447447869297119,-1.3300331157155687,0.413366449048902,-1.0305535821958245,0.30275021294091775
katerina,trust,early_vs_late,familiarity,Less than familiar,Familiar,-0.017857142857142887,0.4447447869297119,-0.8895569252393782,0.8538426395250924,-0.04015143826736985,0.9679723930305729
katerina,credibility,any_ad_vs_no_ads,familiarity,Less than familiar,Familiar,-0.23412698412698402,0.25998031388817544,-0.7436883993478078,0.27543443109383986,-0.9005565868640668,0.36782412577402945
katerina,credibility,inline_vs_block,familiarity,Less than familiar,Familiar,-0.2916666666666667,0.2906668273328465,-0.8613736482390457,0.2780403149057124,-1.0034398123205002,0.3156487031708024
katerina,credibility,early_vs_late,familiarity,Less than familiar,Familiar,0.12103174603174595,0.2906668273328465,-0.44867523554063315,0.690738727604125,0.416393391507146,0.677122163404395
katerina,manipulation,any_ad_vs_no_ads,familiarity,Less than familiar,Familiar,-0.09642857142857153,0.5046150460833229,-1.0854740617518843,0.8926169188947413,-0.19109333377397766,0.8484524702803723
katerina,manipulation,inline_vs_block,familiarity,Less than familiar,Familiar,0.8184523809523808,0.5641767727557494,-0.28733409364888807,1.9242388555536496,1.4507020148217191,0.14686285418959608
katerina,manipulation,early_vs_late,familiarity,Less than familiar,Familiar,-0.07440476190476186,0.5641767727557494,-1.1801912365060307,1.031381712696507,-0.13188200134742895,0.8950776251123775
katerina,notice,any_ad_vs_no_ads,familiarity,Less than familiar,Familiar,-0.1833333333333335,0.5302334198675028,-1.222590836273639,0.855924169606972,-0.3457596719934131,0.7295233350124544
katerina,notice,inline_vs_block,familiarity,Less than familiar,Familiar,0.5119047619047618,0.592818985382962,-0.6500204494458436,1.673829973255367,0.86350939245657,0.3878574575792604
katerina,notice,early_vs_late,familiarity,Less than familiar,Familiar,-0.5476190476190476,0.592818985382962,-1.709544258969653,0.6143061637315578,-0.9237542337907495,0.35561428823445007
katerina,recall_memory,inline_vs_block,familiarity,Less than familiar,Familiar,0.20833333333333323,0.5948592034628664,-0.9575907054538848,1.3742573721205513,0.35022293026746165,0.7261713993152072
katerina,recall_memory,early_vs_late,familiarity,Less than familiar,Familiar,1.1964285714285714,0.5948592034628664,0.030504532641353332,2.3623526102157895,2.011280256678852,0.0442958626995574
katerina,trust,any_ad_vs_no_ads,frequency,> 5 per day,1–5 per day,-0.5743421052631579,0.41114832781789556,-1.3801928277862332,0.23150861725991745,-1.396921904830277,0.162437056706361
katerina,trust,any_ad_vs_no_ads,frequency,1–5 per week,1–5 per day,-0.22017543859649122,0.4468016017147827,-1.0959065779574653,0.6555557007644829,-0.492781220459995,0.6221671813871898
katerina,trust,any_ad_vs_no_ads,frequency,Monthly or less,1–5 per day,0.06315789473684205,0.5357499650840787,-0.986912036827952,1.1132278263016362,0.11788688539985304,0.906157284719344
katerina,trust,inline_vs_block,frequency,> 5 per day,1–5 per day,-0.29769736842105254,0.4596778049180911,-1.1986658660605112,0.6032711292184061,-0.6476218021318182,0.5172295924673835
katerina,trust,inline_vs_block,frequency,1–5 per week,1–5 per day,-1.1206140350877192,0.49953937694502043,-2.099711213899959,-0.14151685627547916,-2.2432946966882543,0.024877817138972802
katerina,trust,inline_vs_block,frequency,Monthly or less,1–5 per day,-0.7218045112781954,0.5989866704355693,-1.8958183853319113,0.4522093627755204,-1.205042694444796,0.22818682038476634
katerina,trust,early_vs_late,frequency,> 5 per day,1–5 per day,-0.21546052631578952,0.4596778049180911,-1.1164290239552481,0.6855079713236691,-0.4687207518191615,0.6392692518232834
katerina,trust,early_vs_late,frequency,1–5 per week,1–5 per day,-0.05921052631578951,0.49953937694502043,-1.0383077051280296,0.9198866524964505,-0.1185302481616104,0.9056475294565998
katerina,trust,early_vs_late,frequency,Monthly or less,1–5 per day,-0.3984962406015038,0.5989866704355693,-1.5725101146552196,0.775517633452212,-0.6652839875580645,0.505868870251799
katerina,credibility,any_ad_vs_no_ads,frequency,> 5 per day,1–5 per day,0.06315789473684214,0.2719287873434464,-0.4698225284563127,0.596138317929997,0.23225895041805059,0.8163368935082006
katerina,credibility,any_ad_vs_no_ads,frequency,1–5 per week,1–5 per day,0.09093567251462005,0.29550945368607695,-0.4882628567100908,0.6701342017393309,0.3077250875744302,0.7582915283291745
katerina,credibility,any_ad_vs_no_ads,frequency,Monthly or less,1–5 per day,0.34887218045112794,0.35433888080686526,-0.345632025930328,1.0433763868325838,0.9845721125965937,0.32483429355839344
katerina,credibility,inline_vs_block,frequency,> 5 per day,1–5 per day,-0.05592105263157904,0.3040256267695153,-0.6518112810998289,0.5399691758366709,-0.1839353255374532,0.8540641917996846
katerina,credibility,inline_vs_block,frequency,1–5 per week,1–5 per day,-0.3267543859649123,0.3303896132179469,-0.9743180278720882,0.32080925594226367,-0.9889971503110282,0.3226645359221316
katerina,credibility,inline_vs_block,frequency,Monthly or less,1–5 per day,-0.0827067669172932,0.39616291227767314,-0.8591860749815325,0.6937725411469462,-0.2087695853248461,0.8346281155364598
katerina,credibility,early_vs_late,frequency,> 5 per day,1–5 per day,-0.3936403508771933,0.3040256267695153,-0.9895305793454432,0.20224987759105661,-1.294760428783248,0.19540288668733996
katerina,credibility,early_vs_late,frequency,1–5 per week,1–5 per day,0.029970760233918026,0.3303896132179469,-0.617592881673258,0.677534402141094,0.0907133851515705,0.9277203346718603
katerina,credibility,early_vs_late,frequency,Monthly or less,1–5 per day,-0.07518796992481226,0.39616291227767314,-0.8516672779890516,0.7012913381394271,-0.1897905321134971,0.8494732753329837
katerina,manipulation,any_ad_vs_no_ads,frequency,> 5 per day,1–5 per day,0.2973684210526316,0.5220480237680721,-0.7258457055327897,1.320582547638053,0.569618900012812,0.5689362067057333
katerina,manipulation,any_ad_vs_no_ads,frequency,1–5 per week,1–5 per day,-0.6776315789473685,0.5673181122481002,-1.789575078953645,0.43431192105890803,-1.1944472850727985,0.2323030496260834
katerina,manipulation,any_ad_vs_no_ads,frequency,Monthly or less,1–5 per day,-0.5669172932330826,0.6802586599107732,-1.9002242666581979,0.7663896801920327,-0.8333848970146781,0.4046276897236939
katerina,manipulation,inline_vs_block,frequency,> 5 per day,1–5 per day,0.06249999999999991,0.5836674343324175,-1.0814881712915383,1.2064881712915383,0.10708152677986166,0.914724302387934
katerina,manipulation,inline_vs_block,frequency,1–5 per week,1–5 per day,-0.02083333333333342,0.6342809319268041,-1.2640239599098695,1.2223572932432025,-0.032845592993070744,0.9737977198590926
katerina,manipulation,inline_vs_block,frequency,Monthly or less,1–5 per day,0.9285714285714286,0.7605523029216998,-0.562111085155103,2.41925394229796,1.2209172531649366,0.2221173513053165
katerina,manipulation,early_vs_late,frequency,> 5 per day,1–5 per day,0.35361842105263164,0.5836674343324175,-0.7903697502389067,1.49760659234417,0.6058560067807972,0.5446103749819384
katerina,manipulation,early_vs_late,frequency,1–5 per week,1–5 per day,1.0098684210526316,0.6342809319268041,-0.23332220552390437,2.2530590476291676,1.5921469024535806,0.11135170056089749
katerina,manipulation,early_vs_late,frequency,Monthly or less,1–5 per day,-0.40977443609022557,0.7605523029216998,-1.9004569498167572,1.080908077636306,-0.5387853465383728,0.5900349757624067
katerina,notice,any_ad_vs_no_ads,frequency,> 5 per day,1–5 per day,0.45756578947368437,0.544589312489763,-0.6098292630062512,1.52496084195362,0.8402033954389905,0.40079435495828486
katerina,notice,any_ad_vs_no_ads,frequency,1–5 per week,1–5 per day,0.042982456140350817,0.5918140987914962,-1.1169731774909815,1.2029380897716833,0.07262830714598115,0.9421019003541662
katerina,notice,any_ad_vs_no_ads,frequency,Monthly or less,1–5 per day,-0.45939849624060125,0.7096312581399576,-1.8502757621949182,0.9314787697137157,-0.6473763535230236,0.5173883961455041
katerina,notice,inline_vs_block,frequency,> 5 per day,1–5 per day,0.12088815789473664,0.6088693612734928,-1.072495790201309,1.3142721059907825,0.19854531297467592,0.842618435701269
katerina,notice,inline_vs_block,frequency,1–5 per week,1–5 per day,-0.10307017543859669,0.6616682774702808,-1.3999399992803472,1.1937996484031537,-0.1557731856704074,0.8762118073146031
katerina,notice,inline_vs_block,frequency,Monthly or less,1–5 per day,1.4981203007518795,0.7933918660798231,-0.056927756764573845,3.0531683582683327,1.8882476173522476,0.05899271598006543
katerina,notice,early_vs_late,frequency,> 5 per day,1–5 per day,1.160361842105263,0.6088693612734928,-0.0330221059907827,2.353745790201309,1.9057648748793752,0.0566807180347395
katerina,notice,early_vs_late,frequency,1–5 per week,1–5 per day,0.5614035087719297,0.6616682774702808,-0.7354663150698207,1.8582733326136802,0.848466713438813,0.3961781026361424
katerina,notice,early_vs_late,frequency,Monthly or less,1–5 per day,-0.49812030075187985,0.7933918660798231,-2.053168358268333,1.0569277567645736,-0.6278364097846246,0.5301111117309432
katerina,recall_memory,inline_vs_block,frequency,> 5 per day,1–5 per day,0.4374999999999998,0.6142416310063624,-0.7664135967724706,1.6414135967724701,0.7122604166103291,0.4763035307506066
katerina,recall_memory,inline_vs_block,frequency,1–5 per week,1–5 per day,-1.8666387117324058e-16,0.6675064107158406,-1.3083125650030478,1.3083125650030474,-2.796435632326892e-16,0.9999999999999998
katerina,recall_memory,inline_vs_block,frequency,Monthly or less,1–5 per day,-0.6428571428571429,0.8003922431385909,-2.211625939408781,0.9259116536944952,-0.8031776274296424,0.4218720747148935
katerina,recall_memory,early_vs_late,frequency,> 5 per day,1–5 per day,1.5855263157894737,0.6142416310063624,0.38161271901700333,2.789439912561944,2.5812745925276603,0.009843625048552221
katerina,recall_memory,early_vs_late,frequency,1–5 per week,1–5 per day,1.2105263157894737,0.6675064107158406,-0.09778624921357393,2.5188388807925213,1.8135051534430853,0.06975394449240939
katerina,recall_memory,early_vs_late,frequency,Monthly or less,1–5 per day,1.2819548872180448,0.8003922431385909,-0.2868139093335933,2.850723683769683,1.6016583096696373,0.10923118900067393
katerina,trust,any_ad_vs_no_ads,arm,Laboratory,Crowd,-0.03888888888888884,0.3506099412685967,-0.7260843737753383,0.6483065959975606,-0.11091781581600016,0.9116815177978099
katerina,trust,inline_vs_block,arm,Laboratory,Crowd,-0.09722222222222221,0.3919938311318955,-0.8655301312407374,0.671085686796293,-0.24801977608037795,0.804119105662351
katerina,trust,early_vs_late,arm,Laboratory,Crowd,-0.4583333333333333,0.3919938311318955,-1.2266412423518485,0.3099745756851819,-1.1692360872360676,0.2423085254224414
katerina,credibility,any_ad_vs_no_ads,arm,Laboratory,Crowd,-0.2203703703703703,0.2278920771998397,-0.6670388416820561,0.2262981009413155,-0.9669944347259006,0.33354681578301715
katerina,credibility,inline_vs_block,arm,Laboratory,Crowd,-0.09722222222222236,0.2547910880762358,-0.5966127548516444,0.40216831040719975,-0.38157622763137067,0.7027757199749065
katerina,credibility,early_vs_late,arm,Laboratory,Crowd,-0.4768518518518519,0.2547910880762358,-0.976242384481274,0.022538680777570208,-1.8715405450491014,0.0612701955062395
katerina,manipulation,any_ad_vs_no_ads,arm,Laboratory,Crowd,0.35833333333333317,0.44509835333403475,-0.5140594392013749,1.2307261058680412,0.80506551113752,0.4207818767311551
katerina,manipulation,inline_vs_block,arm,Laboratory,Crowd,-0.576388888888889,0.497635087364061,-1.5517536601224484,0.3989758823446705,-1.158256126877993,0.24675952970401271
katerina,manipulation,early_vs_late,arm,Laboratory,Crowd,-0.15972222222222218,0.497635087364061,-1.1350869934557817,0.8156425490113373,-0.32096254118305817,0.7482387780455668
katerina,notice,any_ad_vs_no_ads,arm,Laboratory,Crowd,0.11111111111111084,0.4693709444235642,-0.808855939959075,1.0310781621812968,0.2367234538720046,0.8128713384831248
katerina,notice,inline_vs_block,arm,Laboratory,Crowd,0.1388888888888888,0.5247726691971827,-0.8896655427375892,1.167443320515367,0.2646648673631696,0.7912676443714708
katerina,notice,early_vs_late,arm,Laboratory,Crowd,0.06944444444444446,0.5247726691971827,-0.9591099871820337,1.0979988760709225,0.1323324336815849,0.8947213545871116
katerina,recall_memory,inline_vs_block,arm,Laboratory,Crowd,-0.0277777777777779,0.5288361765503318,-1.064296683816428,1.0087411282608723,-0.052526243493733756,0.9581093849093525
katerina,recall_memory,early_vs_late,arm,Laboratory,Crowd,0.6666666666666666,0.5288361765503318,-0.3698522393719835,1.703185572705317,1.2606298438496044,0.2074422410559874
collapsed,trust,any_ad_vs_no_ads,sex,Female,Male,-0.18380952380952384,0.3505774896233957,-0.8709414034713794,0.5033223558523316,-0.5243049803539279,0.6000664334518349
collapsed,trust,inline_vs_block,sex,Female,Male,-0.21666666666666665,0.3919575490895699,-0.9849034628822237,0.5515701295488904,-0.5527809508196361,0.5804134140209194
collapsed,trust,early_vs_late,sex,Female,Male,0.24999999999999997,0.3919575490895699,-0.5182367962155571,1.018236796215557,0.637824174022657,0.5235881414687854
collapsed,credibility,any_ad_vs_no_ads,sex,Female,Male,-0.09079365079365083,0.22985096627734086,-0.5413015446972389,0.35971424310993727,-0.3950109597716381,0.6928347996171369
collapsed,credibility,inline_vs_block,sex,Female,Male,-0.18412698412698414,0.25698119264507296,-0.6878101217113272,0.3195561534573589,-0.7164998427775581,0.47368276455004554
collapsed,credibility,early_vs_late,sex,Female,Male,-0.10634920634920661,0.25698119264507296,-0.6100323439335497,0.3973339312351364,-0.4138404264318664,0.6789909752585439
collapsed,manipulation,any_ad_vs_no_ads,sex,Female,Male,-0.36857142857142844,0.4343989919414018,-1.219993452776576,0.4828505956337191,-0.848462900257252,0.39618022541556663
collapsed,manipulation,inline_vs_block,sex,Female,Male,0.4095238095238095,0.4856728376691789,-0.5423949523077811,1.3614425713554001,0.8432092094941511,0.399111448691853
collapsed,manipulation,early_vs_late,sex,Female,Male,0.2690476190476191,0.4856728376691789,-0.6828711427839715,1.2209663808792097,0.5539688411211575,0.5796001702745125
collapsed,notice,any_ad_vs_no_ads,sex,Female,Male,-0.2890476190476189,0.4618865426916094,-1.1943452427231733,0.6162500046279356,-0.6257978796334169,0.5314475227941516
collapsed,notice,inline_vs_block,sex,Female,Male,0.9416666666666665,0.5164048536753986,-0.07048684653711457,1.9538201798704478,1.8235046784796076,0.06822698913620816
collapsed,notice,early_vs_late,sex,Female,Male,0.5178571428571429,0.5164048536753986,-0.4942963703466382,1.5300106560609241,1.0028123073813269,0.31595142951520994
collapsed,recall_memory,inline_vs_block,sex,Female,Male,-0.1785714285714287,0.5234812291391079,-1.20459463768408,0.8474517805412226,-0.34112288775874294,0.7330110715663726
collapsed,recall_memory,early_vs_late,sex,Female,Male,-0.2309523809523809,0.5234812291391079,-1.2569755900650321,0.7950708281602704,-0.44118560150130715,0.6590786361383101
collapsed,trust,any_ad_vs_no_ads,education,Graduate degree,Bachelor's or less,0.005263157894736895,0.3613016440223785,-0.702888064389125,0.7134143801785987,0.014567212692812718,0.9883774569576719
collapsed,trust,inline_vs_block,education,Graduate degree,Bachelor's or less,-0.2026315789473684,0.40394751820823444,-0.9943687146355079,0.5891055567407711,-0.5016284784869308,0.6159288830389856
collapsed,trust,early_vs_late,education,Graduate degree,Bachelor's or less,0.11491228070175437,0.40394751820823444,-0.6768248549863851,0.9066494163898939,0.28447329299475294,0.776047698054447
collapsed,credibility,any_ad_vs_no_ads,education,Graduate degree,Bachelor's or less,-0.023742690058479555,0.22449435494964395,-0.4637516257597817,0.41626624564282255,-0.10576074424590876,0.9157721836041266
collapsed,credibility,inline_vs_block,education,Graduate degree,Bachelor's or less,0.13947368421052625,0.25099231911618514,-0.35247126125719663,0.6314186296782491,0.5556890533608857,0.5784234411513203
collapsed,credibility,early_vs_late,education,Graduate degree,Bachelor's or less,-0.04298245614035079,0.25099231911618514,-0.5349274016080736,0.4489624893273721,-0.17125008562693933,0.8640271264847907
collapsed,manipulation,any_ad_vs_no_ads,education,Graduate degree,Bachelor's or less,0.5550877192982455,0.4493777755590753,-0.3256927207975421,1.4358681593940332,1.2352362521881626,0.21674259092904036
collapsed,manipulation,inline_vs_block,education,Graduate degree,Bachelor's or less,0.49298245614035086,0.5024196268638681,-0.49176001251283064,1.4777249247935322,0.9812165564024149,0.32648596130408647
collapsed,manipulation,early_vs_late,education,Graduate degree,Bachelor's or less,-0.04385964912280699,0.5024196268638681,-1.0286021177759885,0.9408828195303744,-0.08729684665501906,0.9304355604583084
collapsed,notice,any_ad_vs_no_ads,education,Graduate degree,Bachelor's or less,-0.13842105263157928,0.4623946295479061,-1.0447145265454751,0.7678724212823167,-0.29935696434648634,0.7646676948282127
collapsed,notice,inline_vs_block,education,Graduate degree,Bachelor's or less,0.838157894736842,0.5169729120499754,-0.17510901288110992,1.851424802354794,1.6212801003697808,0.10495758079633193
collapsed,notice,early_vs_late,education,Graduate degree,Bachelor's or less,-0.2521929824561404,0.5169729120499754,-1.2654598900740923,0.7610739251618115,-0.48782629916934817,0.6256728815605266
collapsed,recall_memory,inline_vs_block,education,Graduate degree,Bachelor's or less,-0.11228070175438605,0.5449856354756346,-1.1804525472866298,0.9558911437778577,-0.2060250664338949,0.8367713311273404
collapsed,recall_memory,early_vs_late,education,Graduate degree,Bachelor's or less,-0.4666666666666667,0.5449856354756346,-1.5348385121989105,0.6015051788655771,-0.856291682365875,0.391836460857273
collapsed,trust,any_ad_vs_no_ads,familiarity,Other,Familiar,-0.14047619047619045,0.39779183048539835,-0.9201481782275711,0.6391957972751903,-0.3531399584168858,0.7239835177398618
collapsed,trust,inline_vs_block,familiarity,Other,Familiar,-0.4583333333333333,0.4447447869297119,-1.3300331157155687,0.413366449048902,-1.0305535821958245,0.30275021294091775
collapsed,trust,early_vs_late,familiarity,Other,Familiar,-0.017857142857142887,0.4447447869297119,-0.8895569252393782,0.8538426395250924,-0.04015143826736985,0.9679723930305729
collapsed,credibility,any_ad_vs_no_ads,familiarity,Other,Familiar,-0.23412698412698402,0.25998031388817544,-0.7436883993478078,0.27543443109383986,-0.9005565868640668,0.36782412577402945
collapsed,credibility,inline_vs_block,familiarity,Other,Familiar,-0.2916666666666667,0.2906668273328465,-0.8613736482390457,0.2780403149057124,-1.0034398123205002,0.3156487031708024
collapsed,credibility,early_vs_late,familiarity,Other,Familiar,0.12103174603174595,0.2906668273328465,-0.44867523554063315,0.690738727604125,0.416393391507146,0.677122163404395
collapsed,manipulation,any_ad_vs_no_ads,familiarity,Other,Familiar,-0.09642857142857153,0.5046150460833229,-1.0854740617518843,0.8926169188947413,-0.19109333377397766,0.8484524702803723
collapsed,manipulation,inline_vs_block,familiarity,Other,Familiar,0.8184523809523808,0.5641767727557494,-0.28733409364888807,1.9242388555536496,1.4507020148217191,0.14686285418959608
collapsed,manipulation,early_vs_late,familiarity,Other,Familiar,-0.07440476190476186,0.5641767727557494,-1.1801912365060307,1.031381712696507,-0.13188200134742895,0.8950776251123775
collapsed,notice,any_ad_vs_no_ads,familiarity,Other,Familiar,-0.1833333333333335,0.5302334198675028,-1.222590836273639,0.855924169606972,-0.3457596719934131,0.7295233350124544
collapsed,notice,inline_vs_block,familiarity,Other,Familiar,0.5119047619047618,0.592818985382962,-0.6500204494458436,1.673829973255367,0.86350939245657,0.3878574575792604
collapsed,notice,early_vs_late,familiarity,Other,Familiar,-0.5476190476190476,0.592818985382962,-1.709544258969653,0.6143061637315578,-0.9237542337907495,0.35561428823445007
collapsed,recall_memory,inline_vs_block,familiarity,Other,Familiar,0.20833333333333323,0.5948592034628664,-0.9575907054538848,1.3742573721205513,0.35022293026746165,0.7261713993152072
collapsed,recall_memory,early_vs_late,familiarity,Other,Familiar,1.1964285714285714,0.5948592034628664,0.030504532641353332,2.3623526102157895,2.011280256678852,0.0442958626995574
collapsed,trust,any_ad_vs_no_ads,frequency,Less,Daily,0.1467669172932331,0.34322511955068025,-0.5259543170261002,0.8194881516125664,0.4276112351140478,0.6689341848282802
collapsed,trust,inline_vs_block,frequency,Less,Daily,-0.837593984962406,0.3837373494504065,-1.5897191898852028,-0.08546878003960934,-2.182727290325059,0.029055898957388256
collapsed,trust,early_vs_late,frequency,Less,Daily,-0.0857142857142857,0.3837373494504065,-0.8378394906370824,0.6664109192085109,-0.22336706561674746,0.8232498346398232
collapsed,credibility,any_ad_vs_no_ads,frequency,Less,Daily,0.1570927318295741,0.22652256820168032,-0.2868915018457193,0.6010769655048676,0.693497045688222,0.4879976791979628
collapsed,credibility,inline_vs_block,frequency,Less,Daily,-0.2112781954887218,0.25325993046839473,-0.7076676592067754,0.28511126822933186,-0.8342345948605873,0.4041488001178588
collapsed,credibility,early_vs_late,frequency,Less,Daily,0.17117794486215537,0.25325993046839473,-0.3252115188558983,0.667567408580209,0.6758982541990286,0.49910524623154195
collapsed,manipulation,any_ad_vs_no_ads,frequency,Less,Daily,-0.772781954887218,0.43747165007353933,-1.630226389031355,0.08466247925691905,-1.7664732211957341,0.07731649035598356
collapsed,manipulation,inline_vs_block,frequency,Less,Daily,0.3003759398496241,0.4891081738967174,-0.658276080987942,1.2590279606871901,0.6141298712236467,0.5391295104604688
collapsed,manipulation,early_vs_late,frequency,Less,Daily,0.325187969924812,0.4891081738967174,-0.633464050912754,1.283839990762378,0.6648589970068265,0.5061406835792448
collapsed,notice,any_ad_vs_no_ads,frequency,Less,Daily,-0.35127819548872186,0.46155681376825247,-1.2559295504744967,0.553373159497053,-0.76107249424141,0.44661376832871114
collapsed,notice,inline_vs_block,frequency,Less,Daily,0.43157894736842106,0.5160362055320117,-0.5798520154743219,1.443009910211164,0.8363346267990659,0.40296667832339805
collapsed,notice,early_vs_late,frequency,Less,Daily,-0.3593984962406015,0.5160362055320117,-1.3708294590833443,0.6520324666021414,-0.6964598460103719,0.48614089546704387
collapsed,recall_memory,inline_vs_block,frequency,Less,Daily,-0.4368421052631578,0.5219164911027062,-1.4597984278244618,0.5861142172981463,-0.8369961722040952,0.40259471964548565
collapsed,recall_memory,early_vs_late,frequency,Less,Daily,0.51203007518797,0.5219164911027062,-0.5109262473733341,1.534986397749274,0.9810574755094474,0.3265643991515337
collapsed,trust,any_ad_vs_no_ads,arm,Laboratory,Crowd,-0.03888888888888884,0.3506099412685967,-0.7260843737753383,0.6483065959975606,-0.11091781581600016,0.9116815177978099
collapsed,trust,inline_vs_block,arm,Laboratory,Crowd,-0.09722222222222221,0.3919938311318955,-0.8655301312407374,0.671085686796293,-0.24801977608037795,0.804119105662351
collapsed,trust,early_vs_late,arm,Laboratory,Crowd,-0.4583333333333333,0.3919938311318955,-1.2266412423518485,0.3099745756851819,-1.1692360872360676,0.2423085254224414
collapsed,credibility,any_ad_vs_no_ads,arm,Laboratory,Crowd,-0.2203703703703703,0.2278920771998397,-0.6670388416820561,0.2262981009413155,-0.9669944347259006,0.33354681578301715
collapsed,credibility,inline_vs_block,arm,Laboratory,Crowd,-0.09722222222222236,0.2547910880762358,-0.5966127548516444,0.40216831040719975,-0.38157622763137067,0.7027757199749065
collapsed,credibility,early_vs_late,arm,Laboratory,Crowd,-0.4768518518518519,0.2547910880762358,-0.976242384481274,0.022538680777570208,-1.8715405450491014,0.0612701955062395
collapsed,manipulation,any_ad_vs_no_ads,arm,Laboratory,Crowd,0.35833333333333317,0.44509835333403475,-0.5140594392013749,1.2307261058680412,0.80506551113752,0.4207818767311551
collapsed,manipulation,inline_vs_block,arm,Laboratory,Crowd,-0.576388888888889,0.497635087364061,-1.5517536601224484,0.3989758823446705,-1.158256126877993,0.24675952970401271
collapsed,manipulation,early_vs_late,arm,Laboratory,Crowd,-0.15972222222222218,0.497635087364061,-1.1350869934557817,0.8156425490113373,-0.32096254118305817,0.7482387780455668
collapsed,notice,any_ad_vs_no_ads,arm,Laboratory,Crowd,0.11111111111111084,0.4693709444235642,-0.808855939959075,1.0310781621812968,0.2367234538720046,0.8128713384831248
collapsed,notice,inline_vs_block,arm,Laboratory,Crowd,0.1388888888888888,0.5247726691971827,-0.8896655427375892,1.167443320515367,0.2646648673631696,0.7912676443714708
collapsed,notice,early_vs_late,arm,Laboratory,Crowd,0.06944444444444446,0.5247726691971827,-0.9591099871820337,1.0979988760709225,0.1323324336815849,0.8947213545871116
collapsed,recall_memory,inline_vs_block,arm,Laboratory,Crowd,-0.0277777777777779,0.5288361765503318,-1.064296683816428,1.0087411282608723,-0.052526243493733756,0.9581093849093525
collapsed,recall_memory,early_vs_late,arm,Laboratory,Crowd,0.6666666666666666,0.5288361765503318,-0.3698522393719835,1.703185572705317,1.2606298438496044,0.2074422410559874
