tier,outcome,block,test,test_label,n,effect,effect_name,mean,sd,ci95_lo,ci95_hi,dz,kendall_w,rank_biserial,rho,stat,p_raw,p_wilcoxon,p_holm_family,p_bh_global,sig_raw,sig_holm_family,sig_bh_global,n_tests_in_family,n_tests_global,family
item_pair,notice_sponsored,friedman,friedman_5,friedman 5,54,0.3371603520857253,Kendall W,,,,,,0.3371603520857253,,,72.82663605051667,5.740148652346111e-15,,1.1480297304692222e-14,1.0073960884867426e-11,True,True,True,2,1755,notice_sponsored|friedman
primary,notice,friedman,friedman_5,friedman 5,54,0.3090230919178287,Kendall W,,,,,,0.3090230919178287,,,66.748987854251,1.1012293157318083e-13,,2.2024586314636166e-13,9.663287245546618e-11,True,True,True,2,1755,notice|friedman
item_pair,notice_sponsored,planned_D,any_ad_vs_no_ads,any ad − no ad,54,2.662037037037037,mean D,2.662037037037037,2.136363847561649,2.092221336500819,3.2318527375732553,1.2460597664931319,,,,9.156631850759185,1.6695737890577175e-12,1.3354825999444697e-08,6.67829515623087e-12,9.767006665987647e-10,True,True,True,4,1755,notice_sponsored|planned_D
primary,notice,planned_D,any_ad_vs_no_ads,any ad − no ad,54,2.074074074074074,mean D,2.074074074074074,2.0482848494772847,1.527750999128414,2.620397149019734,1.0125906436320957,,,,7.440991185645104,8.80447428151036e-10,6.613989712627883e-08,3.521789712604144e-09,3.8629630910126704e-07,True,True,True,4,1755,notice|planned_D
item_pair,notice_sponsored,pairwise,no_ads - block_late,no ad − explicit late,54,-3.4074074074074074,mean diff,-3.4074074074074074,2.5142500927713414,,,-1.3552380557542627,,0.978743961352657,,11.0,7.724915977830853e-09,,7.724915977830853e-08,2.4291843822019787e-06,True,True,True,10,1755,notice_sponsored|pairwise
item_pair,notice_sponsored,pairwise,no_ads - block_early,no ad − explicit early,54,-3.814814814814815,mean diff,-3.814814814814815,2.7201142739180293,,,-1.4024465263806687,,0.950354609929078,,28.0,8.304903870775995e-09,,7.724915977830853e-08,2.4291843822019787e-06,True,True,True,10,1755,notice_sponsored|pairwise
primary,notice,pairwise,no_ads - block_early,no ad − explicit early,54,-2.8055555555555554,mean diff,-2.8055555555555554,2.3720396976113247,,,-1.182760793750959,,0.8962264150943396,,71.5,1.7871398133054602e-08,,1.78713981330546e-07,4.480614817644403e-06,True,True,True,10,1755,notice|pairwise
primary,manipulation,pairwise,no_ads - block_early,no ad − explicit early,54,-1.9166666666666667,mean diff,-1.9166666666666667,1.9708967406396896,,,-0.9724845686459345,,0.8847517730496454,,65.0,1.2023050043215631e-07,,1.2023050043215632e-06,2.6375566032304294e-05,True,True,True,10,1755,manipulation|pairwise
primary,notice,pairwise,no_ads - block_late,no ad − explicit late,54,-2.490740740740741,mean diff,-2.490740740740741,2.509398824383703,,,-0.9925647197003272,,0.8257918552036199,,115.5,2.760311216784896e-07,,2.4842800951064064e-06,5.341309180124155e-05,True,True,True,10,1755,notice|pairwise
item_pair,notice_sponsored,friedman,friedman_4ad,friedman 4ad,54,0.20442286947141303,Kendall W,,,,,,0.20442286947141303,,,33.11650485436891,3.0434810143157577e-07,,3.0434810143157577e-07,5.341309180124155e-05,True,True,True,2,1755,notice_sponsored|friedman
item_pair,notice_sponsored,planned_D,inline_vs_block,implicit − explicit,54,-1.8981481481481481,mean D,-1.8981481481481481,2.448294804417174,-2.5511627648719957,-1.2451335314243004,-0.7752939493738825,,,,-5.697223729899557,5.466394304513561e-07,5.311722820227074e-06,1.6399182913540684e-06,8.721383640383e-05,True,True,True,4,1755,notice_sponsored|planned_D
item_pair,behaviour_pushing,pairwise,no_ads - block_early,no ad − explicit early,54,-2.2777777777777777,mean diff,-2.2777777777777777,2.4908638091479975,,,-0.914452957810204,,0.8803986710963455,,54.0,6.016674314473659e-07,,6.016674314473658e-06,8.799386184917725e-05,True,True,True,10,1755,behaviour_pushing|pairwise
primary,manipulation,friedman,friedman_5,friedman 5,54,0.15774963875579925,Kendall W,,,,,,0.15774963875579925,,,34.07392197125264,7.19623308157024e-07,,1.439246616314048e-06,9.714914660119824e-05,True,True,True,2,1755,manipulation|friedman
item_pair,behaviour_manipulate,pairwise,no_ads - block_early,no ad − explicit early,54,-1.5555555555555556,mean diff,-1.5555555555555556,1.9683022726395423,,,-0.790303185226483,,0.832779623477298,,75.5,2.040475841464482e-06,,2.040475841464482e-05,0.0002557882215550118,True,True,True,10,1755,behaviour_manipulate|pairwise
item_pair,behaviour_pushing,friedman,friedman_5,friedman 5,54,0.1444566143361328,Kendall W,,,,,,0.1444566143361328,,,31.202628696604688,2.7834135760527075e-06,,5.566827152105415e-06,0.0003256593883981667,True,True,True,2,1755,behaviour_pushing|friedman
item_pair,behaviour_pushing,planned_D,any_ad_vs_no_ads,any ad − no ad,54,1.5046296296296295,mean D,1.5046296296296295,2.123259965031489,0.9383090256857779,2.0709502335734813,0.7086412659823853,,,,5.207428537010215,3.1861093855380907e-06,1.371491137854432e-05,1.2744437542152363e-05,0.00034947637322620936,True,True,True,4,1755,behaviour_pushing|planned_D
primary,notice,friedman,friedman_4ad,friedman 4ad,54,0.16358682776593214,Kendall W,,,,,,0.16358682776593214,,,26.501066098081008,7.4900647961073685e-06,,7.4900647961073685e-06,0.0007732390421863783,True,True,True,2,1755,notice|friedman
primary,manipulation,planned_D,any_ad_vs_no_ads,any ad − no ad,54,1.2708333333333333,mean D,1.2708333333333333,1.9266854297687048,0.7569435251297247,1.7847231415369418,0.6595956525637372,,,,4.847018356017753,1.1350449887539956e-05,3.2975922670144954e-05,4.5401799550159826e-05,0.0011066688640351458,True,True,True,4,1755,manipulation|planned_D
raw_item,llm_relevant,bfi_level,level~bfi_e,person mean ~ E,54,-0.5433181760829037,Spearman rho,,,,,,,,-0.5433181760829037,-0.5433181760829037,2.1832425486933332e-05,,0.00010916212743466666,0.002016626669977263,True,True,True,5,1755,llm_relevant|bfi_level
item_pair,notice_sponsored,pairwise,inline_early - block_early,implicit early − explicit early,54,-1.962962962962963,mean diff,-1.962962962962963,2.8414915227876496,,,-0.6908213335217679,,0.7972972972972973,,67.5,2.7974568076580873e-05,,0.00022379654461264698,0.0024547683487199713,True,True,True,10,1755,notice_sponsored|pairwise
trajectory,traj_entropy_nats,bfi_level,level~bfi_e,person mean ~ E,54,0.5357821437605881,Spearman rho,,,,,,,,0.5357821437605881,0.5357821437605881,2.978954601047204e-05,,0.0001489477300523602,0.002489554916589449,True,True,True,5,1755,traj_entropy_nats|bfi_level
trajectory,traj_entropy_normalised,bfi_level,level~bfi_e,person mean ~ E,54,0.5327720711536672,Spearman rho,,,,,,,,0.5327720711536672,0.5327720711536672,3.36569910359582e-05,,0.000168284955179791,0.00268490996673212,True,True,True,5,1755,traj_entropy_normalised|bfi_level
item_pair,notice_sponsored,pairwise,inline_late - block_early,implicit late − explicit early,54,-2.240740740740741,mean diff,-2.240740740740741,3.22686356971505,,,-0.6944020694803068,,0.7111111111111111,,143.0,3.5480024869874165e-05,,0.00024836017408911914,0.002707280158549094,True,True,True,10,1755,notice_sponsored|pairwise
trajectory,traj_shift_rate,bfi_level,level~bfi_e,person mean ~ E,54,0.5156732981899181,Spearman rho,,,,,,,,0.5156732981899181,0.5156732981899181,6.589472565014344e-05,,0.0003294736282507172,0.004505409458894019,True,True,True,5,1755,traj_shift_rate|bfi_level
item_pair,behaviour_pushing,pairwise,inline_late - block_early,implicit late − explicit early,54,-1.5185185185185186,mean diff,-1.5185185185185186,2.3691471337086742,,,-0.6409557671251184,,0.7084785133565621,,125.5,6.930737531118409e-05,,0.0006237663778006567,0.004505409458894019,True,True,True,10,1755,behaviour_pushing|pairwise
item_pair,notice_brands,friedman,friedman_5,friedman 5,54,0.1124118165784837,Kendall W,,,,,,0.1124118165784837,,,24.28095238095248,7.015672161108515e-05,,0.0001403134432221703,0.004505409458894019,True,True,True,2,1755,notice_brands|friedman
trajectory,traj_max_persistence,bfi_level,level~bfi_e,person mean ~ E,54,-0.5133042057751032,Spearman rho,,,,,,,,-0.5133042057751032,-0.5133042057751032,7.212033736066293e-05,,0.00036060168680331463,0.004505409458894019,True,True,True,5,1755,traj_max_persistence|bfi_level
item_pair,behaviour_pushing,pairwise,no_ads - block_late,no ad − explicit late,54,-1.5925925925925926,mean diff,-1.5925925925925926,2.52174332120803,,,-0.631544288904736,,0.7158536585365853,,116.5,7.277344003793844e-05,,0.0006237663778006567,0.004505409458894019,True,True,True,10,1755,behaviour_pushing|pairwise
trajectory,traj_diversity,bfi_level,level~bfi_e,person mean ~ E,54,0.5124663137191675,Spearman rho,,,,,,,,0.5124663137191675,0.5124663137191675,7.444836142901798e-05,,0.0003722418071450899,0.004505409458894019,True,True,True,5,1755,traj_diversity|bfi_level
primary,manipulation,pairwise,inline_late - block_early,implicit late − explicit early,54,-1.1944444444444444,mean diff,-1.1944444444444444,2.0429738467158067,,,-0.5846596843932094,,0.6541062801932367,,179.0,0.00012192595899498317,,0.0010973336309548485,0.007022778450685227,True,True,True,10,1755,manipulation|pairwise
item_pair,notice_brands,pairwise,no_ads - block_early,no ad − explicit early,54,-1.7962962962962963,mean diff,-1.7962962962962963,3.1043464941650893,,,-0.5786391112179661,,0.6914634146341463,,126.5,0.00012439179632072443,,0.0012439179632072442,0.007022778450685227,True,True,True,10,1755,notice_brands|pairwise
item_pair,notice_sponsored,pairwise,no_ads - inline_early,no ad − implicit early,54,-1.8518518518518519,mean diff,-1.8518518518518519,3.0182301912001304,,,-0.6135555390211987,,0.7380952380952381,,82.5,0.00012805066120907536,,0.0007683039672544522,0.007022778450685227,True,True,True,10,1755,notice_sponsored|pairwise
trajectory,traj_n_shift,bfi_level,level~bfi_e,person mean ~ E,54,0.49336691295418317,Spearman rho,,,,,,,,0.49336691295418317,0.49336691295418317,0.00015025040382114408,,0.0007512520191057204,0.007990589657760845,True,True,True,5,1755,traj_n_shift|bfi_level
primary,notice,pairwise,no_ads - inline_early,no ad − implicit early,54,-1.6018518518518519,mean diff,-1.6018518518518519,2.725455872599494,,,-0.5877372178196495,,0.6515151515151515,,172.5,0.00016327096915593487,,0.001306167753247479,0.00842766326084311,True,True,True,10,1755,notice|pairwise
primary,notice,planned_D,inline_vs_block,implicit − explicit,54,-1.1481481481481481,mean D,-1.1481481481481481,2.0885573915116664,-1.705212804766746,-0.5910834915295503,-0.549732630194632,,,,-4.039693316804907,0.0001736985226621665,0.00024808392811847575,0.0005210955679864995,0.008709740207774349,True,True,True,4,1755,notice|planned_D
item_pair,behaviour_manipulate,friedman,friedman_5,friedman 5,54,0.1016505636070853,Kendall W,,,,,,0.1016505636070853,,,21.956521739130423,0.00020445401835135718,,0.00040890803670271436,0.009967133394628663,True,True,True,2,1755,behaviour_manipulate|friedman
item_pair,notice_brands,planned_D,any_ad_vs_no_ads,any ad − no ad,54,1.4861111111111112,mean D,1.4861111111111112,2.796315241673873,0.7402717119969949,2.2319505102252273,0.5314533529565593,,,,3.90536861050446,0.0002680781200445814,0.0010539936976591007,0.0010723124801783257,0.012715597315628118,True,True,True,4,1755,notice_brands|planned_D
raw_item,llm_impartial,pairwise,no_ads - block_early,no ad − explicit early,54,1.1111111111111112,mean diff,1.1111111111111112,2.0435509851556963,,,0.5437158745645178,,0.662873399715505,,118.5,0.0003842997416492727,,0.003842997416492727,0.017610074031812077,True,True,True,10,1755,llm_impartial|pairwise
primary,notice,pairwise,inline_late - block_early,implicit late − explicit early,54,-1.4074074074074074,mean diff,-1.4074074074074074,2.6297895641366833,,,-0.5351787179478888,,0.5867346938775511,,243.0,0.0003913349784847128,,0.00273934484939299,0.017610074031812077,True,True,True,10,1755,notice|pairwise
item_pair,behaviour_manipulate,planned_D,any_ad_vs_no_ads,any ad − no ad,54,1.037037037037037,mean D,1.037037037037037,2.0265963934633366,0.49649875515050057,1.5775753189235733,0.5117136497340747,,,,3.7603120087972806,0.0004251076196358697,0.0008163193376370314,0.0017004304785434789,0.01865159681152378,True,True,True,4,1755,behaviour_manipulate|planned_D
raw_item,llm_impartial,pairwise,no_ads - inline_early,no ad − implicit early,54,1.0740740740740742,mean diff,1.0740740740740742,2.1878899273117343,,,0.49091778369023875,,0.6739495798319328,,97.0,0.0005367280877569737,,0.004830552789812763,0.02297458034179241,True,True,True,10,1755,llm_impartial|pairwise
item_pair,notice_sponsored,pairwise,inline_early - block_late,implicit early − explicit late,54,-1.5555555555555556,mean diff,-1.5555555555555556,2.9821270531294086,,,-0.5216261842107546,,0.6369770580296896,,134.5,0.0005720712102189742,,0.002860356051094871,0.02390440414129285,True,True,True,10,1755,notice_sponsored|pairwise
primary,notice,pairwise,inline_early - block_early,implicit early − explicit early,54,-1.2037037037037037,mean diff,-1.2037037037037037,2.307736207004193,,,-0.5215950159512822,,0.593939393939394,,201.0,0.0005884288138151532,,0.0035305728828909193,0.023912918568504523,True,True,True,10,1755,notice|pairwise
primary,manipulation,pairwise,no_ads - block_late,no ad − explicit late,54,-1.2407407407407407,mean diff,-1.2407407407407407,2.3265099392768898,,,-0.533305583524126,,0.5993657505285412,,189.5,0.0005995261635408541,,0.004796209308326833,0.023912918568504523,True,True,True,10,1755,manipulation|pairwise
primary,notice,pairwise,no_ads - inline_late,no ad − implicit late,54,-1.3981481481481481,mean diff,-1.3981481481481481,2.6783190124320506,,,-0.522024501808154,,0.5437405731523379,,302.5,0.0006950035790044807,,0.0035305728828909193,0.027105139581174748,True,True,True,10,1755,notice|pairwise
item_pair,notice_sponsored,pairwise,no_ads - inline_late,no ad − implicit late,54,-1.5740740740740742,mean diff,-1.5740740740740742,3.069028804969132,,,-0.5128899642536611,,0.631578947368421,,129.5,0.0007689592697178023,,0.003075837078871209,0.028780875184720937,True,True,True,10,1755,notice_sponsored|pairwise
raw_item,llm_impartial,planned_D,any_ad_vs_no_ads,any ad − no ad,54,-0.8240740740740741,mean D,-0.8240740740740741,1.696715493566207,-1.2766257911800172,-0.3715223569681311,-0.4856878346422185,,,,-3.56906210745206,0.0007707698767418143,0.00026772575543873567,0.003083079506967257,0.028780875184720937,True,True,True,4,1755,llm_impartial|planned_D
raw_item,llm_not_useful,bfi_moderation,inline_vs_block~bfi_a,implicit − explicit ~ A,54,-0.44219854057318364,Spearman rho,,,,,,,,-0.44219854057318364,-0.44219854057318364,0.0008144334730868521,,0.01221650209630278,0.02977772385973803,True,True,True,15,1755,llm_not_useful|bfi_moderation
item_pair,notice_sponsored,pairwise,inline_late - block_late,implicit late − explicit late,54,-1.8333333333333333,mean diff,-1.8333333333333333,3.5488504649592536,,,-0.5165992062599861,,0.5696969696969697,,213.0,0.0009003505703258124,,0.003075837078871209,0.032247250018812255,True,True,True,10,1755,notice_sponsored|pairwise
secondary,relevance,planned_D,early_vs_late,early − late,54,-0.5000000000000001,mean D,-0.5000000000000001,1.053595222598205,-0.7810172529981856,-0.21898274700181464,-0.4745655535215711,,,,-3.487330366887929,0.0009892743446487983,0.0009010401064640919,0.003957097378595193,0.03472352949717282,True,True,True,4,1755,relevance|planned_D
secondary,relevance,bfi_level,level~bfi_e,person mean ~ E,54,-0.43417872038398997,Spearman rho,,,,,,,,-0.43417872038398997,-0.43417872038398997,0.0010372395096359432,,0.005186197548179716,0.03569324194923687,True,True,True,5,1755,relevance|bfi_level
raw_item,llm_reliable,planned_D,early_vs_late,early − late,54,-0.46296296296296297,mean D,-0.46296296296296297,0.9898153622936778,-0.7269687102567216,-0.19895721566920432,-0.4677265888156644,,,,-3.4370744451928052,0.0011516774109317878,0.0011230142215035812,0.004606709643727151,0.038869112618947835,True,True,True,4,1755,llm_reliable|planned_D
raw_item,llm_addressed,bfi_moderation,early_vs_late~bfi_e,early − late ~ E,54,-0.42661725804563017,Spearman rho,,,,,,,,-0.42661725804563017,-0.42661725804563017,0.0012959409841375223,,0.019439114762062833,0.042912762776629275,True,True,True,15,1755,llm_addressed|bfi_moderation
secondary,convincingness,planned_D,early_vs_late,early − late,54,-0.4876543209876544,mean D,-0.4876543209876544,1.0897136026010528,-0.7783051483542912,-0.19700349362101754,-0.44750686769777437,,,,-3.2884904467521814,0.0017929801769735526,0.006513937305249546,0.00717192070789421,0.058271855751640456,True,True,False,4,1755,convincingness|planned_D
item_pair,notice_brands,pairwise,no_ads - block_late,no ad − explicit late,54,-1.5740740740740742,mean diff,-1.5740740740740742,3.3903406176730186,,,-0.46428198567094114,,0.5333333333333333,,231.0,0.0019503309097779313,,0.017552978188001382,0.061356003781835415,True,True,False,10,1755,notice_brands|pairwise
raw_item,llm_addressed,bfi_level,level~bfi_e,person mean ~ E,54,-0.41213108548927346,Spearman rho,,,,,,,,-0.41213108548927346,-0.41213108548927346,0.0019577984112722413,,0.009788992056361207,0.061356003781835415,True,True,False,5,1755,llm_addressed|bfi_level
raw_item,llm_changed_mind,pairwise,inline_early - block_late,implicit early − explicit late,54,-0.9629629629629629,mean diff,-0.9629629629629629,2.188847917546933,,,-0.43994055285584505,,0.5551282051282052,,173.5,0.0021067754932169135,,0.021067754932169135,0.0640183847152056,True,True,False,10,1755,llm_changed_mind|pairwise
trajectory,traj_mean_total_variation,bfi_level,level~bfi_e,person mean ~ E,54,0.40879263646211494,Spearman rho,,,,,,,,0.40879263646211494,0.40879263646211494,0.002147615714938673,,0.010738078574693364,0.0640183847152056,True,True,False,5,1755,traj_mean_total_variation|bfi_level
item_pair,behaviour_pushing,pairwise,no_ads - inline_early,no ad − implicit early,54,-1.3888888888888888,mean diff,-1.3888888888888888,3.0431901500412644,,,-0.45639241073058023,,0.5348837209302326,,220.0,0.002152185013217738,,0.015065295092524167,0.0640183847152056,True,True,False,10,1755,behaviour_pushing|pairwise
raw_item,personality_influence,planned_D,early_vs_late,early − late,54,-0.49074074074074076,mean D,-0.49074074074074076,1.1222061355926123,-0.7900580485245188,-0.19142343295696268,-0.43729999790242763,,,,-3.213485578143305,0.0022330654111986517,0.0031458657105601136,0.008932261644794607,0.06531716327756056,True,True,False,4,1755,personality_influence|planned_D
raw_item,llm_impartial,friedman,friedman_5,friedman 5,54,0.07555999112885398,Kendall W,,,,,,0.07555999112885398,,,16.32095808383246,0.00261738234019397,,0.00523476468038794,0.07464623119361309,True,True,False,2,1755,llm_impartial|friedman
secondary,relevance,bfi_moderation,early_vs_late~bfi_e,early − late ~ E,54,-0.401250879328776,Spearman rho,,,,,,,,-0.401250879328776,-0.401250879328776,0.0026378998589651472,,0.03956849788447721,0.07464623119361309,True,True,False,15,1755,relevance|bfi_moderation
secondary,helpfulness,bfi_moderation,early_vs_late~bfi_e,early − late ~ E,54,-0.4006683416170757,Spearman rho,,,,,,,,-0.4006683416170757,-0.4006683416170757,0.0026796082992579058,,0.04019412448886859,0.07464623119361309,True,True,False,15,1755,helpfulness|bfi_moderation
primary,trust,pairwise,no_ads - block_early,no ad − explicit early,54,0.6851851851851852,mean diff,0.6851851851851852,1.8204713682986742,,,0.3763778970198947,,0.543859649122807,,169.0,0.0029287215336978242,,0.029287215336978242,0.08031103580687003,True,True,False,10,1755,trust|pairwise
raw_item,llm_suggestions,bfi_moderation,early_vs_late~bfi_e,early − late ~ E,54,-0.3958841692011171,Spearman rho,,,,,,,,-0.3958841692011171,-0.3958841692011171,0.0030448767169671065,,0.0456731507545066,0.08221167135811189,True,True,False,15,1755,llm_suggestions|bfi_moderation
raw_item,llm_reliable,bfi_moderation,early_vs_late~bfi_e,early − late ~ E,54,-0.39376399936376527,Spearman rho,,,,,,,,-0.39376399936376527,-0.39376399936376527,0.0032203816356182464,,0.048305724534273696,0.08563287531075792,True,True,False,15,1755,llm_reliable|bfi_moderation
raw_item,llm_convincing,bfi_level,level~bfi_e,person mean ~ E,54,-0.3916277052459567,Spearman rho,,,,,,,,-0.3916277052459567,-0.3916277052459567,0.003406211722771237,,0.017031058613856186,0.08922241154423166,True,True,False,5,1755,llm_convincing|bfi_level
primary,manipulation,planned_D,early_vs_late,early − late,54,0.5787037037037037,mean D,0.5787037037037037,1.3972885417989471,0.20601580683391646,0.951391600573491,0.41416191888230064,,,,3.0434561164607823,0.003635196046768607,0.003610209075616701,0.010905588140305822,0.09382013326586626,True,True,False,4,1755,manipulation|planned_D
raw_item,llm_suggestions,pairwise,inline_late - block_early,implicit late − explicit early,54,0.5555555555555556,mean diff,0.5555555555555556,1.3270291214996666,,,0.4186460919016804,,0.626984126984127,,70.5,0.003706258067134158,,0.03706258067134158,0.09426786822928185,True,True,False,10,1755,llm_suggestions|pairwise
raw_item,llm_suggestions,planned_D,early_vs_late,early − late,54,-0.46296296296296297,mean D,-0.46296296296296297,1.1237229726925997,-0.7626848449000228,-0.16324108102590323,-0.4119902985107068,,,,-3.027498030984468,0.0038024390178044458,0.004031730965594411,0.015209756071217783,0.09481911715059275,True,True,False,4,1755,llm_suggestions|planned_D
process,reply_latency_ms_mean,bfi_moderation,any_ad_vs_no_ads~bfi_n,any ad − no ad ~ N,54,-0.3870564130238194,Spearman rho,,,,,,,,-0.3870564130238194,-0.3870564130238194,0.003835987075608026,,0.05753980613412039,0.09481911715059275,True,False,False,15,1755,reply_latency_ms_mean|bfi_moderation
primary,manipulation,pairwise,no_ads - inline_early,no ad − implicit early,54,-1.2037037037037037,mean diff,-1.2037037037037037,2.8541900984516135,,,-0.42173214193291053,,0.4770408163265306,,307.5,0.003948427164616206,,0.027638990152313442,0.09624291213752002,True,True,False,10,1755,manipulation|pairwise
raw_item,llm_not_useful,planned_D,early_vs_late,early − late,54,0.5370370370370371,mean D,0.5370370370370371,1.3133992044692615,0.18672429015520364,0.8873497839188705,0.40889094131441267,,,,3.0047224999998363,0.004053613540724476,0.006684755183336066,0.016214454162897903,0.09745331183522542,True,True,False,4,1755,llm_not_useful|planned_D
primary,credibility,pairwise,inline_early - block_late,implicit early − explicit late,54,-0.39506172839506165,mean diff,-0.39506172839506165,1.001202786241882,,,-0.3945871244305728,,0.539118065433855,,162.0,0.004140355949268096,,0.04140355949268096,0.0981935769049393,True,True,False,10,1755,credibility|pairwise
raw_item,llm_relevant,bfi_moderation,early_vs_late~bfi_e,early − late ~ E,54,-0.3818976619712422,Spearman rho,,,,,,,,-0.3818976619712422,-0.3818976619712422,0.004377808099291766,,0.06566712148937649,0.10244070952342732,True,False,False,15,1755,llm_relevant|bfi_moderation
secondary,relevance,friedman,friedman_4ad,friedman 4ad,54,0.08011919965943014,Kendall W,,,,,,0.08011919965943014,,,12.979310344827683,0.004681562298485323,,0.009363124596970645,0.10810712939265449,True,True,False,2,1755,relevance|friedman
item_pair,behaviour_pushing,planned_D,inline_vs_block,implicit − explicit,54,-0.8611111111111112,mean D,-0.8611111111111112,2.1618839326764934,-1.437733585312806,-0.2844886369094164,-0.39831514453462047,,,,-2.927006582798256,0.00503201882614579,0.005816960347031599,0.01509605647843737,0.11384160038368125,True,True,False,4,1755,behaviour_pushing|planned_D
secondary,relevance,friedman,friedman_5,friedman 5,54,0.06861884457821292,Kendall W,,,,,,0.06861884457821292,,,14.82167042889399,0.005085741529190098,,0.009363124596970645,0.11384160038368125,True,True,False,2,1755,relevance|friedman
raw_item,llm_changed_mind,friedman,friedman_4ad,friedman 4ad,54,0.07892208245981833,Kendall W,,,,,,0.07892208245981833,,,12.78537735849057,0.005124493692484798,,0.010248987384969595,0.11384160038368125,True,True,False,2,1755,llm_changed_mind|friedman
secondary,relevance,pairwise,inline_early - block_late,implicit early − explicit late,54,-0.46913580246913583,mean diff,-0.46913580246913583,1.4529930340132617,,,-0.32287546566782366,,0.4928017718715393,,229.0,0.005306419621447553,,0.05306419621447553,0.11627467579720109,True,False,False,10,1755,relevance|pairwise
raw_item,llm_relevant,pairwise,inline_early - block_late,implicit early − explicit late,54,-0.5555555555555556,mean diff,-0.5555555555555556,1.5741624507602914,,,-0.3529213616340756,,0.5655913978494624,,101.0,0.005415174215004523,,0.05415174215004523,0.11627467579720109,True,False,False,10,1755,llm_relevant|pairwise
raw_item,llm_reliable,pairwise,inline_late - block_early,implicit late − explicit early,54,0.5555555555555556,mean diff,0.5555555555555556,1.423080191944362,,,0.39038949364933334,,0.6005291005291005,,75.5,0.005462146073672651,,0.05462146073672651,0.11627467579720109,True,False,False,10,1755,llm_reliable|pairwise
primary,credibility,planned_D,early_vs_late,early − late,54,-0.33024691358024694,mean D,-0.33024691358024694,0.838343893015719,-0.5538518548613117,-0.10664197229918213,-0.3939277381651479,,,,-2.894765862099922,0.005499030251377602,0.006798866275100845,0.02199612100551041,0.11627467579720109,True,True,False,4,1755,credibility|planned_D
primary,manipulation,friedman,friedman_4ad,friedman 4ad,54,0.07728140511645722,Kendall W,,,,,,0.07728140511645722,,,12.51958762886607,0.005799567884455354,,0.005799567884455354,0.1201536607853594,True,True,False,2,1755,manipulation|friedman
raw_item,llm_convincing,planned_D,early_vs_late,early − late,54,-0.5370370370370371,mean D,-0.5370370370370371,1.3730968024109063,-0.9032724595577946,-0.17080161451627962,-0.39111374820340306,,,,-2.8740873434571554,0.0058194080722253835,0.007137361438151682,0.023277632288901534,0.1201536607853594,True,True,False,4,1755,llm_convincing|planned_D
raw_item,llm_changed_mind,planned_D,inline_vs_block,implicit − explicit,54,-0.5462962962962963,mean D,-0.5462962962962963,1.4017122902059203,-0.9201641051461483,-0.17242848744644423,-0.3897349692325534,,,,-2.8639554286171713,0.005982623604888282,0.0037075412757934223,0.02393049441955313,0.12208726077417367,True,True,False,4,1755,llm_changed_mind|planned_D
primary,notice,pairwise,inline_late - block_late,implicit late − explicit late,54,-1.0925925925925926,mean diff,-1.0925925925925926,3.02516812892209,,,-0.36116756029090474,,0.45833333333333337,,305.5,0.0061292132954594136,,0.024516853181837654,0.12364102682219852,True,True,False,10,1755,notice|pairwise
secondary,relevance,pairwise,block_early - block_late,explicit early − explicit late,54,-0.6419753086419754,mean diff,-0.6419753086419754,1.8998530803307254,,,-0.3379078705023973,,0.5012820512820513,,194.5,0.006331573022863816,,0.05698415720577434,0.1252308076077136,True,False,False,10,1755,relevance|pairwise
secondary,relevance,bfi_moderation,inline_vs_block~bfi_a,implicit − explicit ~ A,54,0.36691879477852285,Spearman rho,,,,,,,,0.36691879477852285,0.36691879477852285,0.006350736112300006,,0.08891030557220009,0.1252308076077136,True,False,False,15,1755,relevance|bfi_moderation
secondary,convincingness,pairwise,inline_early - block_late,implicit early − explicit late,54,-0.6666666666666665,mean diff,-0.6666666666666665,1.5979546675349887,,,-0.4171999870904155,,0.4767441860465116,,247.5,0.006439579729559157,,0.06439579729559157,0.12557180472640356,True,False,False,10,1755,convincingness|pairwise
raw_item,llm_suggestions,friedman,friedman_4ad,friedman 4ad,54,0.07495069033530594,Kendall W,,,,,,0.07495069033530594,,,12.142011834319561,0.006912187306970609,,0.013824374613941218,0.13330646949157604,True,True,False,2,1755,llm_suggestions|friedman
raw_item,llm_relevant,planned_D,early_vs_late,early − late,54,-0.5,mean D,-0.5,1.3210916012404001,-0.8523644799983396,-0.1476355200016603,-0.3784748911661687,,,,-2.7812110914375294,0.007483052999119285,0.007970829371828506,0.02993221199647714,0.1427473697114603,True,True,False,4,1755,llm_relevant|planned_D
item_pair,behaviour_pushing,friedman,friedman_4ad,friedman 4ad,54,0.073040674603175,Kendall W,,,,,,0.073040674603175,,,11.83258928571435,0.007979204116994966,,0.007979204116994966,0.1505753034981308,True,True,False,2,1755,behaviour_pushing|friedman
secondary,helpfulness,bfi_level,level~bfi_e,person mean ~ E,54,-0.3567936055734341,Spearman rho,,,,,,,,-0.3567936055734341,-0.3567936055734341,0.008089205036907767,,0.04044602518453884,0.15085365935082556,True,True,False,5,1755,helpfulness|bfi_level
item_pair,notice_brands,pairwise,no_ads - inline_early,no ad − implicit early,54,-1.3518518518518519,mean diff,-1.3518518518518519,3.4431085527383396,,,-0.39262539392686596,,0.4715447154471545,,227.5,0.008165867600187138,,0.0653269408014971,0.15085365935082556,True,False,False,10,1755,notice_brands|pairwise
item_pair,behaviour_pushing,planned_D,early_vs_late,early − late,54,0.6574074074074074,mean D,0.6574074074074074,1.7612818929288943,0.18763439715613134,1.1271804176586835,0.37325507634339145,,,,2.742853442834668,0.008290285949741159,0.010461260796959517,0.016580571899482317,0.15155679001870556,True,True,False,4,1755,behaviour_pushing|planned_D
raw_item,llm_not_aid,bfi_moderation,inline_vs_block~bfi_a,implicit − explicit ~ A,54,-0.3534139218509644,Spearman rho,,,,,,,,-0.3534139218509644,-0.3534139218509644,0.008755029718432486,,0.1313254457764873,0.15840285727679396,True,False,False,15,1755,llm_not_aid|bfi_moderation
raw_item,llm_changed_mind,bfi_level,level~bfi_e,person mean ~ E,54,-0.3521980153199679,Spearman rho,,,,,,,,-0.3521980153199679,-0.3521980153199679,0.009005937049482373,,0.04502968524741187,0.16127979103919965,True,True,False,5,1755,llm_changed_mind|bfi_level
trajectory,traj_mean_js_divergence,bfi_level,level~bfi_e,person mean ~ E,54,0.35137662999059116,Spearman rho,,,,,,,,0.35137662999059116,0.35137662999059116,0.009178939445133325,,0.04589469722566662,0.16271756289099984,True,True,False,5,1755,traj_mean_js_divergence|bfi_level
item_pair,behaviour_manipulate,planned_D,early_vs_late,early − late,54,0.5,mean D,0.5,1.3632646720419832,0.1363870250835333,0.8636129749164667,0.366766637655965,,,,2.6951733508000824,0.009405216089048202,0.008584639619836389,0.028215648267144608,0.16506154236279594,True,True,False,4,1755,behaviour_manipulate|planned_D
secondary,convincingness,bfi_level,level~bfi_e,person mean ~ E,54,-0.34916402858785767,Spearman rho,,,,,,,,-0.34916402858785767,-0.34916402858785767,0.009659359959176005,,0.04829679979588003,0.16583282724394516,True,True,False,5,1755,convincingness|bfi_level
secondary,relevance,pairwise,inline_late - block_early,implicit late − explicit early,54,0.5308641975308643,mean diff,0.5308641975308643,1.3544220897278054,,,0.3919488625865152,,0.46829268292682924,,218.0,0.009697574751656538,,0.0775805980132523,0.16583282724394516,True,False,False,10,1755,relevance|pairwise
item_pair,behaviour_manipulate,pairwise,inline_late - block_early,implicit late − explicit early,54,-0.8703703703703703,mean diff,-0.8703703703703703,2.2322363462502386,,,-0.38990959529551533,,0.4471458773784355,,261.5,0.00973263886388966,,0.08759374977500693,0.16583282724394516,True,False,False,10,1755,behaviour_manipulate|pairwise
raw_item,personality_changed_mind,pairwise,inline_early - block_early,implicit early − explicit early,54,-0.7037037037037037,mean diff,-0.7037037037037037,2.024655848972481,,,-0.3475670712436563,,0.4793741109530584,,183.0,0.009983858838079288,,0.09983858838079288,0.16847761789258797,True,False,False,10,1755,personality_changed_mind|pairwise
raw_item,personality_changed_mind,pairwise,inline_early - block_late,implicit early − explicit late,54,-0.8333333333333334,mean diff,-0.8333333333333334,2.143441070484913,,,-0.38878294570739347,,0.4751066856330014,,184.5,0.010810528384223812,,0.09983858838079288,0.17979246773024973,True,False,False,10,1755,personality_changed_mind|pairwise
secondary,convincingness,friedman,friedman_5,friedman 5,54,0.06058714485680809,Kendall W,,,,,,0.06058714485680809,,,13.086823289070548,0.010859260159205967,,0.021718520318411934,0.17979246773024973,True,True,False,2,1755,convincingness|friedman
primary,credibility,bfi_moderation,early_vs_late~bfi_e,early − late ~ E,54,-0.3428225681182192,Spearman rho,,,,,,,,-0.3428225681182192,-0.3428225681182192,0.011158696118687647,,0.16738044178031472,0.18126033068736644,True,False,False,15,1755,credibility|bfi_moderation
raw_item,personality_changed_mind,planned_D,inline_vs_block,implicit − explicit,54,-0.5370370370370371,mean D,-0.5370370370370371,1.5011060445861053,-0.9374153683551063,-0.13665870571896788,-0.3577608916931065,,,,-2.628994903713684,0.011181211200139235,0.013088570376017104,0.04472484480055694,0.18126033068736644,True,True,False,4,1755,personality_changed_mind|planned_D
raw_item,personality_influence,pairwise,inline_early - block_late,implicit early − explicit late,54,-0.7407407407407407,mean diff,-0.7407407407407407,1.9828051901491635,,,-0.37358220788448504,,0.4628879892037787,,199.0,0.01125776412816122,,0.1125776412816122,0.18126033068736644,True,False,False,10,1755,personality_influence|pairwise
raw_item,llm_not_useful,bfi_level,level~bfi_e,person mean ~ E,54,0.33963740719578045,Spearman rho,,,,,,,,0.33963740719578045,0.33963740719578045,0.01198467229863054,,0.0599233614931527,0.18909313193296143,True,False,False,5,1755,llm_not_useful|bfi_level
raw_item,llm_convincing,pairwise,inline_late - block_early,implicit late − explicit early,54,0.6666666666666666,mean diff,0.6666666666666666,1.7909626377485715,,,0.37223929333597755,,0.46846846846846846,,177.0,0.01208649543835596,,0.1208649543835596,0.18909313193296143,True,False,False,10,1755,llm_convincing|pairwise
raw_item,llm_reliable,pairwise,inline_early - inline_late,implicit early − implicit late,54,-0.5925925925925926,mean diff,-0.5925925925925926,1.676907739482571,,,-0.35338413595457774,,0.46846846846846846,,177.0,0.012186710026938125,,0.10968039024244312,0.18909313193296143,True,False,False,10,1755,llm_reliable|pairwise
raw_item,personality_changed_mind,bfi_moderation,inline_vs_block~bfi_c,implicit − explicit ~ C,54,0.33886689036724016,Spearman rho,,,,,,,,0.33886689036724016,0.33886689036724016,0.012192207610317368,,0.18288311415476052,0.18909313193296143,True,False,False,15,1755,personality_changed_mind|bfi_moderation
raw_item,llm_suggestions,friedman,friedman_5,friedman 5,54,0.05919076971708612,Kendall W,,,,,,0.05919076971708612,,,12.785206258890602,0.012374427846190441,,0.013824374613941218,0.18909313193296143,True,True,False,2,1755,llm_suggestions|friedman
process,duration_sec,bfi_moderation,any_ad_vs_no_ads~bfi_n,any ad − no ad ~ N,54,-0.3381403644056157,Spearman rho,,,,,,,,-0.3381403644056157,-0.3381403644056157,0.01239071804688921,,0.18586077070333815,0.18909313193296143,True,False,False,15,1755,duration_sec|bfi_moderation
secondary,neutrality,friedman,friedman_5,friedman 5,54,0.05898969757394502,Kendall W,,,,,,0.05898969757394502,,,12.741774675972124,0.012608939400032654,,0.02521787880006531,0.19076455730221817,True,True,False,2,1755,neutrality|friedman
secondary,neutrality,pairwise,no_ads - inline_early,no ad − implicit early,54,0.5555555555555556,mean diff,0.5555555555555556,1.7290222149256782,,,0.3213119824371002,,0.4344608879492601,,267.5,0.013021951817540667,,0.13021951817540667,0.19532927726311,True,False,False,10,1755,neutrality|pairwise
primary,notice,pairwise,inline_early - block_late,implicit early − explicit late,54,-0.8888888888888888,mean diff,-0.8888888888888888,2.6110553542376462,,,-0.3404328014135185,,0.4181313598519889,,314.5,0.01318710507485573,,0.03956131522456719,0.19557211161084467,True,True,False,10,1755,notice|pairwise
raw_item,llm_not_useful,friedman,friedman_4ad,friedman 4ad,54,0.06625290140276549,Kendall W,,,,,,0.06625290140276549,,,10.73297002724801,0.01326101497532223,,0.02652202995064446,0.19557211161084467,True,True,False,2,1755,llm_not_useful|friedman
raw_item,llm_not_useful,friedman,friedman_5,friedman 5,54,0.0580065359477126,Kendall W,,,,,,0.0580065359477126,,,12.529411764705921,0.013819452604807481,,0.02652202995064446,0.20088196102905892,True,True,False,2,1755,llm_not_useful|friedman
raw_item,llm_changed_mind,friedman,friedman_5,friedman 5,54,0.057982841598661024,Kendall W,,,,,,0.057982841598661024,,,12.524293785310782,0.01384998135869865,,0.01384998135869865,0.20088196102905892,True,True,False,2,1755,llm_changed_mind|friedman
raw_item,llm_not_aid,bfi_moderation,early_vs_late~bfi_e,early − late ~ E,54,0.33265349904429165,Spearman rho,,,,,,,,0.33265349904429165,0.33265349904429165,0.013981651881796607,,0.1957431263451525,0.2011295004307627,True,False,False,15,1755,llm_not_aid|bfi_moderation
secondary,convincingness,friedman,friedman_4ad,friedman 4ad,54,0.06538491782653176,Kendall W,,,,,,0.06538491782653176,,,10.592356687898144,0.014147299951598415,,0.021718520318411934,0.20185781638256275,True,True,False,2,1755,convincingness|friedman
raw_item,llm_impartial,planned_D,early_vs_late,early − late,54,-0.5370370370370371,mean D,-0.5370370370370371,1.5687149285017539,-0.9554481597238786,-0.11862591435019548,-0.3423420197511282,,,,-2.515689797712194,0.014945678207364326,0.012914904961884684,0.04483703462209298,0.21152955849939029,True,True,False,4,1755,llm_impartial|planned_D
raw_item,personality_changed_mind,bfi_moderation,any_ad_vs_no_ads~bfi_n,any ad − no ad ~ N,54,-0.32901367680292526,Spearman rho,,,,,,,,-0.32901367680292526,-0.32901367680292526,0.015130988388201096,,0.21183383743481535,0.21153588885190652,True,False,False,15,1755,personality_changed_mind|bfi_moderation
raw_item,llm_changed_mind,bfi_moderation,inline_vs_block~bfi_c,implicit − explicit ~ C,54,0.3287146272250087,Spearman rho,,,,,,,,0.3287146272250087,0.3287146272250087,0.015228908771702998,,0.22843363157554497,0.21153588885190652,True,False,False,15,1755,llm_changed_mind|bfi_moderation
raw_item,llm_skeptical,planned_D,early_vs_late,early − late,54,0.5092592592592593,mean D,0.5092592592592593,1.4936682108049473,0.11086476345278601,0.9076537550657326,0.3409453689750927,,,,2.505426552461747,0.015337946123896436,0.01679268185480177,0.061351784495585746,0.21153588885190652,True,False,False,4,1755,llm_skeptical|planned_D
item_pair,notice_brands,pairwise,no_ads - inline_late,no ad − implicit late,54,-1.2222222222222223,mean diff,-1.2222222222222223,3.4294323567185545,,,-0.3563919900119282,,0.4423076923076923,,217.5,0.015521983160320905,,0.10865388212224633,0.21153588885190652,True,False,False,10,1755,notice_brands|pairwise
raw_item,llm_reliable,bfi_level,level~bfi_e,person mean ~ E,54,-0.3270926606807917,Spearman rho,,,,,,,,-0.3270926606807917,-0.3270926606807917,0.015769490224387887,,0.07884745112193944,0.21153588885190652,True,False,False,5,1755,llm_reliable|bfi_level
raw_item,personality_influence,pairwise,block_early - block_late,explicit early − explicit late,54,-0.7222222222222222,mean diff,-0.7222222222222222,2.1841337531324236,,,-0.33066757985239287,,0.44807965860597443,,194.0,0.015805083573352786,,0.14224575216017507,0.21153588885190652,True,False,False,10,1755,personality_influence|pairwise
item_pair,behaviour_manipulate,pairwise,no_ads - inline_late,no ad − implicit late,54,-0.6851851851851852,mean diff,-0.6851851851851852,2.583138898478551,,,-0.2652529392007352,,0.4285714285714286,,246.0,0.01584973918752059,,0.12679791350016473,0.21153588885190652,True,False,False,10,1755,behaviour_manipulate|pairwise
item_pair,notice_brands,bfi_moderation,early_vs_late~bfi_a,early − late ~ A,54,-0.3261710740772954,Spearman rho,,,,,,,,-0.3261710740772954,-0.3261710740772954,0.016083880244682276,,0.24125820367023415,0.21153588885190652,True,False,False,15,1755,notice_brands|bfi_moderation
raw_item,llm_suggestions,bfi_level,level~bfi_e,person mean ~ E,54,-0.3261094831371855,Spearman rho,,,,,,,,-0.3261094831371855,-0.3261094831371855,0.016105080684008736,,0.08052540342004368,0.21153588885190652,True,False,False,5,1755,llm_suggestions|bfi_level
raw_item,llm_addressed,pairwise,inline_early - block_late,implicit early − explicit late,54,-0.5555555555555556,mean diff,-0.5555555555555556,1.8084358577434607,,,-0.3072022450653956,,0.4858870967741935,,127.5,0.0162301506417572,,0.16230150641757202,0.21153588885190652,True,False,False,10,1755,llm_addressed|pairwise
raw_item,llm_not_useful,pairwise,inline_late - block_early,implicit late − explicit early,54,-0.5925925925925926,mean diff,-0.5925925925925926,1.81730173732168,,,-0.3260837649701195,,0.5098522167487685,,99.5,0.016271991450146656,,0.16271991450146656,0.21153588885190652,True,False,False,10,1755,llm_not_useful|pairwise
primary,trust,bfi_moderation,early_vs_late~bfi_e,early − late ~ E,54,-0.3249259292142011,Spearman rho,,,,,,,,-0.3249259292142011,-0.3249259292142011,0.016517131492489463,,0.24775697238734196,0.21196209019238335,True,False,False,15,1755,trust|bfi_moderation
primary,manipulation,pairwise,no_ads - inline_late,no ad − implicit late,54,-0.7222222222222222,mean diff,-0.7222222222222222,2.5134856400809378,,,-0.2873389092443614,,0.41414141414141414,,290.0,0.016546328408180353,,0.09927797044908213,0.21196209019238335,True,False,False,10,1755,manipulation|pairwise
process,time_to_first_user_sec,bfi_level,level~bfi_a,person mean ~ A,54,0.3241956367143272,Spearman rho,,,,,,,,0.3241956367143272,0.3241956367143272,0.01677583802212921,,0.08387919011064604,0.21334489658577366,True,False,False,5,1755,time_to_first_user_sec|bfi_level
raw_item,llm_relevant,friedman,friedman_5,friedman 5,54,0.055582277804499966,Kendall W,,,,,,0.055582277804499966,,,12.005772005771993,0.017308394695246365,,0.03461678939049273,0.21853404813062854,True,True,False,2,1755,llm_relevant|friedman
item_pair,behaviour_manipulate,pairwise,no_ads - inline_early,no ad − implicit early,54,-1.0185185185185186,mean diff,-1.0185185185185186,3.0124943638293207,,,-0.3380980660902657,,0.407070707070707,,293.5,0.01820640373602899,,0.12744482615220293,0.22823027540522056,True,False,False,10,1755,behaviour_manipulate|pairwise
secondary,neutrality,planned_D,early_vs_late,early − late,54,-0.2839506172839506,mean D,-0.2839506172839506,0.8582010520462932,-0.51285190403378,-0.05504933053412117,-0.3308672444608396,,,,-2.4313677645892824,0.018455970635454334,0.018297193145311787,0.07382388254181733,0.2297179323774635,True,False,False,4,1755,neutrality|planned_D
raw_item,llm_false,pairwise,inline_early - block_late,implicit early − explicit late,54,0.48148148148148145,mean diff,0.48148148148148145,1.4372502669470175,,,0.33500183827012686,,0.5471014492753623,,62.5,0.01885607426981164,,0.1885607426981164,0.23304514326422132,True,False,False,10,1755,llm_false|pairwise
raw_item,personality_changed_mind,pairwise,no_ads - block_late,no ad − explicit late,54,-0.6481481481481481,mean diff,-0.6481481481481481,2.066419813484797,,,-0.31365753653664175,,0.41951219512195126,,238.0,0.01948116977837155,,0.1558493582269724,0.2357246805378704,True,False,False,10,1755,personality_changed_mind|pairwise
raw_item,llm_suggestions,pairwise,block_early - block_late,explicit early − explicit late,54,-0.6666666666666666,mean diff,-0.6666666666666666,2.2402830009907904,,,-0.2975814512594283,,0.4598930481283422,,151.5,0.019580433892795783,,0.17622390503516205,0.2357246805378704,True,False,False,10,1755,llm_suggestions|pairwise
raw_item,personality_influence,pairwise,no_ads - block_late,no ad − explicit late,54,-0.5555555555555556,mean diff,-0.5555555555555556,1.818839217915902,,,-0.3054451158097048,,0.40169133192389006,,283.0,0.019627314730419957,,0.15701851784335966,0.2357246805378704,True,False,False,10,1755,personality_influence|pairwise
raw_item,llm_relevant,pairwise,block_early - block_late,explicit early − explicit late,54,-0.6666666666666666,mean diff,-0.6666666666666666,2.0558246750001867,,,-0.32428186837800554,,0.46590909090909094,,141.0,0.01968747648189724,,0.17718728833707514,0.2357246805378704,True,False,False,10,1755,llm_relevant|pairwise
primary,manipulation,pairwise,block_early - block_late,explicit early − explicit late,54,0.6759259259259259,mean diff,0.6759259259259259,2.255302781428458,,,0.29970517993943574,,0.3891843971631206,,344.5,0.01974446042112077,,0.09927797044908213,0.2357246805378704,True,False,False,10,1755,manipulation|pairwise
primary,credibility,bfi_moderation,any_ad_vs_no_ads~bfi_o,any ad − no ad ~ O,54,-0.31598440207334677,Spearman rho,,,,,,,,-0.31598440207334677,-0.31598440207334677,0.019930412674286385,,0.2790257774400094,0.236336988130896,True,False,False,15,1755,credibility|bfi_moderation
raw_item,llm_neutral,bfi_moderation,early_vs_late~bfi_e,early − late ~ E,54,-0.31510677965943557,Spearman rho,,,,,,,,-0.31510677965943557,-0.31510677965943557,0.020295524306322584,,0.30443286459483876,0.23803898762581432,True,False,False,15,1755,llm_neutral|bfi_moderation
raw_item,llm_addressed,planned_D,early_vs_late,early − late,54,-0.4074074074074074,mean D,-0.4074074074074074,1.2516934720084718,-0.741261864560468,-0.07355295025434672,-0.3254849661823993,,,,-2.3918162582817497,0.02034521261759097,0.022196018742677206,0.08138085047036388,0.23803898762581432,True,False,False,4,1755,llm_addressed|planned_D
primary,trust,planned_D,early_vs_late,early − late,54,-0.4444444444444444,mean D,-0.4444444444444444,1.3724604907763789,-0.8105101485156965,-0.07837874037319237,-0.3238304107341038,,,,-2.3796578084833526,0.020959894455633815,0.02577746892966263,0.08383957782253526,0.24360672032872416,True,False,False,4,1755,trust|planned_D
process,time_to_first_user_sec,bfi_moderation,early_vs_late~bfi_n,early − late ~ N,54,-0.31200678389850844,Spearman rho,,,,,,,,-0.31200678389850844,-0.31200678389850844,0.021630866510873068,,0.324462997663096,0.2497511232011989,True,False,False,15,1755,time_to_first_user_sec|bfi_moderation
raw_item,llm_convincing,pairwise,inline_early - inline_late,implicit early − implicit late,54,-0.5370370370370371,mean diff,-0.5370370370370371,1.679094128672362,,,-0.31983736222201276,,0.4545454545454546,,144.0,0.0220408252034759,,0.19836742683128308,0.2511684472267276,True,False,False,10,1755,llm_convincing|pairwise
primary,manipulation,planned_D,inline_vs_block,implicit − explicit,54,-0.6157407407407407,mean D,-0.6157407407407407,1.9198030577569736,-1.1277948674270406,-0.1036866140544409,-0.32073120117859866,,,,-2.356883362432516,0.022156216538733082,0.022128090517325633,0.044312433077466164,0.2511684472267276,True,True,False,4,1755,manipulation|planned_D
raw_item,llm_helpful,bfi_level,level~bfi_e,person mean ~ E,54,-0.31077218692718056,Spearman rho,,,,,,,,-0.31077218692718056,-0.31077218692718056,0.022182968273585627,,0.11091484136792813,0.2511684472267276,True,False,False,5,1755,llm_helpful|bfi_level
raw_item,llm_helpful,planned_D,early_vs_late,early − late,54,-0.3611111111111111,mean D,-0.3611111111111111,1.130272411089663,-0.6625798737738491,-0.05964234844837313,-0.3194903348680114,,,,-2.347764894532671,0.022652078594118233,0.022071943863880936,0.09060831437647293,0.25483588418383013,True,False,False,4,1755,llm_helpful|planned_D
process,user_msg_len_median,pairwise,inline_early - block_late,implicit early − explicit late,54,-18.083333333333332,mean diff,-18.083333333333332,81.59256521346298,,,-0.22162967037527995,,0.3542087542087542,,479.5,0.02354029031265751,,0.23540290312657508,0.26314146177524794,True,False,False,10,1755,user_msg_len_median|pairwise
raw_item,llm_skeptical,pairwise,inline_early - inline_late,implicit early − implicit late,54,0.7037037037037037,mean diff,0.7037037037037037,2.2789407472376255,,,0.3087854322481551,,0.4474153297682709,,155.0,0.024016237081991673,,0.24016237081991673,0.2666888355323997,True,False,False,10,1755,llm_skeptical|pairwise
raw_item,personality_influence,bfi_moderation,inline_vs_block~bfi_c,implicit − explicit ~ C,54,0.3065505985520985,Spearman rho,,,,,,,,0.3065505985520985,0.3065505985520985,0.024161552620884073,,0.36242328931326107,0.2666888355323997,True,False,False,15,1755,personality_influence|bfi_moderation
raw_item,llm_changed_mind,bfi_moderation,any_ad_vs_no_ads~bfi_e,any ad − no ad ~ E,54,0.30423410509106236,Spearman rho,,,,,,,,0.30423410509106236,0.30423410509106236,0.025308970697450084,,0.3543255897643012,0.2764822070180831,True,False,False,15,1755,llm_changed_mind|bfi_moderation
primary,trust,pairwise,inline_late - block_early,implicit late − explicit early,54,0.5925925925925926,mean diff,0.5925925925925926,1.7539015109557246,,,0.3378710770764322,,0.44507575757575757,,146.5,0.02536389477487828,,0.22827505297390452,0.2764822070180831,True,False,False,10,1755,trust|pairwise
secondary,convincingness,pairwise,inline_early - inline_late,implicit early − implicit late,54,-0.5185185185185186,mean diff,-0.5185185185185186,1.5111974324832926,,,-0.34311765449896053,,0.3816425120772947,,320.0,0.02561649309267244,,0.23054843783405196,0.2775120085039514,True,False,False,10,1755,convincingness|pairwise
raw_item,llm_relevant,pairwise,no_ads - inline_early,no ad − implicit early,54,0.4444444444444444,mean diff,0.4444444444444444,1.3690192973358657,,,0.3246443971311001,,0.45977011494252873,,117.5,0.026565360998974604,,0.21252288799179683,0.2857224995306252,True,False,False,10,1755,llm_relevant|pairwise
item_pair,behaviour_manipulate,pairwise,no_ads - block_late,no ad − explicit late,54,-0.8888888888888888,mean diff,-0.8888888888888888,2.611055354237647,,,-0.3404328014135184,,0.4153627311522048,,205.5,0.026699994258132496,,0.16019996554879498,0.2857224995306252,True,False,False,10,1755,behaviour_manipulate|pairwise
secondary,relevance,pairwise,inline_early - inline_late,implicit early − implicit late,54,-0.3580246913580246,mean diff,-0.3580246913580246,1.4763713404183256,,,-0.24250314372573728,,0.38689217758985206,,290.0,0.026934898350047153,,0.18854428845033008,0.28648937335959246,True,False,False,10,1755,relevance|pairwise
raw_item,personality_changed_mind,bfi_moderation,any_ad_vs_no_ads~bfi_o,any ad − no ad ~ O,54,-0.29994874880339356,Spearman rho,,,,,,,,-0.29994874880339356,-0.29994874880339356,0.02755239285890074,,0.3581811071657096,0.2905032972561888,True,False,False,15,1755,personality_changed_mind|bfi_moderation
raw_item,llm_changed_mind,planned_D,early_vs_late,early − late,54,-0.4166666666666667,mean D,-0.4166666666666667,1.3519727026383506,-0.7772678224758647,-0.05606551085746875,-0.3081916268379895,,,,-2.2647366862539484,0.02764333369902195,0.042703266902284896,0.08293000109706586,0.2905032972561888,True,False,False,4,1755,llm_changed_mind|planned_D
raw_item,llm_impartial,bfi_moderation,any_ad_vs_no_ads~bfi_a,any ad − no ad ~ A,54,0.2992837705256103,Spearman rho,,,,,,,,0.2992837705256103,0.2992837705256103,0.027915005377966973,,0.4187250806695046,0.2916121097519764,True,False,False,15,1755,llm_impartial|bfi_moderation
secondary,neutrality,pairwise,inline_early - block_late,implicit early − explicit late,54,-0.4012345679012346,mean diff,-0.4012345679012346,1.648809531317819,,,-0.2433480400738258,,0.36,,392.0,0.02813864661210583,,0.2532478195089525,0.29220902251032976,True,False,False,10,1755,neutrality|pairwise
secondary,helpfulness,planned_D,early_vs_late,early − late,54,-0.32716049382716056,mean D,-0.32716049382716056,1.072802206064305,-0.6133006760264813,-0.04102031162783981,-0.3049588190421284,,,,-2.240980497644895,0.029240572555096215,0.020939575284660335,0.11696229022038486,0.30186591078937564,True,False,False,4,1755,helpfulness|planned_D
raw_item,llm_not_aid,bfi_moderation,any_ad_vs_no_ads~bfi_e,any ad − no ad ~ E,54,-0.2948707025087525,Spearman rho,,,,,,,,-0.2948707025087525,-0.2948707025087525,0.03042400806070868,,0.39551210478921284,0.3110834153526378,True,False,False,15,1755,llm_not_aid|bfi_moderation
item_pair,notice_brands,bfi_moderation,any_ad_vs_no_ads~bfi_c,any ad − no ad ~ C,54,0.2947622713814585,Spearman rho,,,,,,,,0.2947622713814585,0.2947622713814585,0.030487947259631738,,0.4268312616348443,0.3110834153526378,True,False,False,15,1755,notice_brands|bfi_moderation
raw_item,llm_convincing,friedman,friedman_4ad,friedman 4ad,54,0.054727095516569624,Kendall W,,,,,,0.054727095516569624,,,8.865789473684279,0.031129546951812036,,0.06225909390362407,0.31579395896202384,True,False,False,2,1755,llm_convincing|friedman
raw_item,llm_relevant,pairwise,no_ads - block_early,no ad − explicit early,54,0.5555555555555556,mean diff,0.5555555555555556,1.744713488579917,,,0.31842222759895183,,0.4206773618538324,,162.5,0.03133039078170817,,0.21931273547195718,0.3160048035741255,True,False,False,10,1755,llm_relevant|pairwise
raw_item,llm_helpful,bfi_moderation,inline_vs_block~bfi_c,implicit − explicit ~ C,54,0.29142254957683256,Spearman rho,,,,,,,,0.29142254957683256,0.29142254957683256,0.03251286849497725,,0.4876930274246587,0.32605762404962896,True,False,False,15,1755,llm_helpful|bfi_moderation
raw_item,llm_skeptical,pairwise,inline_early - block_late,implicit early − explicit late,54,0.6296296296296297,mean diff,0.6296296296296297,2.085858009027101,,,0.3018564192311947,,0.428030303030303,,151.0,0.033043541918010004,,0.29739187726209004,0.32949668219379297,True,False,False,10,1755,llm_skeptical|pairwise
raw_item,llm_addressed,pairwise,block_early - block_late,explicit early − explicit late,54,-0.5185185185185185,mean diff,-0.5185185185185185,2.2041191347175295,,,-0.23524976955702062,,0.3846153846153846,,228.0,0.035213997768429074,,0.3169259799158617,0.3471996078196352,True,False,False,10,1755,llm_addressed|pairwise
raw_item,llm_skeptical,bfi_moderation,inline_vs_block~bfi_a,implicit − explicit ~ A,54,-0.2868819706530498,Spearman rho,,,,,,,,-0.2868819706530498,-0.2868819706530498,0.03544412586047027,,0.531661887907054,0.3471996078196352,True,False,False,15,1755,llm_skeptical|bfi_moderation
raw_item,llm_made_up,bfi_moderation,inline_vs_block~bfi_a,implicit − explicit ~ A,54,-0.2868219958631455,Spearman rho,,,,,,,,-0.2868219958631455,-0.2868219958631455,0.03548426143916163,,0.5322639215874244,0.3471996078196352,True,False,False,15,1755,llm_made_up|bfi_moderation
raw_item,llm_changed_mind,pairwise,inline_late - block_late,implicit late − explicit late,54,-0.6481481481481481,mean diff,-0.6481481481481481,2.1905233923322975,,,-0.2958873438270161,,0.36257928118393234,,301.5,0.035610216186629254,,0.32049194567966327,0.3471996078196352,True,False,False,10,1755,llm_changed_mind|pairwise
raw_item,llm_not_aid,bfi_level,level~bfi_e,person mean ~ E,54,0.28611947311642544,Spearman rho,,,,,,,,0.28611947311642544,0.28611947311642544,0.03595720404183519,,0.17978602020917595,0.3486458181956948,True,False,False,5,1755,llm_not_aid|bfi_level
raw_item,llm_relevant,friedman,friedman_4ad,friedman 4ad,54,0.05252425044091746,Kendall W,,,,,,0.05252425044091746,,,8.508928571428628,0.036585273686305465,,0.036585273686305465,0.35278656768937416,True,True,False,2,1755,llm_relevant|friedman
raw_item,llm_suggestions,bfi_moderation,inline_vs_block~bfi_a,implicit − explicit ~ A,54,0.2829122507541661,Spearman rho,,,,,,,,0.2829122507541661,0.2829122507541661,0.038183088952499375,,0.5345632453349912,0.36380450577378565,True,False,False,15,1755,llm_suggestions|bfi_moderation
item_pair,behaviour_manipulate,pairwise,block_early - block_late,explicit early − explicit late,54,0.6666666666666666,mean diff,0.6666666666666666,2.3870720993608825,,,0.27928216615039014,,0.3643410852713178,,287.0,0.038229845451469596,,0.19114922725734798,0.36380450577378565,True,False,False,10,1755,behaviour_manipulate|pairwise
raw_item,llm_reliable,bfi_moderation,any_ad_vs_no_ads~bfi_n,any ad − no ad ~ N,54,-0.28246502696491305,Spearman rho,,,,,,,,-0.28246502696491305,-0.28246502696491305,0.03850231870907448,,0.5390324619270427,0.36380450577378565,True,False,False,15,1755,llm_reliable|bfi_moderation
process,time_to_first_user_sec,pairwise,inline_late - block_late,implicit late − explicit late,54,-11.851851851851851,mean diff,-11.851851851851851,56.03752361685617,,,-0.2114984939892454,,0.32634521313766596,,482.0,0.03871039774556295,,0.3871039774556295,0.36380450577378565,True,False,False,10,1755,time_to_first_user_sec|pairwise
raw_item,llm_not_useful,pairwise,inline_early - inline_late,implicit early − implicit late,54,0.48148148148148145,mean diff,0.48148148148148145,1.9785714375813823,,,0.24334804007382585,,0.39831932773109247,,179.0,0.03879958187781449,,0.3491962369003304,0.36380450577378565,True,False,False,10,1755,llm_not_useful|pairwise
item_pair,behaviour_pushing,pairwise,inline_early - block_early,implicit early − explicit early,54,-0.8888888888888888,mean diff,-0.8888888888888888,3.007328574870512,,,-0.2955742502886178,,0.36323366555924697,,287.5,0.038971650760952534,,0.2338299045657152,0.36380450577378565,True,False,False,10,1755,behaviour_pushing|pairwise
primary,credibility,pairwise,no_ads - block_early,no ad − explicit early,54,0.2592592592592592,mean diff,0.2592592592592592,1.2211735543138067,,,0.2123033686271894,,0.37564102564102564,,243.5,0.039948378407803686,,0.3595354056702332,0.3709492280724628,True,False,False,10,1755,credibility|pairwise
secondary,helpfulness,bfi_moderation,inline_vs_block~bfi_a,implicit − explicit ~ A,54,0.2797216713993526,Spearman rho,,,,,,,,0.2797216713993526,0.2797216713993526,0.040509058256003413,,0.5671268155840478,0.3741757749436105,True,False,False,15,1755,helpfulness|bfi_moderation
raw_item,personality_influence,friedman,friedman_4ad,friedman 4ad,54,0.050701186623516595,Kendall W,,,,,,0.050701186623516595,,,8.213592233009688,0.04179761330219716,,0.08359522660439432,0.3840566039023875,True,False,False,2,1755,personality_influence|friedman
process,user_msg_len_sum,bfi_moderation,any_ad_vs_no_ads~bfi_n,any ad − no ad ~ N,54,-0.2769471957959038,Spearman rho,,,,,,,,-0.2769471957959038,-0.2769471957959038,0.04262532047559195,,0.6393798071338792,0.3865517328222344,True,False,False,15,1755,user_msg_len_sum|bfi_moderation
raw_item,llm_convincing,bfi_moderation,inline_vs_block~bfi_a,implicit − explicit ~ A,54,0.2768171227969989,Spearman rho,,,,,,,,0.2768171227969989,0.2768171227969989,0.04272672060267966,,0.6409008090401949,0.3865517328222344,True,False,False,15,1755,llm_convincing|bfi_moderation
raw_item,llm_impartial,pairwise,block_early - block_late,explicit early − explicit late,54,-0.6296296296296297,mean diff,-0.6296296296296297,2.259539912228721,,,-0.27865390924145605,,0.367948717948718,,246.5,0.04291168524987125,,0.34329348199897,0.3865517328222344,True,False,False,10,1755,llm_impartial|pairwise
raw_item,llm_changed_mind,pairwise,inline_early - block_early,implicit early − explicit early,54,-0.4444444444444444,mean diff,-0.4444444444444444,1.849698258581313,,,-0.2402794306490431,,0.3711201079622132,,233.0,0.042950192535803816,,0.34360154028643053,0.3865517328222344,True,False,False,10,1755,llm_changed_mind|pairwise
process,assistant_msg_len_median,pairwise,inline_late - block_early,implicit late − explicit early,54,233.90740740740742,mean diff,233.90740740740742,941.4921019622536,,,0.24844330283801494,,0.3158249158249158,,508.0,0.04347625785437222,,0.43476257854372224,0.3892899619103227,True,False,False,10,1755,assistant_msg_len_median|pairwise
item_pair,notice_sponsored,bfi_moderation,inline_vs_block~bfi_o,implicit − explicit ~ O,54,0.2750826859452626,Spearman rho,,,,,,,,0.2750826859452626,0.2750826859452626,0.044097845709278466,,0.661467685639177,0.39093304357307035,True,False,False,15,1755,notice_sponsored|bfi_moderation
raw_item,llm_not_useful,pairwise,inline_early - block_late,implicit early − explicit late,54,0.48148148148148145,mean diff,0.48148148148148145,1.70172765420456,,,0.28293686142542046,,0.3841269841269841,,194.0,0.044162207099657055,,0.35329765679725644,0.39093304357307035,True,False,False,10,1755,llm_not_useful|pairwise
process,duration_sec,bfi_level,level~bfi_a,person mean ~ A,54,0.2747604282292238,Spearman rho,,,,,,,,0.2747604282292238,0.2747604282292238,0.04435652935782046,,0.2217826467891023,0.39093304357307035,True,False,False,5,1755,duration_sec|bfi_level
raw_item,llm_convincing,pairwise,block_early - block_late,explicit early − explicit late,54,-0.5370370370370371,mean diff,-0.5370370370370371,2.4084204716813247,,,-0.22298308927017638,,0.36707152496626183,,234.5,0.0445507741963613,,0.3564061935708904,0.39093304357307035,True,False,False,10,1755,llm_convincing|pairwise
raw_item,llm_not_useful,pairwise,block_early - block_late,explicit early − explicit late,54,0.5925925925925926,mean diff,0.5925925925925926,2.078810604408371,,,0.28506329116078577,,0.3798798798798799,,206.5,0.04490558763282443,,0.35329765679725644,0.39208610097316854,True,False,False,10,1755,llm_not_useful|pairwise
secondary,neutrality,pairwise,no_ads - block_early,no ad − explicit early,54,0.462962962962963,mean diff,0.462962962962963,1.6024308927058208,,,0.2889129041822306,,0.32202111613876316,,449.5,0.045137529456131566,,0.3611002356490525,0.3921602187896579,True,False,False,10,1755,neutrality|pairwise
process,user_n_words_median,pairwise,inline_early - block_late,implicit early − explicit late,54,-3.6018518518518516,mean diff,-3.6018518518518516,16.054558992089078,,,-0.22435071892206274,,0.31245791245791243,,510.5,0.0456849133481534,,0.456849133481534,0.39496070406901096,True,False,False,10,1755,user_n_words_median|pairwise
trajectory,traj_shifted_into_purchasable,bfi_moderation,any_ad_vs_no_ads~bfi_o,any ad − no ad ~ O,54,0.272195544848312,Spearman rho,,,,,,,,0.272195544848312,0.272195544848312,0.04646004409442321,,0.6969006614163482,0.39839458835334507,True,False,False,15,1755,traj_shifted_into_purchasable|bfi_moderation
raw_item,llm_convincing,friedman,friedman_5,friedman 5,54,0.04465408805031461,Kendall W,,,,,,0.04465408805031461,,,9.645283018867955,0.04684610164442408,,0.06225909390362407,0.39839458835334507,True,False,False,2,1755,llm_convincing|friedman
raw_item,llm_not_useful,bfi_moderation,early_vs_late~bfi_e,early − late ~ E,54,0.27132333863773017,Spearman rho,,,,,,,,0.27132333863773017,0.27132333863773017,0.04719366384467515,,0.6607112938254521,0.39839458835334507,True,False,False,15,1755,llm_not_useful|bfi_moderation
primary,manipulation,pairwise,inline_early - block_early,implicit early − explicit early,54,-0.7129629629629629,mean diff,-0.7129629629629629,2.636109647581844,,,-0.27046028362931646,,0.32738095238095233,,395.5,0.0479474405263931,,0.1917897621055724,0.39839458835334507,True,False,False,10,1755,manipulation|pairwise
raw_item,llm_made_up,bfi_moderation,any_ad_vs_no_ads~bfi_o,any ad − no ad ~ O,54,0.2704166883909881,Spearman rho,,,,,,,,0.2704166883909881,0.2704166883909881,0.04796625234981318,,0.6715275328973845,0.39839458835334507,True,False,False,15,1755,llm_made_up|bfi_moderation
item_pair,notice_brands,friedman,friedman_4ad,friedman 4ad,54,0.04879101899827269,Kendall W,,,,,,0.04879101899827269,,,7.904145077720176,0.048034838969667815,,0.048034838969667815,0.39839458835334507,True,True,False,2,1755,notice_brands|friedman
raw_item,personality_influence,friedman,friedman_5,friedman 5,54,0.044350354973912064,Kendall W,,,,,,0.044350354973912064,,,9.579676674365006,0.0481355655282249,,0.08359522660439432,0.39839458835334507,True,False,False,2,1755,personality_influence|friedman
primary,trust,bfi_level,level~bfi_o,person mean ~ O,54,-0.2701352787167515,Spearman rho,,,,,,,,-0.2701352787167515,-0.2701352787167515,0.04820813867807988,,0.2410406933903994,0.39839458835334507,True,False,False,5,1755,trust|bfi_level
item_pair,behaviour_manipulate,friedman,friedman_4ad,friedman 4ad,54,0.04869684499314186,Kendall W,,,,,,0.04869684499314186,,,7.888888888888982,0.04836472794465695,,0.04836472794465695,0.39839458835334507,True,True,False,2,1755,behaviour_manipulate|friedman
process,user_msg_len_median,pairwise,block_early - block_late,explicit early − explicit late,54,-9.75925925925926,mean diff,-9.75925925925926,64.9187983895775,,,-0.15033025104213998,,0.30841750841750837,,513.5,0.04861008824468431,,0.4374907942021588,0.39839458835334507,True,False,False,10,1755,user_msg_len_median|pairwise
raw_item,llm_convincing,pairwise,inline_early - block_late,implicit early − explicit late,54,-0.4074074074074074,mean diff,-0.4074074074074074,1.868492667835605,,,-0.21804067761172086,,0.373015873015873,,197.5,0.048771370596414086,,0.3564061935708904,0.39839458835334507,True,False,False,10,1755,llm_convincing|pairwise
primary,trust,friedman,friedman_5,friedman 5,54,0.044195455960162215,Kendall W,,,,,,0.044195455960162215,,,9.546218487395038,0.04880617464157789,,0.09761234928315578,0.39839458835334507,True,False,False,2,1755,trust|friedman
