subject_id,experiment_id,window_id,window_type,condition,ad_mode,trial_index,primary_analysis_eligible,ica_applied,source_xdf,fz_theta_power_db_uv2_median,fz_theta_power_db_uv2_mean,posterior_alpha_power_db_uv2_median,posterior_alpha_power_db_uv2_mean,theta_power_db_uv2_median,theta_power_db_uv2_mean,alpha_power_db_uv2_median,alpha_power_db_uv2_mean,beta_power_db_uv2_median,beta_power_db_uv2_mean,faa_log_f4_minus_f3_median,faa_log_f4_minus_f3_mean,delta_power_db_uv2_median,delta_power_db_uv2_mean,gamma_power_db_uv2_median,gamma_power_db_uv2_mean,delta_relative_power_median,delta_relative_power_mean,theta_relative_power_median,theta_relative_power_mean,alpha_relative_power_median,alpha_relative_power_mean,beta_relative_power_median,beta_relative_power_mean,gamma_relative_power_median,gamma_relative_power_mean,engagement_beta_over_alpha_theta_median,engagement_beta_over_alpha_theta_mean,engagement_pope_frontocentral_beta_over_alpha_theta_median,engagement_pope_frontocentral_beta_over_alpha_theta_mean,engagement_kislov_central_beta16_24_over_alpha8_12_median,engagement_kislov_central_beta16_24_over_alpha8_12_mean,complete_epoch_count,retained_epoch_count
lab_subject_1,exp_20260721T091553Z_7b92ec42,lab_subject_1__condition_04,condition,no_ads,,3,yes,yes,src/project/logs/xdf/bronze/lab_subject_1/sub-P001_ses-S001_task-Default_run-001_eeg.xdf,7.4918921983629545,7.547258516702375,5.247752863696984,5.2314418703247725,8.997725023284517,8.517177071150154,4.2238850044262435,4.132155407889877,7.779118272642151,8.005953957409618,-0.0791622932956102,-0.0608032692540843,17.914560256610876,17.095024823622378,3.297134128276487,3.682388913525231,0.7607076421578716,0.7048987561790391,0.10193171656492411,0.09993237478382598,0.03257413807964067,0.04142744507353027,0.07627273912758455,0.11141702652353358,0.027604238300514422,0.04232439744007107,0.5792428958209018,0.7594525400476915,0.8156181666515939,0.9963770560345889,1.5328534924959485,1.786006586653031,167,167
lab_subject_1,exp_20260721T091553Z_7b92ec42,lab_subject_1__condition_03,condition,inline_early,inline_persuasive,2,yes,yes,src/project/logs/xdf/bronze/lab_subject_1/sub-P001_ses-S001_task-Default_run-001_eeg.xdf,7.341558458974841,7.232461888263814,5.192945554002277,5.241525491744784,7.836900979821964,7.802514967178386,3.9795595034814246,4.028592794818135,8.496631611267457,8.683723683115002,0.013391209997813291,0.009318673014075329,16.420908682543022,16.256628210479608,4.494400699488193,4.745634030004143,0.7049849815479557,0.6595712790091297,0.09462901701168609,0.0946944887347894,0.038797106646640295,0.04363761436839454,0.11573975485591613,0.14294424260498084,0.04597373501720695,0.05915237528270554,0.8320067992913964,1.0042358878689357,1.1549051350638935,1.2970827365644417,2.3517396025209103,2.834913959460954,251,251
lab_subject_1,exp_20260721T091553Z_7b92ec42,lab_subject_1__condition_02,condition,inline_late,inline_persuasive,1,yes,yes,src/project/logs/xdf/bronze/lab_subject_1/sub-P001_ses-S001_task-Default_run-001_eeg.xdf,7.094813164083098,7.088615572094924,5.081764380760822,4.918289756296473,8.254525159572154,7.806260888570538,4.031386276343083,3.961706320820784,8.518713028675712,8.723620478981344,-0.036315858227663256,-0.05854418270517881,16.436220650468226,15.779718814852774,4.326408949917286,4.558498646540113,0.6692290312854061,0.6377036141199316,0.10160437077169675,0.1015784916196239,0.041550581529414383,0.04573860826060605,0.116779239904394,0.15554639761940242,0.0463086433382348,0.059432888380436026,0.7850823314688237,1.030430714393491,1.2411673977398967,1.4936215881130883,3.0914264011180475,3.653038138579258,193,193
lab_subject_1,exp_20260721T091553Z_7b92ec42,lab_subject_1__condition_01,condition,block_early,explicit_ad_block,0,yes,yes,src/project/logs/xdf/bronze/lab_subject_1/sub-P001_ses-S001_task-Default_run-001_eeg.xdf,7.197584137025828,7.268933768708918,5.745602745558427,5.59501257969002,8.517091122663848,8.103389772710472,4.418242376962851,4.252166622235946,8.986379224704555,9.035431990100419,-0.02603713889849857,-0.008975090449651299,16.470611244289714,15.890381630159407,4.9976764078786475,5.009936045810179,0.6796390606923389,0.6336873034268173,0.10222494810318357,0.10408692121694177,0.04297983481978143,0.0458092702279235,0.11778478056029028,0.15609050513673775,0.049203004902504774,0.06032599999157966,0.7929195861004391,1.0016729645422355,1.320951243120398,1.5467194541085736,3.0569852091093557,3.8843887642733086,211,211
lab_subject_1,exp_20260721T091553Z_7b92ec42,lab_subject_1__condition_00,condition,block_late,explicit_ad_block,0,yes,yes,src/project/logs/xdf/bronze/lab_subject_1/sub-P001_ses-S001_task-Default_run-001_eeg.xdf,7.667114109845468,7.435727735808168,6.031839200866489,6.07156104926067,8.271628338102937,8.166465274389003,4.529532768633117,4.543593537493978,8.917677178102863,9.079403732658953,0.022782953402048278,-0.03468186173995602,16.585904636139468,16.458437314405952,4.76183306448571,5.085910664461594,0.6700438155746395,0.6598964657804135,0.10070323241715322,0.09885766978125368,0.04225556828175288,0.046366622380009485,0.1208365630041847,0.13914573951119225,0.04826226098378045,0.05573350254713122,0.8616194428674191,0.9423737387110844,1.2493582632499913,1.4189087930391606,3.0118305007753747,3.5150128102193783,150,150
lab_subject_10,exp_20260728T091433Z_242026ac,lab_subject_10__condition_04,condition,no_ads,,3,yes,yes,src/project/logs/xdf/bronze/lab_subject_10/sub-P010_ses-S001_task-Default_run-001_eeg.xdf,9.181100018757576,9.497226883493282,8.893378884296101,8.851971159912557,8.441077684542787,8.492695133937124,8.571533164942498,8.66810102366134,5.866407260702459,6.115512834378198,0.6284134969114312,0.6306277387291415,13.271994232121456,13.535578115014664,-0.7374238623135085,-0.14552447642753732,0.5011676799644182,0.521823648320829,0.15789994292603005,0.16581983335776704,0.1869297529997756,0.1853465951692742,0.10030134528704539,0.10008606843824389,0.021183273489950593,0.026923854713885958,0.27102404168743177,0.30577844460201253,0.22494456790410736,0.25623058343679683,0.1908576091169936,0.21509239950726214,109,109
lab_subject_10,exp_20260728T091433Z_242026ac,lab_subject_10__condition_02,condition,inline_early,inline_persuasive,1,yes,yes,src/project/logs/xdf/bronze/lab_subject_10/sub-P010_ses-S001_task-Default_run-001_eeg.xdf,8.800588628318808,9.179616730892457,8.833655158383605,8.789849177669085,8.168095634356792,8.197430225420959,8.531514032820393,8.53039032590246,5.746252300651198,5.880366560829041,0.6753975547346709,0.6080205316923062,13.086113807140118,13.500664002170993,-0.9499643676516624,-0.5827791728439974,0.5219670776402333,0.5323469293521416,0.16086031482240407,0.16122762867793639,0.18157456302073194,0.18506195044573928,0.09017158450406831,0.09637486005316166,0.01858113116214983,0.024988631471021143,0.2714445701010725,0.29602461420455334,0.21381419491413267,0.26297755854038807,0.19206987828332106,0.2496518827232776,70,70
lab_subject_10,exp_20260728T091433Z_242026ac,lab_subject_10__condition_00,condition,inline_late,inline_persuasive,0,yes,yes,src/project/logs/xdf/bronze/lab_subject_10/sub-P010_ses-S001_task-Default_run-001_eeg.xdf,8.902988203872074,9.215478908390343,7.972602276432795,8.237257062814654,8.118380656871704,8.202322948212222,7.49085147529444,7.6972964458389095,5.369232174943315,5.60490868456241,0.6332306380623951,0.643332959028463,14.084521987143379,14.20887306036404,-2.4869820583884428,-1.6902979808902014,0.6007452714081087,0.5893987740142931,0.1497920310135577,0.15202640447780735,0.13412394833868968,0.15100999331359863,0.08394676159838328,0.08875554675031995,0.013757854099315505,0.018809281443980953,0.2803668158037479,0.3083745032967601,0.2329219248821486,0.26925123959572184,0.25065607869568873,0.29681208237257795,238,238
lab_subject_10,exp_20260728T091433Z_242026ac,lab_subject_10__condition_01,condition,block_early,explicit_ad_block,0,yes,yes,src/project/logs/xdf/bronze/lab_subject_10/sub-P010_ses-S001_task-Default_run-001_eeg.xdf,8.249357191956673,8.688911593002215,8.318168853304469,8.532023405008655,7.877175206319947,7.95080803815072,7.826767869102176,8.06366593485721,5.310250657150824,5.606122879665894,0.6440798785340753,0.6358707112378997,14.043289782043217,13.998726325548022,-2.336087673589441,-1.3081376901685504,0.5721364353560472,0.573276422465028,0.139424920086742,0.1473972816395318,0.1592717274544248,0.1667783489772485,0.08478701022829646,0.09073645455669706,0.016314446170086875,0.0218114923614946,0.2761444149752017,0.30552410864697327,0.2323271318645695,0.2631108602467215,0.20712056463323422,0.24134337045816082,162,162
lab_subject_10,exp_20260728T091433Z_242026ac,lab_subject_10__condition_03,condition,block_late,explicit_ad_block,2,yes,yes,src/project/logs/xdf/bronze/lab_subject_10/sub-P010_ses-S001_task-Default_run-001_eeg.xdf,8.546222630483037,8.966994625332447,8.855822418944797,9.046906248908133,7.967676569901601,8.107185990737966,8.27192771325136,8.358077042705366,5.067884582712482,5.0849839333359155,0.35687643769421484,0.42584060053241374,14.056738919214503,13.512596661089553,-3.546740751404596,-2.7767003167016155,0.5936272031632011,0.5554887703650211,0.15599084713187422,0.16166132415404008,0.16515182271578505,0.1841611055626337,0.07590389639167244,0.08359677708308402,0.012646934773441745,0.015092022835220964,0.2397671646944945,0.2520619407903067,0.20066467578509506,0.2218523678380452,0.16646071278520758,0.19800259346479288,54,54
lab_subject_11,exp_20260728T164420Z_99421c58,lab_subject_11__condition_02,condition,no_ads,,1,yes,yes,src/project/logs/xdf/bronze/lab_subject_11/sub-P011_ses-S001_task-Default_run-001_eeg.xdf,5.845462051214901,5.812562153241628,7.757311285317757,7.865543244698345,7.211224086530014,7.145692308749084,7.368375123633207,7.57281725620314,8.7521929991365,8.811539512619541,0.3467016399343521,0.34256630045987607,14.123100635145187,14.370751970416048,2.0271436499055984,2.3225707532686717,0.541892921975005,0.5647815797019261,0.10853434600799,0.10803508283178069,0.11429888106414733,0.12715298464342545,0.16274490521266868,0.16290241337694064,0.03566180214885195,0.03712793944592704,0.6878507745503193,0.6989907645211981,0.6393508564957171,0.6438390712806747,0.6774548706779265,0.726911486740508,114,114
lab_subject_11,exp_20260728T164420Z_99421c58,lab_subject_11__condition_01,condition,inline_early,inline_persuasive,0,yes,yes,src/project/logs/xdf/bronze/lab_subject_11/sub-P011_ses-S001_task-Default_run-001_eeg.xdf,6.285207585664544,6.529285746289411,7.305571829334976,7.518269194491441,7.527478050023928,7.460499398393512,7.227282962997418,7.5700256464778315,8.800284452489201,8.938395282290864,0.3365901123787918,0.3390204166087735,14.345592385880124,14.363061353067184,2.169988249044657,2.4377457819288155,0.5678006599456968,0.5584556023037659,0.11673081123953155,0.11522465647976789,0.11485825586860837,0.12451681480387944,0.16470907790606046,0.16439489069509725,0.036689945058970455,0.03740803571748948,0.6785286104950845,0.7002775417586803,0.6304703128516834,0.631820714845167,0.7256206274596728,0.7877283246140714,126,126
lab_subject_11,exp_20260728T164420Z_99421c58,lab_subject_11__condition_03,condition,inline_late,inline_persuasive,2,yes,yes,src/project/logs/xdf/bronze/lab_subject_11/sub-P011_ses-S001_task-Default_run-001_eeg.xdf,5.918646232148186,5.911243396600783,7.6568076741234306,7.979521254201483,7.1367884501399415,7.050438243534701,7.640147806593829,7.761413353573764,8.554390878413232,8.627252256021924,0.1423739684891281,0.14605645087993893,13.561423043437745,13.75321413553995,1.469408456572752,1.6030124852701646,0.5442472823320803,0.5367736224955851,0.11484324159186485,0.11638896276624479,0.1328793249892466,0.14373250328724696,0.17217765171564522,0.16912458658462884,0.03279783636340627,0.0339803248662942,0.6518288777243002,0.6612285901149668,0.6278337639762576,0.6376832048908267,0.6802499011929326,0.7574468680489121,109,109
lab_subject_11,exp_20260728T164420Z_99421c58,lab_subject_11__condition_04,condition,block_early,explicit_ad_block,3,yes,yes,src/project/logs/xdf/bronze/lab_subject_11/sub-P011_ses-S001_task-Default_run-001_eeg.xdf,5.753119684061316,6.0185715864746765,7.756662490325614,7.961551872498367,7.330033883490865,7.338154801002736,7.690808117405062,7.931998060298388,8.409568093158633,8.49229294073196,0.3665692037962387,0.3438863385382203,14.10365112413869,14.253505506389669,0.4591540065719899,0.8459148722098102,0.5531317168285603,0.5614036206324948,0.11404730231309854,0.11545501950372007,0.1295470457314645,0.14258585226795925,0.15642645990082676,0.15340785841315976,0.025449159313921735,0.027147649182666114,0.5991728262738932,0.6137075009253322,0.5786251175145848,0.5907749791367675,0.6532984195747016,0.6793318827617626,103,103
lab_subject_11,exp_20260728T164420Z_99421c58,lab_subject_11__condition_00,condition,block_late,explicit_ad_block,0,yes,yes,src/project/logs/xdf/bronze/lab_subject_11/sub-P011_ses-S001_task-Default_run-001_eeg.xdf,6.370553223146128,6.477277766778133,7.1224805096795105,7.371127435991027,7.311471374977779,7.428117176882282,7.231411842225443,7.390546335508634,9.792732841223916,9.720957467755586,0.14018987667493654,0.13901671486566283,14.533301794789537,14.825648388775182,4.896470772598914,4.964883643090894,0.5405776941474671,0.5536508263226071,0.10137060501926085,0.10134681191243183,0.10341001497710751,0.10619773964029186,0.17886863122519303,0.17804327148645305,0.060112218188849105,0.060761350638216194,0.8489879763317789,0.8616766680227798,0.7074643204057123,0.7514850881676237,0.8788656461044215,0.9178426857011751,140,140
lab_subject_12,exp_20260728T142237Z_262a5eab,lab_subject_12__condition_00,condition,no_ads,,0,yes,yes,src/project/logs/xdf/bronze/lab_subject_12/sub-P012_ses-S001_task-Default_run-001_eeg.xdf,8.634267108038816,8.623011423824137,8.369977959976097,8.633321496325383,7.596983513176099,7.642502646110594,7.830164537736371,7.991706918554977,8.463539928913239,8.50754238574646,-0.15182158560290304,-0.1715159875813331,13.494444969166079,13.514818622251633,1.970600786252184,2.7949243780847994,0.5141104297134567,0.5084137022841053,0.1292516988728899,0.1299076927061022,0.13532855693596338,0.15513895605076727,0.15884306790437472,0.1607484185557734,0.04054099859882889,0.04579123040325189,0.5617292049987547,0.5883295904198522,0.5810862152203711,0.5868692957459976,0.5946884496883312,0.624399261017977,130,130
lab_subject_12,exp_20260728T142237Z_262a5eab,lab_subject_12__condition_02,condition,inline_early,inline_persuasive,1,yes,yes,src/project/logs/xdf/bronze/lab_subject_12/sub-P012_ses-S001_task-Default_run-001_eeg.xdf,8.78031225405978,8.69257074102446,8.665408455604698,9.124744586322795,7.66612753030177,7.6929465969012325,7.891567103201383,8.473025654057627,8.322568386663821,8.458503700948881,0.08347192850431995,0.025064474640240923,13.610488945268717,13.74507525390678,1.9137838805546497,2.202237888347503,0.5247573096947524,0.5136732469133684,0.12402324670248027,0.12507306703909518,0.1421870951804015,0.1705736097275669,0.1494666577721293,0.15346043517542465,0.034771045105575715,0.03721964114454489,0.5379141633490561,0.541967716308588,0.5509621470104049,0.5603952419275859,0.4925566232839409,0.5196208936642653,106,106
lab_subject_12,exp_20260728T142237Z_262a5eab,lab_subject_12__condition_04,condition,inline_late,inline_persuasive,3,yes,yes,src/project/logs/xdf/bronze/lab_subject_12/sub-P012_ses-S001_task-Default_run-001_eeg.xdf,8.429351400809876,8.365704491271337,8.760565013896006,8.978603299002046,7.144130064223431,7.441511014745262,7.633431721588806,8.056566137883555,7.86497538087608,8.07027405910086,-0.04877273937975701,-0.006670468052024057,14.006828479772615,14.131669634331054,0.9913273439976923,1.179406607777964,0.5694743543344641,0.5593730474395446,0.11789138318524105,0.11970934903798092,0.1310675325270009,0.1483077505125269,0.13592210509104177,0.14186782687031102,0.029626926773285274,0.03074202613963651,0.5295841737110676,0.547256812792304,0.5849102482320419,0.5961564111370564,0.49038924891886493,0.5515295626357236,65,65
lab_subject_12,exp_20260728T142237Z_262a5eab,lab_subject_12__condition_01,condition,block_early,explicit_ad_block,0,yes,yes,src/project/logs/xdf/bronze/lab_subject_12/sub-P012_ses-S001_task-Default_run-001_eeg.xdf,8.645566863348947,8.659959673366604,8.378994524159193,8.82350595423127,7.714173267498893,7.556201006668051,8.238716058236314,8.378840314209475,8.208692900034194,8.320010167394246,-0.22075536707785304,-0.20193865192656021,14.346848810415313,13.851988709508179,1.5960816231026937,1.6977219014119205,0.5744619678444917,0.5290922478821815,0.11713136418052403,0.12206129828631729,0.1435599187421818,0.16288032650200532,0.14469967563235323,0.15207013385806745,0.030526752986455158,0.03389599347142845,0.5270329719974446,0.5411943116148569,0.4741988371697843,0.5092273562687768,0.48993663149151334,0.4986759352522007,98,98
lab_subject_12,exp_20260728T142237Z_262a5eab,lab_subject_12__condition_03,condition,block_late,explicit_ad_block,2,yes,yes,src/project/logs/xdf/bronze/lab_subject_12/sub-P012_ses-S001_task-Default_run-001_eeg.xdf,8.69062307413428,8.593215731027165,8.693420077006301,8.975038104537296,7.341098415217635,7.509837191168005,8.191271934317484,8.377190529579403,8.01721600226534,8.152076313335463,-0.10664103479431652,-0.07432372649216298,13.81650679215313,13.641038500686685,1.2402162776772787,1.3436269560859506,0.5404660428689021,0.5238851755140543,0.12356885694809136,0.12674609188999572,0.14718775206648915,0.1676136795528897,0.1428672161681192,0.14983808233711496,0.02983152114978011,0.031916970705945284,0.5168413729367304,0.5239447886027189,0.5543158042855199,0.568622904575916,0.4913920616477213,0.5157071084786147,108,108
lab_subject_13,exp_20260729T085134Z_65b7fd8e,lab_subject_13__condition_02,condition,no_ads,,1,yes,yes,src/project/logs/xdf/bronze/lab_subject_13/sub-P013_ses-S001_task-Default_run-001_eeg.xdf,7.267165285942582,7.132554856675486,2.8983953926716834,3.07167574054314,6.664903279392413,6.930149983653612,3.962550878288027,3.8907380629889845,6.5810949762026505,6.298113455951803,0.4685354180590018,0.4416658609981779,16.529133426578063,17.049716196133822,1.9848527429788534,1.5028660928278414,0.7693252072505583,0.7727739085955387,0.081538048273218,0.08036940953599525,0.04253726820508516,0.04318285932366342,0.07725979452965226,0.07707393043284254,0.024815321206687044,0.0265998921119601,0.595497341104276,0.5992925763558514,0.42392712629399065,0.428575875102692,1.063379565927844,1.1171550820376088,86,86
lab_subject_13,exp_20260729T085134Z_65b7fd8e,lab_subject_13__condition_04,condition,inline_early,inline_persuasive,3,yes,yes,src/project/logs/xdf/bronze/lab_subject_13/sub-P013_ses-S001_task-Default_run-001_eeg.xdf,6.848712610248382,6.68086797597217,2.90208722237883,2.8255264564137867,7.137573422985629,6.986367699181353,4.12219394059544,3.8652066219647083,6.2212121833538,5.900110520953292,0.4527601375294985,0.44800641744242353,17.91847766480195,17.768961904140863,1.1263550784885745,0.9601699830485336,0.8199334183672924,0.814439712197331,0.07084918165098691,0.07120643807168359,0.03367781085425679,0.03583726417298019,0.05523065709118595,0.05914447899840855,0.01793136509061215,0.01937210655959658,0.5335153669088218,0.5549662425509206,0.3280650007388674,0.39721015389858005,0.9078407917723822,0.993788703181228,51,51
lab_subject_13,exp_20260729T085134Z_65b7fd8e,lab_subject_13__condition_01,condition,inline_late,inline_persuasive,0,yes,yes,src/project/logs/xdf/bronze/lab_subject_13/sub-P013_ses-S001_task-Default_run-001_eeg.xdf,6.620367689064422,6.6811853461678785,3.3991303058287157,3.3471839589776007,6.703547644066177,6.705039375140011,4.377510041706923,4.228045543459183,6.744488790712502,6.732230467221373,0.586011513749046,0.47488612450830897,16.241146360659748,15.894902651956697,2.545052187256636,2.560457042437745,0.7480705122632471,0.7233426296834454,0.08639291722811326,0.09012549168691465,0.050709485731180406,0.052736487261991594,0.0871345312578674,0.09647405330953783,0.03338745930605484,0.03732133805811041,0.654537748955221,0.6643090710111011,0.4412848052919669,0.4779962600228891,1.0674510352478817,1.150532540632497,83,83
lab_subject_13,exp_20260729T085134Z_65b7fd8e,lab_subject_13__condition_03,condition,block_early,explicit_ad_block,2,yes,yes,src/project/logs/xdf/bronze/lab_subject_13/sub-P013_ses-S001_task-Default_run-001_eeg.xdf,7.32362673581561,7.204026662214638,3.1667349119699124,3.0088036881292326,7.1748095177152065,7.122819222551516,4.243698073348609,4.09023556450954,6.2789344686239,6.185630859379822,0.602747013222162,0.5330187215167468,18.95517017890178,18.713899963956646,1.6943067178846838,1.5626527360166291,0.8471755380469511,0.8329734303330445,0.06257817724616555,0.06299574053515654,0.029944307486988092,0.03218967565139631,0.04653446962935244,0.052898427748202165,0.015367231635764068,0.01894272573220045,0.5319883978144747,0.5604632456192077,0.3375423965569013,0.3948847702116661,0.9701583377769102,1.0361999192313855,114,114
lab_subject_13,exp_20260729T085134Z_65b7fd8e,lab_subject_13__condition_00,condition,block_late,explicit_ad_block,0,yes,yes,src/project/logs/xdf/bronze/lab_subject_13/sub-P013_ses-S001_task-Default_run-001_eeg.xdf,7.4460620043326085,7.45926688088141,3.7534625240102093,3.8300292100664755,8.075518720357884,8.133155290880593,4.746821124303342,4.931323551701135,7.292877051705499,7.330294817170951,0.7978599111065598,0.6851316105639628,21.585850075306467,20.961186292168897,3.2154877654459075,3.375258324640345,0.8793085703538394,0.8592781425593672,0.04949293873044478,0.04988065607420163,0.02192645658888891,0.024557294071013296,0.034444739222018836,0.04582974938943969,0.013344654466385103,0.020454157905978394,0.542318159892024,0.6286235447264551,0.3326159512066815,0.4462299345677359,1.0322050639966678,1.1421101519147934,67,67
lab_subject_14,exp_20260729T141534Z_a0790737,lab_subject_14__condition_02,condition,no_ads,,1,yes,yes,src/project/logs/xdf/bronze/lab_subject_14/sub-P014_ses-S001_task-Default_run-001_eeg.xdf,-2.316905579702643,-2.1896831547046984,3.264697741004076,3.4682230529562186,4.943413977803484,5.1475101710170295,3.077185595279927,3.283989435483765,7.37924928387655,7.86304158357145,1.5135193250179668,1.5596916947681234,15.867165067075106,15.756531563677544,5.0422849381884385,5.459408229823959,0.7360840857963189,0.6908027317442589,0.06482022487846965,0.06462922887113229,0.039693608333829455,0.04346950545388215,0.10552847944514519,0.1290004393476525,0.06861585707049672,0.07209809458307409,1.089130956226602,1.483249348652425,1.402489298960739,1.867467145325335,1.5278495859321979,2.314017170098375,57,57
lab_subject_14,exp_20260729T141534Z_a0790737,lab_subject_14__condition_00,condition,inline_early,inline_persuasive,0,yes,yes,src/project/logs/xdf/bronze/lab_subject_14/sub-P014_ses-S001_task-Default_run-001_eeg.xdf,-2.1630103092219106,-2.079894384482699,4.1345238687991746,4.289270180436853,4.70321796837389,4.870694186838195,2.9186074481276156,3.1180719436646367,6.8394888343199876,7.206984124328383,1.281031979749688,1.2581224908986206,17.885918835207704,17.523209880397275,4.095817671676054,4.561900577576782,0.8109475196988749,0.7713222411081923,0.043795957198273505,0.05196454811645981,0.02781456033445403,0.03655541370452279,0.0708934426102418,0.09066076514069593,0.041143566309796376,0.049497031930129144,1.0414686546357355,1.0553378385737724,1.204968459146015,1.3081823422488086,1.4196628861143357,1.5495912755966743,148,148
lab_subject_14,exp_20260729T141534Z_a0790737,lab_subject_14__condition_01,condition,inline_late,inline_persuasive,0,yes,yes,src/project/logs/xdf/bronze/lab_subject_14/sub-P014_ses-S001_task-Default_run-001_eeg.xdf,-1.9948352454523979,-1.9822676635419576,4.4633138023798775,4.6384100904079695,5.679981150103567,5.47654478767816,3.383269199875131,3.5129128016108995,7.742420656930742,7.613039716834261,1.3911702654112155,1.3843350928751799,16.339489535489726,15.727536137586007,5.2312378606057806,5.223456357776645,0.742359169958807,0.6890894164986008,0.06567065633150124,0.07050455182284544,0.03824090403244944,0.04710357694693092,0.10081065296039979,0.12201207893001445,0.058355712422712855,0.07129037580160848,0.9722513259278303,1.0535464081620662,1.0787978656664858,1.1505790439240655,1.3074296072094393,1.4567656476843067,90,90
lab_subject_14,exp_20260729T141534Z_a0790737,lab_subject_14__condition_03,condition,block_early,explicit_ad_block,2,yes,yes,src/project/logs/xdf/bronze/lab_subject_14/sub-P014_ses-S001_task-Default_run-001_eeg.xdf,-2.267998420187124,-2.3099888156612693,4.468893814524262,4.718047597459105,5.702902123439656,5.603631744924116,3.330771031182191,3.550823140682215,7.800322687100452,8.071613821761627,1.5807855400633635,1.562394187016333,16.89721255584687,16.686435974168617,5.201288701597879,5.583819821334508,0.7564745024805284,0.7140702607188452,0.06465333321168618,0.06227548369378565,0.03708298217391489,0.040813045786016806,0.09745954337512366,0.11674635477969993,0.0555721833719523,0.06609485502165242,1.111514644847036,1.137678130985977,1.2297156504153584,1.2905954768743297,1.7415315669429892,1.768914463979242,71,71
lab_subject_14,exp_20260729T141534Z_a0790737,lab_subject_14__condition_04,condition,block_late,explicit_ad_block,3,yes,yes,src/project/logs/xdf/bronze/lab_subject_14/sub-P014_ses-S001_task-Default_run-001_eeg.xdf,-2.602811316663624,-2.4980751604488316,3.5956179072640895,3.8805114244166385,4.5627743738836575,4.431899518195415,2.749858966186935,2.81905768053541,6.177705228662354,6.599445209454495,1.384463504013052,1.3820205968366353,14.767527210612705,14.789311531413988,3.4290882051435023,3.7885315869003766,0.7191869218332877,0.6948812837174335,0.06472790008103897,0.07124888199411522,0.04352952005958717,0.051700391294433025,0.11134421711396042,0.11937195189532566,0.05702074304596129,0.06279749109869259,0.9547812688299179,1.0068172842704368,1.0687355388897373,1.1202079279381185,1.2569445594420607,1.3117443851191168,99,99
lab_subject_15,exp_20260730T074927Z_347e077f,lab_subject_15__condition_01,condition,no_ads,,0,yes,yes,src/project/logs/xdf/bronze/lab_subject_15/sub-P015_ses-S001_task-Default_run-001_eeg.xdf,2.8516473945626606,2.8020527862702718,1.3560431518734195,1.3391494208649983,4.140881208209146,4.528213091012184,0.9532791658475882,1.0947901203853385,2.4426758041426915,2.7225437961630643,1.2074132850210724,1.2072775671652543,15.829254603365431,16.023633873668633,-1.9475158703427906,-1.5328289903426617,0.8451195260876775,0.8245513920774912,0.06523389004408038,0.07039322846218639,0.029090085749764478,0.0346040633309129,0.04121489435268258,0.051160072797484336,0.01549149304260767,0.019291243331925334,0.4662372046428293,0.4769762126947718,0.42872221151797935,0.44171479206889,0.9036356422022067,0.9410592261982588,209,209
lab_subject_15,exp_20260730T074927Z_347e077f,lab_subject_15__condition_04,condition,inline_early,inline_persuasive,3,yes,yes,src/project/logs/xdf/bronze/lab_subject_15/sub-P015_ses-S001_task-Default_run-001_eeg.xdf,2.522034115910812,2.6417053618158444,1.4259268166334869,1.386216237901415,4.072956352797373,4.365782909563143,1.0581028768587786,1.136512404264518,2.947950707468504,3.2471973063587782,1.1510273333538787,1.1089305943935202,12.565046537708405,13.193030508237056,-0.39384277944774304,-0.23963647266781007,0.7234228733171265,0.716157062197431,0.09463073838907686,0.10114509941797692,0.049273407172654174,0.05246884565895525,0.0841529047548987,0.08841665882522881,0.03726087127539262,0.04181233390040791,0.5178190033341818,0.5512001515162713,0.4965904509508756,0.5281687857478631,0.8638281727136872,0.9431626445962239,104,104
lab_subject_15,exp_20260730T074927Z_347e077f,lab_subject_15__condition_00,condition,inline_late,inline_persuasive,0,yes,yes,src/project/logs/xdf/bronze/lab_subject_15/sub-P015_ses-S001_task-Default_run-001_eeg.xdf,2.746717578560836,2.7188004191548436,1.665770425451968,1.715409130255766,4.547868941135731,4.939853889165694,1.3219536508488643,1.4750324449129606,3.648109462551292,3.83690715611745,1.1846648239989772,1.2340769336424136,16.19255701126601,16.909774622543065,-0.0736857847267222,0.4367253175186874,0.8385682816174067,0.8289438701759582,0.05909282996108976,0.06220359105989039,0.027231459766842492,0.030657019017828992,0.04618064798565666,0.05336107549461854,0.020456992155280344,0.024834444251703877,0.5471147385329946,0.5753315240073328,0.4940751609195938,0.5035509460402124,1.0841657628207022,1.1354216481245658,124,124
lab_subject_15,exp_20260730T074927Z_347e077f,lab_subject_15__condition_02,condition,block_early,explicit_ad_block,1,yes,yes,src/project/logs/xdf/bronze/lab_subject_15/sub-P015_ses-S001_task-Default_run-001_eeg.xdf,2.6154509098007637,2.463327797444875,1.2182497673305859,1.2657952988356975,3.767351208488598,4.283072777531513,0.6684293141896754,0.9062066994413348,2.2160151375064694,2.705231159929316,1.1723074416205908,1.1566738880811689,16.117013033313583,16.18348688101447,-1.9966627295755686,-1.2355128765548458,0.8486178343546962,0.8293072561905313,0.06410409020602093,0.06663403950513444,0.02811037611343065,0.03259870998831662,0.04278235374451776,0.05052439515230599,0.017201035155844285,0.020935599163711682,0.4816396492672505,0.5198697362343834,0.4373877477340487,0.4609276995218341,0.8721363843868821,0.9322898575951513,134,134
lab_subject_15,exp_20260730T074927Z_347e077f,lab_subject_15__condition_03,condition,block_late,explicit_ad_block,2,yes,yes,src/project/logs/xdf/bronze/lab_subject_15/sub-P015_ses-S001_task-Default_run-001_eeg.xdf,2.3985967660274548,2.307803737294336,1.2640703839411378,1.252834087063231,4.327270084339609,4.377508388794261,0.7756257938424607,0.9606784476242375,2.771037442433979,3.0215560750720187,1.0904385268933279,1.1510081888817116,14.118243250686518,14.14991824230667,-0.4892890981776086,-0.43855197174570426,0.7814088907319761,0.7557476650470452,0.08541305625628884,0.0899947806380592,0.03768385644762656,0.04496241532739346,0.06306366647049433,0.07458231723197835,0.02906715121598281,0.034712821755523746,0.49731532971398007,0.5345306496334622,0.4388784275787142,0.4741532623689776,0.8786186881929098,0.9280814717281455,170,170
lab_subject_16,exp_20260730T110035Z_a5786cb8,lab_subject_16__condition_00,condition,no_ads,,0,yes,yes,src/project/logs/xdf/bronze/lab_subject_16/sub-P016_ses-S001_task-Default_run-001_eeg.xdf,4.053066664051206,3.8180950935387066,5.548851548111394,5.659854635516477,5.161216078001509,5.239777520021057,3.9671595735106733,4.113927725131145,9.925825070859027,10.025283883276881,0.9717070873357105,0.9650920183776632,16.205754980788182,16.317593159574766,6.736099164015154,7.173372680162317,0.6744200109845426,0.6499733661581728,0.05075822528436879,0.05246714515328878,0.04166924634436229,0.04229125654894542,0.1536623415048796,0.16702390812136297,0.08283276274353821,0.08824432401823003,1.709175916149945,1.7435970437181798,1.4706668794442055,1.5076197465732033,2.7453398959032564,2.792365829330244,90,90
lab_subject_16,exp_20260730T110035Z_a5786cb8,lab_subject_16__condition_01,condition,inline_early,inline_persuasive,0,yes,yes,src/project/logs/xdf/bronze/lab_subject_16/sub-P016_ses-S001_task-Default_run-001_eeg.xdf,3.9897540699717657,3.8811139323603796,6.438710565317429,6.414199271984873,4.684724646016379,4.881352279232951,4.261633398222648,4.2851387925641085,9.868189544834351,10.04970753442767,0.8098605485335106,0.7757711806195878,16.232516588965787,16.12095025361412,7.007885493134722,7.224306737248304,0.6477848777344771,0.641842553861719,0.05100196546135578,0.050089772871866126,0.04145666275632371,0.04519154767169578,0.16181773004256497,0.17158841209713963,0.08493503207559577,0.09128771349757954,1.7191597037931994,1.787522453263385,1.4437551691904866,1.4832054878171257,2.6577594759825356,2.8271190291526045,83,83
lab_subject_16,exp_20260730T110035Z_a5786cb8,lab_subject_16__condition_03,condition,inline_late,inline_persuasive,2,yes,yes,src/project/logs/xdf/bronze/lab_subject_16/sub-P016_ses-S001_task-Default_run-001_eeg.xdf,4.149020028566474,4.336623869588638,6.639011589141276,6.6972786389586565,5.048684358077679,5.421157429380297,4.2125842294473355,4.431876586596621,9.407125049169561,9.579250173378698,0.8175992863874395,0.7813448618213444,15.817458611725918,15.836540185015554,6.135164310993996,6.2825015690741655,0.6538985019733037,0.6420116047302563,0.05931196985738865,0.06066454497199002,0.049289825613858834,0.05092667121685036,0.15435739981763136,0.16804910546536353,0.07731844627584988,0.07834807361553982,1.445262674752281,1.4928126693504236,1.2020563916873348,1.2182717980565738,2.3810105956054013,2.516258861605255,60,60
lab_subject_16,exp_20260730T110035Z_a5786cb8,lab_subject_16__condition_04,condition,block_early,explicit_ad_block,3,yes,yes,src/project/logs/xdf/bronze/lab_subject_16/sub-P016_ses-S001_task-Default_run-001_eeg.xdf,4.233708660698285,4.193665948551903,6.226966892235916,6.42584402354543,5.242525162560096,5.295838785376178,4.230574558644024,4.369235667632522,9.799456439220272,9.895958128326745,0.9077712144462673,0.8942151480129357,15.867429835904254,15.913266642636843,6.748815550522319,6.780374376801259,0.6383312470981896,0.6371684129764889,0.0565588298871933,0.05830721475730919,0.0470530402256189,0.04766488359126755,0.1702342638115329,0.17201829674086586,0.08568403982343083,0.08484119193406853,1.5958306134305362,1.6351341157953372,1.3573737936976125,1.4461760188458628,2.4762799163181146,2.595699190673893,77,77
lab_subject_16,exp_20260730T110035Z_a5786cb8,lab_subject_16__condition_02,condition,block_late,explicit_ad_block,1,yes,yes,src/project/logs/xdf/bronze/lab_subject_16/sub-P016_ses-S001_task-Default_run-001_eeg.xdf,4.1081280828180065,4.144562136421303,6.089138656172965,6.06910643335875,5.442473500845335,5.692105626754095,4.307411592439184,4.329453017978998,9.362010898974654,9.73168119088897,0.8133475251663818,0.8007976589009957,17.419727561726216,17.146253054778096,6.159515782432718,6.486813155349559,0.7318504376477403,0.6996429640515239,0.05459010991560714,0.053095832365535535,0.03570730169541461,0.03919362720595832,0.12102074574189287,0.13974475814758305,0.056056367492385656,0.06832281822939922,1.4246871633019556,1.5216901720613616,1.1899180204802144,1.2957285711182989,2.5482025157994355,2.6741243635362606,77,77
lab_subject_17,exp_20260730T143127Z_9fcb5eb7,lab_subject_17__condition_02,condition,no_ads,,1,yes,yes,src/project/logs/xdf/bronze/lab_subject_17/sub-P017_ses-S001_task-Default_run-001_eeg.xdf,6.74696095141883,6.740529966513846,5.982247601061826,6.055176713271405,6.21610493722201,6.484547793011671,5.167602714259286,5.428606540858909,7.810531810779232,8.052874067284824,0.36939176302236376,0.45561818900338313,13.72597150866902,14.221224862427094,4.1827861316838355,4.5138576305583165,0.5645071087125373,0.5906051833241525,0.10339993089056393,0.10220690734283906,0.08304873132256967,0.08221589763757853,0.16204657980556636,0.15396285738117857,0.07019939963851275,0.07100915431425141,0.8068574007516167,0.8513476502741826,0.9836666189926135,1.0408159510828447,0.5669276095244865,0.5965874351272269,87,87
lab_subject_17,exp_20260730T143127Z_9fcb5eb7,lab_subject_17__condition_01,condition,inline_early,inline_persuasive,0,yes,yes,src/project/logs/xdf/bronze/lab_subject_17/sub-P017_ses-S001_task-Default_run-001_eeg.xdf,6.126336497457078,6.333538841593584,5.296047316990247,5.463148076227208,5.780785135476181,5.99636610775159,5.132989498763258,5.086998931388211,7.724208399323771,8.039062313003983,0.3297118257728151,0.35783028394028793,12.187770707828625,13.119471881494508,4.1406803073027,4.546115364224285,0.4975467940592251,0.5448249452490306,0.10542013969102683,0.10744023501624196,0.08800336904306322,0.09019958310534579,0.18745931888309264,0.1762993827465079,0.07676562353767293,0.08123585388287391,0.8410093694314552,0.9400935059268378,1.1296419575451873,1.187722954754037,0.5646383041195788,0.6317855060595594,37,37
lab_subject_17,exp_20260730T143127Z_9fcb5eb7,lab_subject_17__condition_03,condition,inline_late,inline_persuasive,2,yes,yes,src/project/logs/xdf/bronze/lab_subject_17/sub-P017_ses-S001_task-Default_run-001_eeg.xdf,6.288012575913896,6.409936460427119,6.383979807360963,5.938490571304404,5.829719164900135,6.031763018220277,5.244971927187666,5.337258935871057,8.007751013259455,8.145825109227692,0.41682868730921285,0.378579185522418,12.615436687606552,12.972425752507668,4.672022530571333,4.949723542974258,0.50722349290571,0.5296472485310397,0.1069053158636422,0.10755180804664069,0.08948751272270687,0.09574517466838796,0.18482967823290553,0.17912954073170942,0.08084135051001594,0.08792622802222226,0.8411441721443637,0.895542692063087,1.069407503880466,1.0809847637335899,0.5891045655507872,0.5851474712093073,51,51
lab_subject_17,exp_20260730T143127Z_9fcb5eb7,lab_subject_17__condition_00,condition,block_early,explicit_ad_block,0,yes,yes,src/project/logs/xdf/bronze/lab_subject_17/sub-P017_ses-S001_task-Default_run-001_eeg.xdf,5.83823507929732,6.116710298041283,6.14242299735883,6.088917961106524,6.280955213024684,6.279681750013685,5.843692746723088,6.0360375485423345,8.97664476818197,9.10827480552486,0.3029798258115548,0.2998482375609291,12.764036112764304,12.988160571846983,5.640629106456787,5.79348818032021,0.49092557360935146,0.49329381335430006,0.10496599380447888,0.10449566330036675,0.10034316925683143,0.10236243650061776,0.19542539351533816,0.20352452853465133,0.08907695331540032,0.09632355831006413,0.9623879488040851,1.0149780859649267,1.274554257557968,1.2991036708827732,0.5228738113600551,0.5725194683441229,61,61
lab_subject_17,exp_20260730T143127Z_9fcb5eb7,lab_subject_17__condition_04,condition,block_late,explicit_ad_block,3,yes,yes,src/project/logs/xdf/bronze/lab_subject_17/sub-P017_ses-S001_task-Default_run-001_eeg.xdf,6.625614911146953,6.434437668918216,5.534365685943419,5.6534085825543405,5.768299711860722,6.035486835782482,4.822799319420296,5.184621105372443,7.4881798214306885,7.6216688971184565,0.5182539622098083,0.4730245753599059,12.646843671011244,13.232627808971142,3.9380610917213814,4.312478843029164,0.5509687378759998,0.562687522960752,0.10527199889720051,0.1080607706749203,0.09251811619325223,0.09406631247492599,0.1640692151261658,0.15973529659792907,0.07593511894125705,0.07545009729147262,0.7883368321203366,0.7954281295771739,1.0632575872349426,1.0836002829867317,0.5600189039476251,0.5970781515489142,49,49
lab_subject_18,exp_20260731T134108Z_a4a5b76b,lab_subject_18__condition_01,condition,no_ads,,0,yes,yes,src/project/logs/xdf/bronze/lab_subject_18/sub-P018_ses-S001_task-Default_run-001_eeg.xdf,7.216262677966075,7.36970155933625,4.457057579871129,4.622594405115621,6.0468709184686045,5.977119586487427,3.4868450111304123,3.6521896538364573,6.768430541791902,7.168873678191323,0.15230945817052444,0.19434242180134692,13.319580623519638,13.564120263453734,3.119264989899761,3.567189791067072,0.6173732745279323,0.6106605822844331,0.11512048821852236,0.1112953053022289,0.06381613146366125,0.06515886737678296,0.13571284223598312,0.14599353317969965,0.057783768746646404,0.0668917118568554,0.7801474257807534,0.8718550032789198,0.6924251226515268,0.8872066786109911,1.0901346100824052,1.3082686239795969,61,61
lab_subject_18,exp_20260731T134108Z_a4a5b76b,lab_subject_18__condition_00,condition,inline_early,inline_persuasive,0,yes,yes,src/project/logs/xdf/bronze/lab_subject_18/sub-P018_ses-S001_task-Default_run-001_eeg.xdf,7.764906216350805,7.775128079542678,4.444741719115143,4.593928940592351,5.982815069515606,6.11218981160178,3.833763973018737,3.8573505152174934,6.860168073447432,7.406370776346027,0.1762984905425231,0.18411896772054165,13.177356464392282,13.6959809471013,3.49479610693623,3.844190968397769,0.5959115215401523,0.5985492210777001,0.10940780197935993,0.10974634912011734,0.06578827292455297,0.06554063779683714,0.1479071766199182,0.14913756025397842,0.06540665047986563,0.077026231751367,0.7850850928178807,0.9302678198438323,0.8691621750930456,1.1185682940721005,1.4207400681395064,1.5739263650752187,60,60
lab_subject_18,exp_20260731T134108Z_a4a5b76b,lab_subject_18__condition_02,condition,inline_late,inline_persuasive,1,yes,yes,src/project/logs/xdf/bronze/lab_subject_18/sub-P018_ses-S001_task-Default_run-001_eeg.xdf,8.016214021226372,7.996861111138972,4.788824575883356,4.883978255021797,6.281532007931952,6.352793397203748,3.479094338829836,3.635647227064019,6.079407040313898,6.593174424572901,0.2084419240540072,0.23582697042745424,13.293615665328486,13.742973653521172,2.012479679650429,2.740769883366616,0.629287811863892,0.6225841053010422,0.11797536206477383,0.12504648952594818,0.06527833559106455,0.06737579622455886,0.12374001909903867,0.12753172504399396,0.04620313821581316,0.05746188390445681,0.6382517915417295,0.7632493353780695,0.6387349539823771,0.8595608609827116,1.041242970073947,1.2388214047292192,165,165
lab_subject_18,exp_20260731T134108Z_a4a5b76b,lab_subject_18__condition_04,condition,block_early,explicit_ad_block,3,yes,yes,src/project/logs/xdf/bronze/lab_subject_18/sub-P018_ses-S001_task-Default_run-001_eeg.xdf,7.817818992141962,7.872929512234988,3.8714497377981596,4.248822587000915,6.548346504798431,6.374136099885543,3.3536343756401914,3.6373664258882723,5.662282682418221,6.2637110951344015,0.20067804332382622,0.22923940683917268,13.739232061902003,13.479551932021614,1.131029454144004,1.9575714643417892,0.6480091818505813,0.6241311139218201,0.11938433765075007,0.12615154762082095,0.06583717031898949,0.0704828963882824,0.11304181412443744,0.1251282486644171,0.03787005617171035,0.05410619340465952,0.6006101650107912,0.6916766256781096,0.6264216432792704,0.766799752143835,0.9262994205194136,1.0931298101143914,51,51
lab_subject_18,exp_20260731T134108Z_a4a5b76b,lab_subject_18__condition_03,condition,block_late,explicit_ad_block,2,yes,yes,src/project/logs/xdf/bronze/lab_subject_18/sub-P018_ses-S001_task-Default_run-001_eeg.xdf,8.039175818186486,8.024257918574575,4.29202202473562,4.381436956422995,6.163465206336523,6.219571552682248,3.3140801092816723,3.41542482302503,5.38918648352286,6.08651959255887,0.0934114352566624,0.16542873941055938,13.138083638625465,13.193410048699079,0.3419477924768781,1.7025666711944674,0.6312067007507132,0.6167472500970818,0.13581287843717985,0.1332249682193987,0.06960649307798122,0.06991713224002416,0.12389123836355298,0.12717294474233645,0.03970691725498428,0.05293770470115881,0.5667738792728996,0.7129985954246991,0.5271578687631646,0.7675630505716564,1.0270816733987458,1.220551989058138,118,118
lab_subject_19,exp_20260731T171043Z_61871403,lab_subject_19__condition_00,condition,no_ads,,0,yes,yes,src/project/logs/xdf/bronze/lab_subject_19/sub-P019_ses-S001_task-Default_run-001_eeg.xdf,7.518762590431587,7.500801455632506,6.202237669199184,6.333968773204168,9.34194122757798,9.387940178473555,5.8503186592054774,6.0166605860053,7.796518211227111,7.808440517201507,0.5981952636575603,0.5781874876206409,19.55098750080696,19.00924460425049,1.489378257402342,1.5489687584910146,0.8053032359141012,0.7818401173293613,0.08639106435232685,0.0891964006599915,0.04156941788981036,0.04496537389428183,0.055072407757615474,0.06747415490191963,0.012700724692084539,0.016523953214445643,0.47172889432684106,0.4903160934798015,0.48772248708869437,0.5164044518046562,1.1141746360358906,1.1659301660302606,92,92
lab_subject_19,exp_20260731T171043Z_61871403,lab_subject_19__condition_01,condition,inline_early,inline_persuasive,0,yes,yes,src/project/logs/xdf/bronze/lab_subject_19/sub-P019_ses-S001_task-Default_run-001_eeg.xdf,7.706327889724505,7.517884959881521,6.252330544931497,6.251777648501102,10.066079629224763,9.757786651556009,5.7399456884892395,5.884904797074225,7.3962950700496854,7.44819295954931,0.6047279667553163,0.5795203822209679,19.757604565046428,19.309642114308442,0.8347896123383989,0.8707649533422323,0.8148238231282676,0.7905839968964976,0.08566510696828468,0.09215497310343072,0.033907836913274286,0.04291905578326923,0.04872440550796813,0.06054441051170686,0.01083307142758304,0.013797563705095764,0.39655792658334094,0.4292298691165316,0.47326537403693686,0.4732642166007369,1.0289630377334922,1.0036725661026578,127,127
lab_subject_19,exp_20260731T171043Z_61871403,lab_subject_19__condition_02,condition,inline_late,inline_persuasive,1,yes,yes,src/project/logs/xdf/bronze/lab_subject_19/sub-P019_ses-S001_task-Default_run-001_eeg.xdf,7.690662674860718,7.71866755165858,5.883417853560067,5.997374752550291,9.774924755518521,9.849577596887613,5.800474567941642,6.01482356375001,7.199123226339352,7.2151213629606605,0.6225476873723537,0.6099657546929507,19.171693857165955,19.106656137093054,0.11882974501769901,0.39191827624611336,0.7995134259669707,0.785940110632638,0.09504434569444906,0.09701608568701438,0.03818215813693788,0.0458134243401528,0.04889749234970031,0.058193060012234295,0.010153791018371421,0.013037319327960513,0.38146486357639775,0.40381372613918487,0.44192403979611417,0.47082989970433586,0.7871247785458856,0.8125227452913633,108,108
lab_subject_19,exp_20260731T171043Z_61871403,lab_subject_19__condition_03,condition,block_early,explicit_ad_block,2,yes,yes,src/project/logs/xdf/bronze/lab_subject_19/sub-P019_ses-S001_task-Default_run-001_eeg.xdf,7.85616480846327,7.791235228408762,6.061502525413877,6.479149149580095,10.128684864369456,9.86912369588648,6.129929979234342,6.389308729798929,7.309318037253171,7.328172591651613,0.575166948986249,0.6049879648610139,19.98386231231828,19.389404897886337,-0.2972763092441711,-0.21668120290128634,0.8195420366056976,0.794301088865953,0.08915156511568362,0.09324160608791729,0.037882690822166463,0.04629086860388734,0.04630934049480072,0.05571665123396562,0.008022352498235307,0.010449785208276696,0.38196481978842817,0.3950391505880291,0.4326170961948437,0.44365764370803196,0.8272915385747713,0.8449090946060388,122,122
lab_subject_19,exp_20260731T171043Z_61871403,lab_subject_19__condition_04,condition,block_late,explicit_ad_block,3,yes,yes,src/project/logs/xdf/bronze/lab_subject_19/sub-P019_ses-S001_task-Default_run-001_eeg.xdf,7.693754411331078,7.7733993641405705,6.176725347253055,6.463822269072456,9.983782294875246,9.785586566881776,5.944614926548039,6.277659293691229,7.236420861456871,7.335849534276539,0.6240523683473818,0.6161559821939355,19.357463740993897,19.0457889416293,-0.13374192892112347,0.020882253315292837,0.8009625415037829,0.7836139391277064,0.09517861256754255,0.09691505627476944,0.04368538450844888,0.04834472498869952,0.05067943977510805,0.0595087390661264,0.008999520242224914,0.011617540542698342,0.370867949516393,0.4021181239299594,0.4218421171776604,0.44110729799950915,0.9684626978389914,1.0039279218276609,91,91
lab_subject_2,exp_20260721T134702Z_ab38d57a,lab_subject_2__condition_01,condition,no_ads,,0,yes,yes,src/project/logs/xdf/bronze/lab_subject_2/sub-P002_ses-S001_task-Default_run-001_eeg.xdf,6.897005887687641,6.774460390405649,5.906238440062205,6.083953928167438,5.966419515969294,6.157242292810669,4.806844834187663,5.014011516966689,8.72865942307786,8.781077744965422,-0.07009993127942415,-0.06360309432186045,14.029392204987527,14.532539189012045,4.778529585035905,4.9350906376643024,0.6095966299391087,0.6005985863812466,0.09359607494008886,0.09091296802995445,0.0708152181551247,0.07068080583664609,0.16670936724268956,0.1678982693809033,0.0647700673356997,0.06990937037124946,1.0285564593713836,1.0404086003696573,0.7270005863841806,0.7505587882101618,0.9825140762800664,1.0463372745655777,52,52
lab_subject_2,exp_20260721T134702Z_ab38d57a,lab_subject_2__condition_00,condition,inline_early,inline_persuasive,0,yes,yes,src/project/logs/xdf/bronze/lab_subject_2/sub-P002_ses-S001_task-Default_run-001_eeg.xdf,6.511336337433855,6.371472717950427,6.550218060986522,6.63401356854035,6.1061382418534125,6.394725901140014,5.137675604815124,5.275978468969796,8.778316954451915,9.249790625403111,0.14425851414424073,0.1352843235028147,14.744810071601993,15.529584046330717,5.558548084070127,5.722426288746286,0.5804571337963732,0.6153689600692431,0.0834745745216248,0.08262430746544315,0.06725698408515869,0.06646915172990514,0.177387772389275,0.16356320781272557,0.07680380422430962,0.07197437292268308,1.0618076416405804,1.180411724329335,0.7392204478988784,0.7872690781729808,0.9112070679137129,1.1136657287729483,65,65
lab_subject_2,exp_20260721T134702Z_ab38d57a,lab_subject_2__condition_04,condition,inline_late,inline_persuasive,3,yes,yes,src/project/logs/xdf/bronze/lab_subject_2/sub-P002_ses-S001_task-Default_run-001_eeg.xdf,6.727059762748953,7.142586551443261,4.891828402690072,4.987332032188159,5.85596896735746,6.154423778896355,4.632711389157837,4.840179684324584,7.841427722459681,7.9018452642289905,0.04460036291121483,-0.010581478307325724,13.986599872542975,14.039865365787833,2.7924319031351468,2.9325620839659967,0.6173061614590589,0.6089490504960762,0.09739414218839956,0.10432625296121681,0.07410728786158798,0.07835496330867678,0.1467173481959691,0.15756740289788373,0.050414205227947026,0.050802330336146354,0.8791445388235473,0.8898736576304573,0.6565453884882948,0.6886761724966607,0.9215693524427515,0.915334921330994,61,61
lab_subject_2,exp_20260721T134702Z_ab38d57a,lab_subject_2__condition_03,condition,block_early,explicit_ad_block,2,yes,yes,src/project/logs/xdf/bronze/lab_subject_2/sub-P002_ses-S001_task-Default_run-001_eeg.xdf,6.60750888740295,6.721893108327657,4.869701910757385,5.2870099982651695,6.20965060656763,6.274481122245122,4.714653346332959,5.121586452078955,8.446551083117678,8.742892002520241,0.11225433365633464,0.1158086046914851,15.422693970087948,15.919010804720234,4.1468860757647645,4.402073124877861,0.6719958348308946,0.6549999446701947,0.08098665084007142,0.08159551959350941,0.06433577385804283,0.06287609943269101,0.1483786385367338,0.14634075453980494,0.049595285830728794,0.05418768176380002,0.9860112342524955,1.0421005628885487,0.6944640472257834,0.7275198003431596,0.8398960536061433,0.9810257267644302,77,77
lab_subject_2,exp_20260721T134702Z_ab38d57a,lab_subject_2__condition_02,condition,block_late,explicit_ad_block,1,yes,yes,src/project/logs/xdf/bronze/lab_subject_2/sub-P002_ses-S001_task-Default_run-001_eeg.xdf,6.842779174113861,6.748434469589584,6.741880283628064,7.077893038871704,6.042727948933894,6.343384607884476,5.575868383800346,5.745655572951401,9.638228926826315,9.77046224608082,0.15638704381218815,0.14624970860250616,14.179967670597977,15.500774755710616,6.142020141958493,6.602473679165554,0.5347576439955495,0.588752675934363,0.07989861524165762,0.07982500005253375,0.06962365269607694,0.0709413179985928,0.196374032855482,0.17632596107077805,0.09194377482627596,0.08415504494373242,1.1321208286987576,1.2207361933310454,0.7850678559074284,0.8399926091890456,0.9891056887586768,1.2177129961474134,63,63
lab_subject_3,exp_20260722T074803Z_c9a5b77e,lab_subject_3__condition_04,condition,no_ads,,3,yes,yes,src/project/logs/xdf/bronze/lab_subject_3/sub-P003_ses-S001_task-Default_run-001_eeg.xdf,6.232167347565522,6.472264895265622,7.998416551529635,7.913054592193294,6.367223742176836,6.490783694437756,6.214995895483802,6.372350525613951,8.754344777157296,8.808329462086904,0.4665888077012035,0.44884842196125163,15.307053641689947,15.694432861469242,3.976391008054886,4.056671175656284,0.6430903042471614,0.6427284951683088,0.07922233189993758,0.0784636130992022,0.07637486743772051,0.08167737612759361,0.13819186794274324,0.14659362369438647,0.04507614187491148,0.050536891910509,0.8648169240918878,0.902011259029761,0.6524527952485991,0.7642994431823529,1.0669673189218063,1.193753224608072,98,98
lab_subject_3,exp_20260722T074803Z_c9a5b77e,lab_subject_3__condition_03,condition,inline_early,inline_persuasive,2,yes,yes,src/project/logs/xdf/bronze/lab_subject_3/sub-P003_ses-S001_task-Default_run-001_eeg.xdf,6.349594443313624,6.547865633357946,7.618354452823063,7.632023899896116,5.968412666428899,6.035997303992126,5.862397997511268,6.07568344242999,8.580406421875761,8.607292250994696,0.4946889627157347,0.4855778837565416,14.173616860979738,14.407811289408812,3.801615988731095,3.743771579735196,0.617658232430295,0.5961646341674222,0.08579761837206985,0.0879027345887133,0.08511284417528828,0.09279608009610678,0.15267147739415782,0.1682417772741159,0.049337887654485026,0.0548947738736418,0.88318150305505,0.922022248666357,0.7100183626855825,0.759727092805602,1.059061071168668,1.1194895106627512,96,96
lab_subject_3,exp_20260722T074803Z_c9a5b77e,lab_subject_3__condition_02,condition,inline_late,inline_persuasive,1,yes,yes,src/project/logs/xdf/bronze/lab_subject_3/sub-P003_ses-S001_task-Default_run-001_eeg.xdf,6.232683187164573,6.148229137097892,7.380041791022323,7.348253350330151,6.30161223197611,6.482822772644211,5.710690890638825,5.759005848269496,8.642175477776142,8.769867922061259,0.6867219028907066,0.6505103714481387,15.394074554276822,15.30039157954528,3.812678403285157,4.202347596276249,0.6364606763452068,0.6281724345477971,0.08274726908047024,0.08468320451044388,0.07114282910682714,0.07699104147266211,0.13716423981926196,0.154777261798225,0.05000501277925849,0.055376057670871934,0.9126052781262309,0.9423143716869955,0.7545101819271358,0.8072616319840576,1.1395959557228772,1.348631652391376,107,107
lab_subject_3,exp_20260722T074803Z_c9a5b77e,lab_subject_3__condition_01,condition,block_early,explicit_ad_block,0,yes,yes,src/project/logs/xdf/bronze/lab_subject_3/sub-P003_ses-S001_task-Default_run-001_eeg.xdf,6.097506156250562,6.0815995030626935,6.893491803623033,6.7867308394068,6.050412490140106,6.286586993149873,5.458104569553727,5.503764928362106,8.167551471952525,8.19240040718768,0.6435833411689842,0.6655316281994357,14.88135670429466,14.91921545607135,3.3791722303790888,3.389102041912558,0.6483846234944672,0.6355510506614338,0.08807918315730694,0.08849007660861449,0.07219864007360899,0.0773590377039741,0.13982372382183045,0.1495120684899649,0.046620732454897874,0.049087766536012635,0.8587780476565121,0.872206581235123,0.6579617383781617,0.7352320105963212,1.107819118453918,1.115594429969177,95,95
lab_subject_3,exp_20260722T074803Z_c9a5b77e,lab_subject_3__condition_00,condition,block_late,explicit_ad_block,0,yes,yes,src/project/logs/xdf/bronze/lab_subject_3/sub-P003_ses-S001_task-Default_run-001_eeg.xdf,6.2998787351845245,6.21914744828774,7.654241761469256,7.614188910454743,6.640774929631118,6.746682837891557,5.957268761688782,5.996653277645811,8.550329446342879,8.685132109575234,0.6860808625362296,0.6557525244838905,16.463959852737737,16.079631862303966,4.207795480576592,4.306520538905384,0.6875207408985583,0.6676402498491278,0.07795235101292526,0.07940177328077745,0.06978371031469002,0.070719552093193,0.11780808639170741,0.1337293562514677,0.043380796792196884,0.048509068525433977,0.8050199563260116,0.86953821419218,0.644741861470762,0.7247744728637945,1.1215419895526029,1.1719711224687102,90,90
lab_subject_5,exp_20260724T112220Z_6cc09f28,lab_subject_5__condition_00,condition,no_ads,,0,yes,yes,src/project/logs/xdf/bronze/lab_subject_5/sub-P005_ses-S001_task-Default_run-001_eeg.xdf,4.382158441295428,4.354161104395908,5.190616278673614,5.205656907778818,6.861533837038561,6.998973354674848,4.969868589810693,5.000059707850781,7.094621422558369,7.33876415142015,1.0546209625929457,1.071013478328699,16.88867018931326,17.102886884256645,2.7843343364584823,3.1400785028499656,0.7582213143540656,0.7534358621265003,0.07809685896191793,0.07594258797936915,0.04753449403730513,0.05025692570448239,0.08222643809452593,0.08706402801043309,0.031021889870497713,0.0333005961792149,0.6533010155397673,0.6806709489641583,0.5119809767566383,0.5388141260430152,0.7705244538404079,0.8371523308471314,87,87
lab_subject_5,exp_20260724T112220Z_6cc09f28,lab_subject_5__condition_01,condition,inline_early,inline_persuasive,0,yes,yes,src/project/logs/xdf/bronze/lab_subject_5/sub-P005_ses-S001_task-Default_run-001_eeg.xdf,4.240915399298027,4.28390233013909,5.090941835326106,4.893239965904178,6.882721212813118,6.860932453070973,4.705920331085159,4.792440847350998,7.378965270103233,7.211155600065362,1.095502111153337,1.1050739702450532,15.823834206953917,16.039667559805928,3.257453197745382,2.9759621802722633,0.7166917994762547,0.7106570732981325,0.0854378644981856,0.08840588962269927,0.05648141087236749,0.05861641088695378,0.10314426772568974,0.103232198105228,0.03809016631194789,0.039088428086986496,0.6491909560722781,0.6808278168874409,0.49016602744225884,0.5378319467075383,0.8082650471047207,0.8531883834360571,95,95
lab_subject_5,exp_20260724T112220Z_6cc09f28,lab_subject_5__condition_02,condition,inline_late,inline_persuasive,1,yes,yes,src/project/logs/xdf/bronze/lab_subject_5/sub-P005_ses-S001_task-Default_run-001_eeg.xdf,3.965040295250886,3.9163539018824722,5.181313068720806,5.023624317254479,5.896369986188146,6.245812662618925,4.9553117403076055,4.938225805818054,7.024303461140516,7.039065104375072,1.0390096145659822,0.9507444170515932,14.00924366934558,14.54878255352106,2.5245694402298904,2.6966938096468063,0.6425035640450378,0.6463250134777655,0.10185592225743113,0.09720662951905361,0.07568969460433944,0.0801622602597411,0.12173459833239034,0.12892792276135234,0.04771370542438878,0.047378173982087546,0.690904097086659,0.7020494405386781,0.5645531012114137,0.5836105575526319,0.7558237052229633,0.7769458741354659,96,96
lab_subject_5,exp_20260724T112220Z_6cc09f28,lab_subject_5__condition_04,condition,block_early,explicit_ad_block,3,yes,yes,src/project/logs/xdf/bronze/lab_subject_5/sub-P005_ses-S001_task-Default_run-001_eeg.xdf,4.199566738693233,4.156355984551146,5.269055630277563,5.332181128482265,6.532002379299522,6.629590299386039,4.810210115905252,4.965836348142946,6.408836947213148,6.591725253011712,1.185130094006773,1.1443517872322788,15.136401207832206,15.68572239179699,1.6649610751217923,1.8326446086393877,0.7108512335459771,0.7052774828918364,0.09463246828182725,0.09269208885306683,0.06555121208014085,0.06828817761390667,0.09075559138309894,0.10029908279920086,0.0321451605161248,0.03344316784198921,0.5794700354568937,0.6017274467990316,0.46650175137498906,0.4854167576676982,0.6869620006790506,0.7914259173012286,91,91
lab_subject_5,exp_20260724T112220Z_6cc09f28,lab_subject_5__condition_03,condition,block_late,explicit_ad_block,2,yes,yes,src/project/logs/xdf/bronze/lab_subject_5/sub-P005_ses-S001_task-Default_run-001_eeg.xdf,4.182857254733477,4.190346293088758,5.157710600819066,5.218556547593112,6.614081289655418,6.611857778060518,4.919849718204155,4.966262697463178,6.9540432942581,6.982697232352599,1.0201265719286674,1.0186693294790636,15.229546141813486,15.54088183688691,2.4928561066246653,2.5868200439651265,0.7023221219022093,0.6931114384534123,0.08837388972800603,0.09208890624290791,0.061590031963425246,0.0664615056859821,0.10571855926611395,0.10873712108503128,0.039332600258645045,0.039601028532666435,0.6665889850965591,0.6630611825934357,0.5275245033782198,0.5449335922938151,0.7624673284182688,0.832268773835334,74,74
lab_subject_6,exp_20260724T141230Z_1be52b79,lab_subject_6__condition_03,condition,no_ads,,2,yes,yes,src/project/logs/xdf/bronze/lab_subject_6/sub-P006_ses-S001_task-Default_run-001_eeg.xdf,7.0051765221816895,6.903876883282609,5.931919487426417,5.980143801009703,6.251791007660138,6.368640067892702,5.027392212923447,5.021354211535273,7.029677856658939,7.0160336468242335,0.4843466315293874,0.4679356344656214,11.333517233431332,11.822570481914134,-0.07878219732535327,0.35124791089315843,0.5127111603426872,0.5219244398208203,0.14997491538595492,0.14996379484258107,0.11304913502701701,0.11288588259715801,0.18015246731561366,0.1764721711215037,0.037916707683866666,0.03875371161793683,0.6751690264462502,0.6714937418476322,0.6441541361906518,0.6541220142489367,1.1732387395541024,1.2485074091298858,89,89
lab_subject_6,exp_20260724T141230Z_1be52b79,lab_subject_6__condition_04,condition,inline_early,inline_persuasive,3,yes,yes,src/project/logs/xdf/bronze/lab_subject_6/sub-P006_ses-S001_task-Default_run-001_eeg.xdf,7.0773116625422166,7.148423257037595,6.431287910516232,6.406534690406121,6.557979617868761,6.594216613991818,5.171232587407878,5.289105955643836,7.003204116793416,7.281433261052435,0.5279127598293449,0.49788515126234506,11.679114505959177,12.419953258976719,0.4412056883954789,1.174908813618922,0.5150897156659859,0.5351215800905013,0.15158036339337055,0.14354218024713558,0.11094325819254225,0.10881922838466758,0.1754739720559866,0.17012470251381193,0.04039689756123044,0.042392308763883564,0.6608499505784202,0.6933634101246997,0.6753291793387912,0.6836034587661494,1.114953838082477,1.2358020526657985,115,115
lab_subject_6,exp_20260724T141230Z_1be52b79,lab_subject_6__condition_00,condition,inline_late,inline_persuasive,0,yes,yes,src/project/logs/xdf/bronze/lab_subject_6/sub-P006_ses-S001_task-Default_run-001_eeg.xdf,6.628653222713616,6.684822782152968,6.330596899537998,6.376537134540497,6.559208246269128,6.487184416831006,5.349233369919575,5.316054350896271,7.128502467728897,7.35532315786072,0.524280240189114,0.45741337110485786,13.150706438180954,13.827283654442706,0.3243589379396983,1.086874872909598,0.5760369192843287,0.5976880484515458,0.1272446005698501,0.12103137184763062,0.09863362999824787,0.09272818933694843,0.156058493514203,0.15131093814756463,0.03603653987092592,0.03724145221631049,0.6841108055629941,0.706487047775295,0.6827546195943784,0.7068797222918315,1.240906172176954,1.287536058232335,65,65
lab_subject_6,exp_20260724T141230Z_1be52b79,lab_subject_6__condition_02,condition,block_early,explicit_ad_block,1,yes,yes,src/project/logs/xdf/bronze/lab_subject_6/sub-P006_ses-S001_task-Default_run-001_eeg.xdf,6.921801914043058,6.828708688760151,6.28523592149052,6.286173265535275,6.340572935915933,6.517000110381166,5.185436469220087,5.206934781185737,7.227759515003619,7.279965081203065,0.45144582568388714,0.40373948724494996,11.030035444749034,12.168381700705075,0.9301858538839503,1.0897659872043142,0.48627572372627154,0.5259262679701401,0.14757238565630748,0.14462931740938464,0.11246828231467365,0.11098017744211724,0.18681112821667953,0.17569452580254802,0.041693176800746364,0.04276971137581003,0.6925658836082602,0.6907141341083509,0.6126983096822461,0.6124530023659478,1.2176798002256735,1.25641913720429,115,115
lab_subject_6,exp_20260724T141230Z_1be52b79,lab_subject_6__condition_01,condition,block_late,explicit_ad_block,0,yes,yes,src/project/logs/xdf/bronze/lab_subject_6/sub-P006_ses-S001_task-Default_run-001_eeg.xdf,7.118264649926776,7.089149715571688,6.202132162907895,6.1926914849440795,6.531702985575092,6.651248710907908,4.977380028422117,5.118247651987574,7.244900562356797,7.319202537808204,0.40604922226106055,0.39915411096009307,11.261389245170816,11.810352723045465,0.4755733840145165,0.9085285444461629,0.4766384750517748,0.505213170331528,0.1567118017441749,0.1566107547808415,0.11280446524835869,0.1115856234883808,0.19155587067223598,0.183188762894066,0.041443531714199185,0.04340168850518367,0.6752067186700381,0.6914610839423466,0.6594401347446581,0.6695847757662726,1.2268141696937283,1.2961388752594278,123,123
lab_subject_7,exp_20260727T073257Z_58270880,lab_subject_7__condition_00,condition,no_ads,,0,yes,yes,src/project/logs/xdf/bronze/lab_subject_7/sub-P007_ses-S001_task-Default_run-001_eeg.xdf,1.7464873477859761,1.611292328166791,2.796544203207221,2.8015108954664867,4.511080916842388,4.647809673106898,2.4854186146921684,2.4683631425515573,8.21930726184646,8.269635326935203,0.2860834263365071,0.2537790424393474,12.518823886583565,12.957588851141281,5.623304420857043,5.755717173656037,0.5648691503997788,0.5571306635410522,0.08216011604697565,0.08154359669536661,0.05261079405163319,0.05122162808741348,0.20232816818099295,0.1983123611784563,0.10755061542247023,0.11179175049771135,1.5429549884264293,1.468647646460572,1.2287639933780101,1.255521467564345,2.6921319034543787,2.856427072342639,65,65
lab_subject_7,exp_20260727T073257Z_58270880,lab_subject_7__condition_03,condition,inline_early,inline_persuasive,2,yes,yes,src/project/logs/xdf/bronze/lab_subject_7/sub-P007_ses-S001_task-Default_run-001_eeg.xdf,1.066908567629222,0.7810422019057522,2.117978419735464,2.1038036167989915,3.132182254418267,3.3901633178604205,1.305296736113748,1.3655907199955144,6.468137133285344,6.815818239492045,0.1725822656897691,0.13164356547450454,10.559408288580265,11.433867499375152,3.221238111129191,3.6599168782096667,0.5258006368622365,0.547245623462677,0.09248154441386887,0.08591827572523536,0.06287691027147715,0.058262581486802606,0.2136878224297346,0.20725561813288532,0.09947988399017685,0.10131790119239965,1.407996748162219,1.4094222823256957,1.2053542881519177,1.2290476516007112,2.0274505730823806,2.1791396098019793,88,88
lab_subject_7,exp_20260727T073257Z_58270880,lab_subject_7__condition_02,condition,inline_late,inline_persuasive,1,yes,yes,src/project/logs/xdf/bronze/lab_subject_7/sub-P007_ses-S001_task-Default_run-001_eeg.xdf,1.6322297147335638,1.6759916059412563,2.418874773777408,2.4386238075412194,3.9080247698423554,4.066300042465825,2.056450537241157,2.0616778899506363,8.644481405336318,8.201425899997554,-0.07370844257109255,-0.10435293031027056,11.37019241716066,12.00254817880122,6.29047311542061,5.498176359771713,0.4884395042061158,0.511874686015868,0.0767416849438789,0.08031826501063881,0.05424208682153754,0.05315287179332978,0.23922236113112486,0.2262783139894876,0.11762710747628033,0.12837586319067576,1.5967933963637182,1.7146314967598315,1.2601982565148109,1.394444797996558,1.842202664453431,2.008170360426537,115,115
lab_subject_7,exp_20260727T073257Z_58270880,lab_subject_7__condition_04,condition,block_early,explicit_ad_block,3,yes,yes,src/project/logs/xdf/bronze/lab_subject_7/sub-P007_ses-S001_task-Default_run-001_eeg.xdf,0.46543265263644823,0.39279734336918665,1.6635582032484575,1.8389850070268319,2.817203735286118,3.351667335605914,1.2099217177032995,1.3649904734801372,7.479224513318716,7.809773210622716,0.19436569669001003,0.17794984186631432,11.725480784259382,11.7266003938397,4.7323204095018365,5.36465863583834,0.5083196290450325,0.5193477489127413,0.06922292847376157,0.07212233193514435,0.04564176014817295,0.04876694075240914,0.23000636732792668,0.22676030035759634,0.12991471797227727,0.133002678042109,1.8284835178847185,1.836477600166579,1.5632755514469938,1.5869973227746665,2.3491335136391602,2.305624027438874,66,66
lab_subject_7,exp_20260727T073257Z_58270880,lab_subject_7__condition_01,condition,block_late,explicit_ad_block,0,yes,yes,src/project/logs/xdf/bronze/lab_subject_7/sub-P007_ses-S001_task-Default_run-001_eeg.xdf,2.079028287063161,2.0525738692182163,2.9770452123778774,3.096133057767369,4.160700196650647,4.400639118115645,2.4972233437202345,2.5579148426219755,8.931311014443466,8.754188736120437,-0.16904340011399732,-0.19964178149071385,11.72149118441863,12.102771902305543,6.559323386269538,6.229258039908848,0.4903915350710898,0.49475617647536546,0.07975912636509377,0.08135422507291247,0.05499437374685158,0.05470423856795481,0.23098169953560108,0.23354388811354343,0.12318259349481078,0.13564147177022381,1.677263686649829,1.7164041424182805,1.3519070960904256,1.4055948612742164,2.180024844305655,2.2356825163087772,74,74
lab_subject_8,exp_20260727T120838Z_83e10f68,lab_subject_8__condition_02,condition,no_ads,,1,yes,yes,src/project/logs/xdf/bronze/lab_subject_8/sub-P008_ses-S001_task-Default_run-001_eeg.xdf,8.619571132326314,8.764300588558768,8.212613090139731,8.402542677736005,8.589773634427553,8.717955360909077,6.643526599250127,6.901789927768863,9.688473799078919,9.74610052910582,0.30434999322197953,0.2960634319306285,16.15350902305946,16.261072978775374,2.1544810166074453,2.2443539987327012,0.6444911708523317,0.6281977094161098,0.11140375225146773,0.1132841206991317,0.0707569721579393,0.08144704444666051,0.1389852713986474,0.15014579497568553,0.025565193776607965,0.026925330462412515,0.7578715034046632,0.7739016049918088,0.7191753872015151,0.7481179195100479,1.386776346487618,1.4259247573499425,160,160
lab_subject_8,exp_20260727T120838Z_83e10f68,lab_subject_8__condition_01,condition,inline_early,inline_persuasive,0,yes,yes,src/project/logs/xdf/bronze/lab_subject_8/sub-P008_ses-S001_task-Default_run-001_eeg.xdf,8.768504214639233,9.06151100532136,8.37170125384812,8.635843374036293,8.464083138399646,8.638272693835951,6.686239315867468,7.070652441957058,9.828789414499898,9.970014157278335,0.24527819321714972,0.21605128884026373,15.909104595254993,15.990325846860111,2.331187509933857,2.519976219419602,0.6272429968156426,0.6066409569287964,0.11136737652930793,0.11354953069738694,0.07294270416451683,0.08809770251388262,0.15712092490396112,0.16244024272517968,0.027584287034681496,0.029271567134754286,0.7952028485804472,0.8079925101482824,0.7084660078471279,0.7349172786741685,1.354505912746402,1.4026454362287761,205,205
lab_subject_8,exp_20260727T120838Z_83e10f68,lab_subject_8__condition_03,condition,inline_late,inline_persuasive,2,yes,yes,src/project/logs/xdf/bronze/lab_subject_8/sub-P008_ses-S001_task-Default_run-001_eeg.xdf,8.595883095522632,8.707965910024324,8.051358591970985,8.21867060389194,8.277103827696113,8.529733644500368,6.396156358764683,6.69206222370443,9.795420367688353,9.846928168884236,0.20231069536290747,0.2038182883789506,16.271457638239074,16.24186025565678,2.3306941380332145,2.51920321942595,0.6364546313068695,0.6274324224221097,0.10560903679914017,0.10993460205185895,0.0681077638545991,0.078261204222223,0.1391192653417477,0.15546198339013695,0.025890982715488543,0.028909787913671464,0.818868313274109,0.8280689670426578,0.7273121350433585,0.7376225947992129,1.3673584522622357,1.4075252186926228,131,131
lab_subject_8,exp_20260727T120838Z_83e10f68,lab_subject_8__condition_00,condition,block_early,explicit_ad_block,0,yes,yes,src/project/logs/xdf/bronze/lab_subject_8/sub-P008_ses-S001_task-Default_run-001_eeg.xdf,8.282388080297638,8.288604887048022,8.226737676060182,8.19435281458955,8.563368015917971,8.709100580733265,6.547633699241871,6.656763606674213,10.500309937465033,10.557413062772085,0.30248917459026536,0.27966337399761765,16.501030891516294,16.865177441687173,3.9912316853641316,4.034539467021502,0.6387803281596964,0.6363054098275756,0.09725568418455904,0.10022762214652904,0.06721685378729476,0.06651768943480434,0.16064375598302344,0.16119337041356904,0.03633610708341782,0.03575590817752213,0.9437036023764687,0.9568710508695962,0.8520071277866739,0.8685257953998047,1.8225750615867138,1.8546394521668461,100,100
lab_subject_8,exp_20260727T120838Z_83e10f68,lab_subject_8__condition_04,condition,block_late,explicit_ad_block,3,yes,yes,src/project/logs/xdf/bronze/lab_subject_8/sub-P008_ses-S001_task-Default_run-001_eeg.xdf,8.56762480306356,8.823763606409669,8.097914364785876,8.146342087817521,8.62100079307063,8.612979543525618,6.442504552438352,6.693202324000902,9.593712114799322,9.65121588864531,0.22610661172806168,0.22037911751768266,15.731230586135247,16.111543375739128,2.124983580921966,2.1495175891674716,0.6243119859463375,0.6284266332465243,0.10953260128839457,0.11578549242789249,0.07177360458996854,0.07945918053182852,0.1487405156317116,0.14991373790592893,0.02656653584651407,0.026414955887825928,0.761097006566005,0.7751983145975478,0.6981934608743096,0.7144294347699496,1.337854533998914,1.3496270639647612,92,92
lab_subject_9,exp_20260727T141010Z_f065c5c8,lab_subject_9__condition_03,condition,no_ads,,2,yes,yes,src/project/logs/xdf/bronze/lab_subject_9/sub-P009_ses-S001_task-Default_run-001_eeg.xdf,6.548619785010655,6.558365891907737,6.85850399794349,7.027502739752677,7.715388807363732,7.938981804402889,6.62708066761151,6.747745803899664,8.998155092282044,9.193488448384407,0.6654125605771046,0.6470046570138271,17.070171142936935,17.50280642355824,4.904789653247123,5.177462933577089,0.6806677178750523,0.6963631538428837,0.07784355536915163,0.07961412350355603,0.06223948890511247,0.06520741570668577,0.10963357008482372,0.11355381672550359,0.04518356734292994,0.04526149022137079,0.7580814433823806,0.7684556270766677,0.7342748096473872,0.7531135066162005,1.3271388974279978,1.3934601351969464,96,96
lab_subject_9,exp_20260727T141010Z_f065c5c8,lab_subject_9__condition_01,condition,inline_early,inline_persuasive,0,yes,yes,src/project/logs/xdf/bronze/lab_subject_9/sub-P009_ses-S001_task-Default_run-001_eeg.xdf,6.2495246554004105,6.432766835591889,7.586639083701373,7.56549200381338,7.849051343931913,8.008507131515168,6.794408954762705,6.894071444401008,11.04319050284321,11.129495971229483,0.5134756937527616,0.49912735460414065,17.763979499272935,18.105773738781522,7.874325882748059,8.150102442488986,0.6648639187623447,0.6616193466699145,0.06648145580103379,0.06589361681814086,0.05132195473542624,0.05434532164602725,0.14373568788729613,0.1439906874763061,0.07046709913118301,0.07415102738961131,1.1598935003396393,1.1744952193557356,1.4387751225828547,1.464437971876868,3.96021127596359,3.9869402966839034,82,82
lab_subject_9,exp_20260727T141010Z_f065c5c8,lab_subject_9__condition_00,condition,inline_late,inline_persuasive,0,yes,yes,src/project/logs/xdf/bronze/lab_subject_9/sub-P009_ses-S001_task-Default_run-001_eeg.xdf,6.602171743290762,6.465924841846817,7.588475991556875,7.656702128627695,8.395345226778574,8.504834485217444,7.271660258031737,7.319024252046543,10.868290070101935,10.937284729796204,0.6349758192442074,0.5948939552235554,19.22001983476033,19.311745191830273,7.179759733895919,7.154876778534522,0.7286680287547329,0.7184736555689528,0.0663070385958662,0.064107170650358,0.0489329932097772,0.050600527890903454,0.11139075026597199,0.11728131993232131,0.04905030084101142,0.04953732595746422,0.9817788934168328,1.0122936131234084,0.8795732925290884,0.93023738627145,2.5974778561432994,2.9209101595067906,84,84
lab_subject_9,exp_20260727T141010Z_f065c5c8,lab_subject_9__condition_02,condition,block_early,explicit_ad_block,1,yes,yes,src/project/logs/xdf/bronze/lab_subject_9/sub-P009_ses-S001_task-Default_run-001_eeg.xdf,6.654635328795661,6.546474628199348,7.457925657066352,7.428891418044449,7.7655359897465,7.786196725761224,6.9027193020902855,6.954370306899161,10.326189519847492,10.369188599683527,0.6336509572779576,0.6289848730651453,17.747957444053387,18.411983028929342,6.731975357307727,6.797880201161311,0.6877323686447775,0.6984509980878278,0.06565360804029521,0.0656429638021479,0.05470022996162025,0.05692248497230365,0.12265295437252562,0.12449812380629229,0.05428431291923278,0.054485429331428185,0.9790649426538721,1.0030463113509713,0.8729258469346042,0.8764058131836147,1.7850966896604976,1.9179340303769685,139,139
lab_subject_9,exp_20260727T141010Z_f065c5c8,lab_subject_9__condition_04,condition,block_late,explicit_ad_block,3,yes,yes,src/project/logs/xdf/bronze/lab_subject_9/sub-P009_ses-S001_task-Default_run-001_eeg.xdf,6.506183546261049,6.382806643485354,7.1494120574989335,7.186986932483661,7.567347894938351,7.789059000589869,6.5939945930412955,6.719188829095123,10.179022147359433,10.195050615247967,0.6097201729566013,0.6381400233776119,16.497603579925205,17.207403650168313,6.963395131988571,6.941251747045062,0.6332816922148898,0.6521746244063291,0.0803120389985153,0.07677964329261482,0.0636361592550517,0.06377939979058952,0.14354595082536226,0.14082780985717133,0.06798011272939314,0.06643852265329514,0.9728555058259796,0.9872158870337331,0.9722633481360399,0.9966614227085867,2.065702680571058,2.259935008527825,94,94
