dataset,selection,k_label,contrast_id,feature,feature_tier,contrast_tier,mean_difference,cohen_dz,p_t_raw,p_t_holm,p_t_bh,holm_significant,bh_significant
A,around,1,inline_vs_block,theta_relative_power,exploratory,primary,-0.018822858274237523,-0.9482172940659205,0.000882244665034348,0.0026467339951030443,0.0026467339951030443,yes,yes
A,pre,1,any_ad_vs_no_ads,alpha_relative_power,exploratory,primary,0.02102055417194499,0.8473481302494498,0.002233036433898245,0.006699109301694735,0.006699109301694735,yes,yes
B,prepost,3,inline_late_vs_no_ad_late,posterior_alpha_power_db_uv2,primary,primary,-1.5526259906544022,-0.8062828480512715,0.0032579674040741687,0.013031869616296675,0.009222597354696195,yes,yes
B,prepost,3,block_late_vs_no_ad_late,posterior_alpha_power_db_uv2,primary,primary,-1.1736041201378675,-0.7683910308765862,0.0046112986773480975,0.013833896032044293,0.009222597354696195,yes,yes
A,post,5,early_vs_late,engagement_kislov_central_beta16_24_over_alpha8_12,exploratory,primary,-0.12398346633824096,-0.7406566017441478,0.00593988543381402,0.017819656301442062,0.017819656301442062,yes,yes
A,around,1,early_vs_late,theta_power_db_uv2,secondary_global,primary,-0.8636134012850439,-0.7085306503817285,0.007951605660646224,0.02385481698193867,0.02385481698193867,yes,yes
A,around,3,inline_vs_block,theta_relative_power,exploratory,primary,-0.009652406154372982,-0.6859170562395055,0.009751534491679256,0.029254603475037767,0.029254603475037767,yes,yes
B,prepost,5,block_late_vs_no_ad_late,posterior_alpha_power_db_uv2,primary,primary,-0.9523976552087127,-0.6841299435541686,0.009909556390447006,0.039638225561788025,0.039638225561788025,yes,yes
A,around,20,early_vs_late,theta_relative_power,exploratory,primary,-0.005525367488016654,-0.6694663375724906,0.011303264177003858,0.033909792531011576,0.033909792531011576,yes,yes
A,pre,1,early_vs_late,faa_log_f4_minus_f3,secondary,primary,0.24248945986847342,0.6595825228251723,0.01234763584918225,0.03704290754754675,0.03704290754754675,yes,yes
A,post,5,early_vs_late,gamma_relative_power,exploratory,primary,-0.012100306793013866,-0.6576082913666202,0.012567116107311009,0.037701348321933024,0.037701348321933024,yes,yes
A,pre,20,early_vs_late,theta_relative_power,exploratory,primary,-0.007046633951897215,-0.6486508792206918,0.013611021984068805,0.04083306595220641,0.04083306595220641,yes,yes
A,around,3,early_vs_late,theta_relative_power,exploratory,primary,-0.009691385899786156,-0.5769064701742207,0.025537196875471877,0.051074393750943754,0.03830579531320782,no,yes
A,around,1,any_ad_vs_no_ads,alpha_relative_power,exploratory,primary,0.01589212846757652,0.5561301422109424,0.030523635654618308,0.09157090696385492,0.04710363401515375,no,yes
A,around,1,inline_vs_block,alpha_relative_power,exploratory,primary,-0.016245868268661458,-0.5528024189466788,0.03140242267676917,0.09157090696385492,0.04710363401515375,no,yes
A,around,10,early_vs_late,gamma_relative_power,exploratory,primary,-0.005485812502425014,-0.6226515601822105,0.017133984524872654,0.051401953574617965,0.051401953574617965,no,no
A,post,3,format_x_timing,faa_log_f4_minus_f3,secondary,secondary,-0.3699977778994834,-0.6110731856839766,0.018969463172603198,,,no,no
A,around,10,format_x_timing,engagement_kislov_central_beta16_24_over_alpha8_12,exploratory,secondary,0.17284272525367916,0.6056753233346506,0.019887799212147842,,,no,no
B,prepost,5,block_early_vs_no_ad_early,gamma_relative_power,exploratory,primary,-0.01627661831872427,-0.6038958474637708,0.020199694219500283,0.08079877687800113,0.06925875161417303,no,no
B,prepost,20,any_ad_vs_matched_no_ad,posterior_alpha_power_db_uv2,primary,secondary,-0.36515439633335933,-0.59913780761781,0.021056628135933605,,,no,no
B,prepost,20,block_late_vs_no_ad_late,engagement_pope_frontocentral_beta_over_alpha_theta,exploratory,primary,0.10798278839767211,0.5949130972828319,0.021846308515013815,0.08738523406005526,0.08738523406005526,no,no
B,prepost,5,early_vs_late,gamma_relative_power,exploratory,secondary,-0.013987719143631477,-0.5879623553471612,0.023206885947365467,,,no,no
B,prepost,5,any_ad_vs_matched_no_ad,alpha_relative_power,exploratory,secondary,-0.013911411407803121,-0.5814845499413,0.024546669724394378,,,no,no
A,around,1,early_vs_late,fz_theta_power_db_uv2,primary,primary,-0.9019862625387957,-0.5813593919418586,0.02457326078411469,0.07371978235234407,0.07371978235234407,no,no
B,prepost,5,inline_early_vs_no_ad_early,delta_relative_power,exploratory,primary,0.06889891570890574,0.5787853209083316,0.02512620981173135,0.1005048392469254,0.09292312719027226,no,no
A,pre,20,early_vs_late,alpha_power_db_uv2,secondary_global,primary,-0.2182368150548996,-0.5759277177780786,0.025753793550357583,0.07726138065107274,0.07726138065107274,no,no
A,pre,20,early_vs_late,engagement_beta_over_alpha_theta,exploratory,primary,0.06320958495468346,0.5752438421876332,0.02590615972733369,0.07771847918200107,0.07771847918200107,no,no
A,post,5,format_x_timing,engagement_beta_over_alpha_theta,exploratory,secondary,0.14317585882042058,0.5730117993425369,0.026409379705380476,,,no,no
A,pre,5,format_x_timing,engagement_kislov_central_beta16_24_over_alpha8_12,exploratory,secondary,0.2566347580830608,0.5681916702139086,0.027527622423631534,,,no,no
A,post,20,early_vs_late,posterior_alpha_power_db_uv2,primary,primary,-0.3135895242296963,-0.5657635759487133,0.028107629458390463,0.08432288837517139,0.08432288837517139,no,no
A,pre,20,any_ad_vs_no_ads,alpha_relative_power,exploratory,primary,0.006740952818996533,0.5642068136041462,0.028485511525249873,0.08545653457574962,0.08545653457574962,no,no
A,pre,1,any_ad_vs_no_ads,theta_power_db_uv2,secondary_global,primary,-0.9967070545260237,-0.5640750992719585,0.02851770101813923,0.08555310305441768,0.08555310305441768,no,no
A,around,1,inline_vs_block,delta_power_db_uv2,exploratory,primary,1.7652295704244136,0.5624032053041769,0.028929268525165006,0.08678780557549502,0.08678780557549502,no,no
A,pre,20,early_vs_late,engagement_pope_frontocentral_beta_over_alpha_theta,exploratory,primary,0.09370500903455936,0.5562934641693201,0.030481103112787702,0.0914433093383631,0.0914433093383631,no,no
B,prepost,3,early_vs_late,alpha_power_db_uv2,secondary_global,secondary,0.39537222152094503,0.5516424622806767,0.03171426080417454,,,no,no
B,prepost,20,inline_vs_block,faa_log_f4_minus_f3,secondary,secondary,-0.12856486260040073,-0.5482781120284945,0.03263514839788784,,,no,no
B,prepost,5,inline_early_vs_no_ad_early,gamma_relative_power,exploratory,primary,-0.01839126752448749,-0.5412857932609421,0.03462937580708651,0.10388812742125954,0.06925875161417303,no,no
B,prepost,5,inline_late_vs_no_ad_late,fz_theta_power_db_uv2,primary,primary,-0.6295377337360202,-0.5371333443503911,0.03586672949503073,0.14346691798012293,0.14346691798012293,no,no
A,post,5,early_vs_late,gamma_power_db_uv2,exploratory,primary,-0.8174892170168063,-0.5361920322099197,0.03615287551275132,0.10845862653825397,0.10845862653825397,no,no
B,prepost,10,inline_early_vs_no_ad_early,gamma_power_db_uv2,exploratory,primary,-0.6429509887943383,-0.5341966736429504,0.03676645741125764,0.14706582964503057,0.14706582964503057,no,no
A,pre,1,any_ad_vs_no_ads,delta_relative_power,exploratory,primary,-0.058806755827558135,-0.531393498359374,0.03764477361649353,0.11293432084948059,0.11293432084948059,no,no
B,prepost,10,block_late_vs_no_ad_late,posterior_alpha_power_db_uv2,primary,primary,-0.5776123688651476,-0.5308067319238076,0.037831068588681196,0.15132427435472479,0.15132427435472479,no,no
B,prepost,3,early_vs_late,posterior_alpha_power_db_uv2,primary,secondary,0.64945608141422,0.5292026915396494,0.03834470900432661,,,no,no
B,prepost,10,inline_vs_block,faa_log_f4_minus_f3,secondary,secondary,-0.15922272792552652,-0.5280188656780809,0.03872792220378654,,,no,no
A,pre,20,any_ad_vs_no_ads,posterior_alpha_power_db_uv2,primary,primary,0.2710076259148763,0.5271755968305009,0.039003052496755224,0.11700915749026566,0.11700915749026566,no,no
A,pre,1,early_vs_late,posterior_alpha_power_db_uv2,primary,primary,-0.4999394510812131,-0.5254711840689034,0.03956467292755561,0.11869401878266683,0.11869401878266683,no,no
A,post,20,early_vs_late,fz_theta_power_db_uv2,primary,primary,-0.1974593380698691,-0.5224926929138817,0.040564091589715544,0.12169227476914662,0.1083963314782564,no,no
B,prepost,20,inline_late_vs_no_ad_late,engagement_beta_over_alpha_theta,exploratory,primary,0.10302482780924775,0.5206597811895991,0.04119064917032561,0.16476259668130244,0.1475412954132017,no,no
A,post,3,format_x_timing,gamma_relative_power,exploratory,secondary,0.024096356834934773,0.5193846080233868,0.041631804368599354,,,no,no
A,post,5,format_x_timing,alpha_power_db_uv2,secondary_global,secondary,-0.6618795603772979,-0.5193726259926333,0.04163597022168562,,,no,no
B,prepost,10,inline_late_vs_no_ad_late,faa_log_f4_minus_f3,secondary,primary,-0.19852999604445484,-0.5166615132314808,0.04258849744727485,0.1703539897890994,0.1703539897890994,no,no
A,post,10,early_vs_late,fz_theta_power_db_uv2,primary,primary,-0.24746375291319866,-0.5163895859377727,0.04268513637623892,0.12805540912871677,0.12805540912871677,no,no
B,prepost,3,block_early_vs_no_ad_early,theta_power_db_uv2,secondary_global,primary,1.14167470381472,0.5161137799687205,0.042783359966617085,0.17113343986646834,0.17113343986646834,no,no
A,around,3,any_ad_vs_no_ads,alpha_relative_power,exploratory,primary,0.01022849744785595,0.5107109953911886,0.0447499051923742,0.1342497155771226,0.1342497155771226,no,no
A,post,5,any_ad_vs_no_ads,fz_theta_power_db_uv2,primary,primary,-0.31928117796121414,-0.5103736733872654,0.044875399720060744,0.13462619916018223,0.13462619916018223,no,no
B,prepost,1,inline_late_vs_no_ad_late,fz_theta_power_db_uv2,primary,primary,-1.2139207469425313,-0.5093745044749851,0.04524902143272755,0.1809960857309102,0.1809960857309102,no,no
A,post,3,format_x_timing,engagement_beta_over_alpha_theta,exploratory,secondary,0.20621125951875188,0.5088981436891669,0.0454281517209885,,,no,no
B,prepost,20,inline_late_vs_no_ad_late,engagement_kislov_central_beta16_24_over_alpha8_12,exploratory,primary,0.18069277431219574,0.5085002950157178,0.045578256964891345,0.18231302785956538,0.18231302785956538,no,no
B,prepost,10,block_early_vs_no_ad_early,gamma_relative_power,exploratory,primary,-0.01151963802383127,-0.5083159143122381,0.045647976629208296,0.18259190651683319,0.18259190651683319,no,no
B,prepost,5,block_early_vs_no_ad_early,delta_relative_power,exploratory,primary,0.06283166824162416,0.5061831893378077,0.04646156359513613,0.13938469078540838,0.09292312719027226,no,no
B,prepost,10,block_early_vs_no_ad_early,engagement_beta_over_alpha_theta,exploratory,primary,-0.14464969227027155,-0.5061378354222141,0.04647900859991623,0.18591603439966492,0.18591603439966492,no,no
B,prepost,10,block_early_vs_no_ad_early,beta_relative_power,exploratory,primary,-0.025075184865122144,-0.5015615013784344,0.04827043107527005,0.1930817243010802,0.1930817243010802,no,no
A,pre,1,any_ad_vs_no_ads,delta_power_db_uv2,exploratory,primary,-1.513318210290997,-0.5005606209799707,0.04867055654501944,0.14601166963505832,0.14601166963505832,no,no
B,prepost,5,any_ad_vs_matched_no_ad,posterior_alpha_power_db_uv2,primary,secondary,-0.47828765555193553,-0.49839341896580397,0.04954735904289125,,,no,no
