experiment_id,subject_id,ts_fz_theta,ts_posterior_alpha
exp_20260721T091553Z_7b92ec42,lab_subject_1,2.0440601054754497,1.2438403111899858
exp_20260728T091433Z_242026ac,lab_subject_10,0.9379065257088168,1.4418559070610657
exp_20260728T164420Z_99421c58,lab_subject_11,-0.1574988585623407,-1.50314906648571
exp_20260728T142237Z_262a5eab,lab_subject_12,1.1010513698876825,-0.3090890087096802
exp_20260729T085134Z_65b7fd8e,lab_subject_13,1.566732052618729,1.6528140934301023
exp_20260729T141534Z_a0790737,lab_subject_14,1.0225309480065357,1.6174599290481415
exp_20260730T074927Z_347e077f,lab_subject_15,0.7094184465277324,0.0579586580130624
exp_20260730T110035Z_a5786cb8,lab_subject_16,0.1083948326019546,1.4175596418506888
exp_20260730T143127Z_9fcb5eb7,lab_subject_17,0.381994506707187,0.727815404174244
exp_20260731T134108Z_a4a5b76b,lab_subject_18,-1.0601164292679526,-0.8223487336308519
exp_20260731T171043Z_61871403,lab_subject_19,-0.2292826765523621,-1.0496544600813458
exp_20260721T134702Z_ab38d57a,lab_subject_2,0.8229773082260734,-0.4298781248392105
exp_20260722T074803Z_c9a5b77e,lab_subject_3,0.6777786895795481,-0.2606906063187031
exp_20260724T112220Z_6cc09f28,lab_subject_5,0.9845869504034236,0.3504619109656062
exp_20260724T141230Z_1be52b79,lab_subject_6,0.205947554217893,-0.3530608048116734
exp_20260727T073257Z_58270880,lab_subject_7,-0.3410673860298605,-0.6564111123282332
exp_20260727T120838Z_83e10f68,lab_subject_8,0.7459655131272518,-1.0901859934634643
exp_20260727T141010Z_f065c5c8,lab_subject_9,1.2224931791378513,-0.627370867663867
