branch,branch_label,path,feature,feature_label,contrast_id,contrast_label,n_participants,mean_difference,ci_lower,ci_upper,cohen_dz,p_t_raw,p_t_holm
primary,Primary · 32-ch,A,fz_theta_power_db_uv2,Fz theta *,any_ad_vs_no_ads,Any ad − no ads,18,-0.0847200568211091,-0.2327871902692921,0.0633470766270739,-0.2845350761627362,0.243891745170745,0.4877834903414901
primary,Primary · 32-ch,A,fz_theta_power_db_uv2,Fz theta *,inline_vs_block,Implicit − explicit,18,-0.0155172756356149,-0.1354703732448999,0.10443582197367,-0.0643298071189838,0.7881961004817257,0.7881961004817257
primary,Primary · 32-ch,A,fz_theta_power_db_uv2,Fz theta *,early_vs_late,Early − late,18,-0.1129731058876228,-0.2582645680867836,0.0323183563115379,-0.3866724376144963,0.1192692113187944,0.3578076339563834
primary,Primary · 32-ch,A,posterior_alpha_power_db_uv2,Post. alpha *,any_ad_vs_no_ads,Any ad − no ads,18,0.0710581893067139,-0.1409666051261352,0.2830829837395632,0.166661669483513,0.4890933816453374,0.961477758150872
primary,Primary · 32-ch,A,posterior_alpha_power_db_uv2,Post. alpha *,inline_vs_block,Implicit − explicit,18,0.0496136125199078,-0.0955778236940289,0.1948050487338447,0.1699292307151179,0.480738879075436,0.961477758150872
primary,Primary · 32-ch,A,posterior_alpha_power_db_uv2,Post. alpha *,early_vs_late,Early − late,18,-0.0901820075685924,-0.2314588246805452,0.0510948095433603,-0.317436775653948,0.1957355900261355,0.5872067700784065
primary,Primary · 32-ch,A,theta_power_db_uv2,Theta,any_ad_vs_no_ads,Any ad − no ads,18,-0.0533970308762994,-0.2624937521940402,0.1556996904414413,-0.1269925160961418,0.5970216853108984,1.0
primary,Primary · 32-ch,A,theta_power_db_uv2,Theta,inline_vs_block,Implicit − explicit,18,-0.1015430653650102,-0.2382024465934918,0.0351163158634713,-0.3695039299214195,0.1353820096816901,0.4061460290450703
primary,Primary · 32-ch,A,theta_power_db_uv2,Theta,early_vs_late,Early − late,18,-0.0543720309986445,-0.2387142302470696,0.1299701682497805,-0.1466759917797857,0.5420063060829775,1.0
primary,Primary · 32-ch,A,alpha_power_db_uv2,Alpha,any_ad_vs_no_ads,Any ad − no ads,18,-0.0129791172574612,-0.1598196223980731,0.1338613878831507,-0.0439549234697664,0.854271767920178,1.0
primary,Primary · 32-ch,A,alpha_power_db_uv2,Alpha,inline_vs_block,Implicit − explicit,18,-0.0362546516283879,-0.1634061553542667,0.0908968520974909,-0.1417915917069319,0.5553980823037867,1.0
primary,Primary · 32-ch,A,alpha_power_db_uv2,Alpha,early_vs_late,Early − late,18,-0.0464738771285527,-0.2033007328645602,0.1103529786074548,-0.1473658020900798,0.5401292579957436,1.0
primary,Primary · 32-ch,A,beta_power_db_uv2,Beta,any_ad_vs_no_ads,Any ad − no ads,18,0.0165009147576951,-0.2646493303577682,0.2976511598731585,0.0291862162762621,0.9029048457184548,1.0
primary,Primary · 32-ch,A,beta_power_db_uv2,Beta,inline_vs_block,Implicit − explicit,18,0.0351620297219521,-0.2126429308550874,0.2829669902989917,0.0705622113832258,0.7682868072250619,1.0
primary,Primary · 32-ch,A,beta_power_db_uv2,Beta,early_vs_late,Early − late,18,-0.0518407253417207,-0.3489806374470995,0.2452991867636581,-0.0867597558007292,0.7173490057646721,1.0
primary,Primary · 32-ch,A,faa_log_f4_minus_f3,FAA,any_ad_vs_no_ads,Any ad − no ads,18,-0.0067001205484594,-0.0620576787940713,0.0486574376971524,-0.0601885572216266,0.8015101511450851,1.0
primary,Primary · 32-ch,A,faa_log_f4_minus_f3,FAA,inline_vs_block,Implicit − explicit,18,-0.0059926833279582,-0.0512040013796202,0.0392186347237037,-0.0659147186433739,0.783118184373758,1.0
primary,Primary · 32-ch,A,faa_log_f4_minus_f3,FAA,early_vs_late,Early − late,18,0.0302985187321969,-0.0285195907784428,0.0891166282428366,0.2561642837522546,0.2922896717249785,0.8768690151749354
primary,Primary · 32-ch,A,delta_power_db_uv2,Delta,any_ad_vs_no_ads,Any ad − no ads,18,-0.065045804510361,-0.5450700492714782,0.4149784402507562,-0.0673851747000061,0.7784159599442624,1.0
primary,Primary · 32-ch,A,delta_power_db_uv2,Delta,inline_vs_block,Implicit − explicit,18,-0.273342875631451,-0.7724668494535663,0.2257810981906641,-0.272337577964567,0.2638962720905625,0.7916888162716876
primary,Primary · 32-ch,A,delta_power_db_uv2,Delta,early_vs_late,Early − late,18,-0.0194191431836639,-0.4003970426507363,0.3615587562834085,-0.0253476979336986,0.9156186686366874,1.0
primary,Primary · 32-ch,A,gamma_power_db_uv2,Gamma,any_ad_vs_no_ads,Any ad − no ads,18,0.0080606322417348,-0.4839202264975347,0.5000414909810045,0.0081475895636195,0.9728274201158752,1.0
primary,Primary · 32-ch,A,gamma_power_db_uv2,Gamma,inline_vs_block,Implicit − explicit,18,0.0950558216422116,-0.3228555272110054,0.5129671704954287,0.1131104674401522,0.6374238868725541,1.0
primary,Primary · 32-ch,A,gamma_power_db_uv2,Gamma,early_vs_late,Early − late,18,-0.0038631422652861,-0.5225512224682486,0.5148249379376763,-0.0037037586284322,0.9876457310634827,1.0
primary,Primary · 32-ch,A,delta_relative_power,Rel. delta,any_ad_vs_no_ads,Any ad − no ads,18,-0.0069284136783052,-0.0274368902260441,0.0135800628694336,-0.1679997564275869,0.4856618843070899,1.0
primary,Primary · 32-ch,A,delta_relative_power,Rel. delta,inline_vs_block,Implicit − explicit,18,-0.0073179076653493,-0.0239194428259811,0.0092836274952825,-0.2192032141886315,0.365389740566353,1.0
primary,Primary · 32-ch,A,delta_relative_power,Rel. delta,early_vs_late,Early − late,18,0.0011431042737509,-0.0149045939499432,0.017190802497445,0.0354226739503383,0.8823079561202449,1.0
primary,Primary · 32-ch,A,theta_relative_power,Rel. theta,any_ad_vs_no_ads,Any ad − no ads,18,-0.0008383374557378,-0.0045631440241911,0.0028864691127154,-0.1119240425311623,0.6409345277920363,1.0
primary,Primary · 32-ch,A,theta_relative_power,Rel. theta,inline_vs_block,Implicit − explicit,18,0.0012158323728382,-0.0032315894487491,0.0056632541944256,0.1359482502212424,0.5716475757417749,1.0
primary,Primary · 32-ch,A,theta_relative_power,Rel. theta,early_vs_late,Early − late,18,-0.0018284091582005,-0.0048910034319622,0.0012341851155611,-0.2968876716969829,0.224837436886766,0.6745123106602982
primary,Primary · 32-ch,A,alpha_relative_power,Rel. alpha,any_ad_vs_no_ads,Any ad − no ads,18,0.0001113681778097,-0.0045430941775887,0.0047658305332082,0.0118987087374933,0.9603267422067264,1.0
primary,Primary · 32-ch,A,alpha_relative_power,Rel. alpha,inline_vs_block,Implicit − explicit,18,7.164060699841308e-05,-0.0035215359268121,0.0036648171408089,0.009914913832109,0.9669366656300952,1.0
primary,Primary · 32-ch,A,alpha_relative_power,Rel. alpha,early_vs_late,Early − late,18,0.0008953995477227,-0.0025781465803358,0.0043689456757814,0.12818937855738,0.5935984430125733,1.0
primary,Primary · 32-ch,A,beta_relative_power,Rel. beta,any_ad_vs_no_ads,Any ad − no ads,18,0.0046444893151917,-0.0039953422885089,0.0132843209188924,0.2673258351750774,0.2724648784506582,0.8173946353519745
primary,Primary · 32-ch,A,beta_relative_power,Rel. beta,inline_vs_block,Implicit − explicit,18,0.0024835089863392,-0.0042153785197797,0.0091823964924582,0.1843619500243832,0.4448667696836379,0.8897335393672758
primary,Primary · 32-ch,A,beta_relative_power,Rel. beta,early_vs_late,Early − late,18,0.0018376216555256,-0.0050644758464886,0.0087397191575399,0.1323985571289085,0.5816378633164275,0.8897335393672758
primary,Primary · 32-ch,A,gamma_relative_power,Rel. gamma,any_ad_vs_no_ads,Any ad − no ads,18,0.0017504560785981,-0.0030003076586856,0.0065012198158818,0.1832297661883874,0.4476193981584674,1.0
primary,Primary · 32-ch,A,gamma_relative_power,Rel. gamma,inline_vs_block,Implicit − explicit,18,0.0003530001367299,-0.0037819293455874,0.0044879296190473,0.0424536473709082,0.8591914342547612,1.0
primary,Primary · 32-ch,A,gamma_relative_power,Rel. gamma,early_vs_late,Early − late,18,7.137258723497565e-05,-0.0038663250027222,0.0040090701771921,0.0090135800966767,0.969940721205063,1.0
primary,Primary · 32-ch,A,engagement_beta_over_alpha_theta,Pope,any_ad_vs_no_ads,Any ad − no ads,18,0.0124717515091734,-0.0415577275809197,0.0665012305992665,0.1147902259906971,0.6324686149593481,1.0
primary,Primary · 32-ch,A,engagement_beta_over_alpha_theta,Pope,inline_vs_block,Implicit − explicit,18,0.0008887421236888,-0.041112964497329,0.0428904487447066,0.0105224548242545,0.9649120777825824,1.0
primary,Primary · 32-ch,A,engagement_beta_over_alpha_theta,Pope,early_vs_late,Early − late,18,0.0252325457573528,-0.0136950993935719,0.0641601909082776,0.3223377564629933,0.1892581833830742,0.5677745501492228
primary,Primary · 32-ch,A,engagement_pope_frontocentral_beta_over_alpha_theta,Pope FC,any_ad_vs_no_ads,Any ad − no ads,18,0.027537472546279,-0.0493393548713088,0.1044142999638668,0.1781299175378902,0.4601486673587579,0.9202973347175158
primary,Primary · 32-ch,A,engagement_pope_frontocentral_beta_over_alpha_theta,Pope FC,inline_vs_block,Implicit − explicit,18,0.0174054088960565,-0.0325342715640497,0.0673450893561629,0.1733192149687252,0.4721615780788307,0.9202973347175158
primary,Primary · 32-ch,A,engagement_pope_frontocentral_beta_over_alpha_theta,Pope FC,early_vs_late,Early − late,18,0.0420158675944803,-0.0056403751413223,0.089672110330283,0.4384315296292506,0.0802618868957265,0.2407856606871797
primary,Primary · 32-ch,A,engagement_kislov_central_beta16_24_over_alpha8_12,Kislov,any_ad_vs_no_ads,Any ad − no ads,18,0.0823135672380709,-0.1529334660832322,0.3175606005593741,0.1740025087650592,0.470443904578129,1.0
primary,Primary · 32-ch,A,engagement_kislov_central_beta16_24_over_alpha8_12,Kislov,inline_vs_block,Implicit − explicit,18,0.0399886405506177,-0.1373854945267943,0.2173627756280299,0.1121126431345819,0.6403758684219176,1.0
primary,Primary · 32-ch,A,engagement_kislov_central_beta16_24_over_alpha8_12,Kislov,early_vs_late,Early − late,18,0.0354269147247849,-0.0615780067440922,0.1324318361936622,0.1816133651388442,0.4515675251698069,1.0
primary,Primary · 32-ch,B,fz_theta_power_db_uv2,Fz theta *,inline_early_vs_no_ad_early,Implicit early,18,0.6093534163994809,-0.8654149288393305,2.0841217616382925,0.2054724906140292,0.3954921409198368,0.7909842818396736
primary,Primary · 32-ch,B,fz_theta_power_db_uv2,Fz theta *,block_early_vs_no_ad_early,Explicit early,18,0.7352331457865471,-0.2673695368302933,1.7378358284033877,0.3646737117656224,0.1402331719885592,0.4206995159656778
primary,Primary · 32-ch,B,fz_theta_power_db_uv2,Fz theta *,inline_late_vs_no_ad_late,Implicit late,18,-1.3828140220350624,-2.803017726613116,0.0373896825429909,-0.4841961987588308,0.0556568043553998,0.2226272174215994
primary,Primary · 32-ch,B,fz_theta_power_db_uv2,Fz theta *,block_late_vs_no_ad_late,Explicit late,18,-0.1260687956059304,-1.27533674753674,1.0231991563248788,-0.0545499742113926,0.8197388549299714,0.8197388549299714
primary,Primary · 32-ch,B,posterior_alpha_power_db_uv2,Post. alpha *,inline_early_vs_no_ad_early,Implicit early,18,0.436752937518127,-1.543821949698824,2.4173278247350782,0.1096611531993045,0.647654719445327,1.0
primary,Primary · 32-ch,B,posterior_alpha_power_db_uv2,Post. alpha *,block_early_vs_no_ad_early,Explicit early,18,0.6422744992681813,-1.5208408884480653,2.805389886984428,0.147655366027221,0.5393423811547525,1.0
primary,Primary · 32-ch,B,posterior_alpha_power_db_uv2,Post. alpha *,inline_late_vs_no_ad_late,Implicit late,18,-1.114577885105901,-2.875421538139856,0.6462657679280541,-0.3147732858289701,0.1993294111889891,0.5979882335669675
primary,Primary · 32-ch,B,posterior_alpha_power_db_uv2,Post. alpha *,block_late_vs_no_ad_late,Explicit late,18,-1.286073459135328,-2.695430596066976,0.1232836777963199,-0.4537879493609815,0.0710943113887224,0.2843772455548899
primary,Primary · 32-ch,B,theta_power_db_uv2,Theta,inline_early_vs_no_ad_early,Implicit early,18,0.7488056897698683,-0.2572204820093808,1.7548318615491174,0.3701417711343405,0.134752081428401,0.3699414027262997
primary,Primary · 32-ch,B,theta_power_db_uv2,Theta,block_early_vs_no_ad_early,Explicit early,18,1.6771395147666652,0.5570449158106816,2.7972341137226486,0.7445994830564199,0.0057302877317393,0.0229211509269573
primary,Primary · 32-ch,B,theta_power_db_uv2,Theta,inline_late_vs_no_ad_late,Implicit late,18,0.515064203651097,-1.3125573729547626,2.3426857802569567,0.1401468476135078,0.5599469299068927,0.5599469299068927
primary,Primary · 32-ch,B,theta_power_db_uv2,Theta,block_late_vs_no_ad_late,Explicit late,18,1.1356186321913615,-0.3420126821560632,2.6132499465387866,0.3821859041406756,0.1233138009087665,0.3699414027262997
primary,Primary · 32-ch,B,alpha_power_db_uv2,Alpha,inline_early_vs_no_ad_early,Implicit early,18,-0.0686518283396494,-1.6771388517575776,1.5398351950782785,-0.0212247600128716,0.929300707277588,1.0
primary,Primary · 32-ch,B,alpha_power_db_uv2,Alpha,block_early_vs_no_ad_early,Explicit early,18,-0.0716808294908426,-1.6926694648585754,1.54930780587689,-0.0219903070962072,0.92675836954374,1.0
primary,Primary · 32-ch,B,alpha_power_db_uv2,Alpha,inline_late_vs_no_ad_late,Implicit late,18,-0.8616892596422372,-2.69690821273812,0.9735296934536456,-0.2334914790124933,0.335762310945782,1.0
primary,Primary · 32-ch,B,alpha_power_db_uv2,Alpha,block_late_vs_no_ad_late,Explicit late,18,-0.7793598877377311,-2.1912373522790216,0.6325175768035592,-0.2745043843750817,0.2602549945132946,1.0
primary,Primary · 32-ch,B,beta_power_db_uv2,Beta,inline_early_vs_no_ad_early,Implicit early,18,-0.1490649681204278,-2.82414617468498,2.5260162384441243,-0.0277106595906451,0.9077891250333856,1.0
primary,Primary · 32-ch,B,beta_power_db_uv2,Beta,block_early_vs_no_ad_early,Explicit early,18,-0.2407260322852246,-2.086874358814378,1.6054222942439291,-0.0648432402815429,0.7865500186107902,1.0
primary,Primary · 32-ch,B,beta_power_db_uv2,Beta,inline_late_vs_no_ad_late,Implicit late,18,-0.91587191683983,-2.5877679236224456,0.7560240899427857,-0.2724166977780463,0.2637626421579434,0.7912879264738303
primary,Primary · 32-ch,B,beta_power_db_uv2,Beta,block_late_vs_no_ad_late,Explicit late,18,-0.8847077433249684,-2.262965736480161,0.4935502498302244,-0.3192107809210094,0.1933707893426441,0.7734831573705766
primary,Primary · 32-ch,B,faa_log_f4_minus_f3,FAA,inline_early_vs_no_ad_early,Implicit early,18,0.1413765182163043,-0.306206393372389,0.5889594298049976,0.1570767933363616,0.5140856209147063,1.0
primary,Primary · 32-ch,B,faa_log_f4_minus_f3,FAA,block_early_vs_no_ad_early,Explicit early,18,0.0613560442559083,-0.3919247672726307,0.5146368557844474,0.0673128934878158,0.7786468958949232,1.0
primary,Primary · 32-ch,B,faa_log_f4_minus_f3,FAA,inline_late_vs_no_ad_late,Implicit late,18,-0.2425172825538272,-0.6146775341974978,0.1296429690898433,-0.3240566578566113,0.1870275773432176,0.7481103093728707
primary,Primary · 32-ch,B,faa_log_f4_minus_f3,FAA,block_late_vs_no_ad_late,Explicit late,18,4.112799404588764e-05,-0.3880358266190634,0.3881180826071551,5.27020994874667e-05,0.9998241990525848,1.0
primary,Primary · 32-ch,B,delta_power_db_uv2,Delta,inline_early_vs_no_ad_early,Implicit early,18,0.9670700048491488,-1.664274144893422,3.5984141545917194,0.1827630944545885,0.4487570622507396,0.8975141245014793
primary,Primary · 32-ch,B,delta_power_db_uv2,Delta,block_early_vs_no_ad_early,Explicit early,18,4.602253733892598,1.988980611758309,7.215526856026887,0.8757779351085477,0.0017185791237994,0.0068743164951977
primary,Primary · 32-ch,B,delta_power_db_uv2,Delta,inline_late_vs_no_ad_late,Implicit late,18,1.432647647891937,-2.541421920827352,5.406717216611226,0.1792718778625282,0.457324644417918,0.8975141245014793
primary,Primary · 32-ch,B,delta_power_db_uv2,Delta,block_late_vs_no_ad_late,Explicit late,18,2.1340716501519346,-1.6081110938352143,5.876254394139084,0.2835908711858069,0.2453977046918581,0.7361931140755744
primary,Primary · 32-ch,B,gamma_power_db_uv2,Gamma,inline_early_vs_no_ad_early,Implicit early,18,-0.0443797291575291,-2.7315874048182707,2.6428279465032123,-0.0082128077776584,0.9726100072336544,1.0
primary,Primary · 32-ch,B,gamma_power_db_uv2,Gamma,block_early_vs_no_ad_early,Explicit early,18,-0.4464580005782931,-2.412231646229288,1.519315645072702,-0.112941966099953,0.6379219462167005,1.0
primary,Primary · 32-ch,B,gamma_power_db_uv2,Gamma,inline_late_vs_no_ad_late,Implicit late,18,-1.3004012611806788,-3.333690908885513,0.7328883865241553,-0.31804339049654,0.1949243679892363,0.7796974719569453
primary,Primary · 32-ch,B,gamma_power_db_uv2,Gamma,block_late_vs_no_ad_late,Explicit late,18,-0.8285225663565426,-2.36265797472566,0.7056128420125748,-0.2685646761545012,0.2703277349235477,0.8109832047706431
primary,Primary · 32-ch,B,delta_relative_power,Rel. delta,inline_early_vs_no_ad_early,Implicit early,18,0.0624378705023722,-0.0223404755934119,0.1472162165981564,0.3662447305492556,0.1386395806575712,0.1739048904180714
primary,Primary · 32-ch,B,delta_relative_power,Rel. delta,block_early_vs_no_ad_early,Explicit early,18,0.1888872334378442,0.0875774530883228,0.2901970137873657,0.9271702200776316,0.001070629383443,0.0042825175337723
primary,Primary · 32-ch,B,delta_relative_power,Rel. delta,inline_late_vs_no_ad_late,Implicit late,18,0.1231936963861224,-0.0198844303202289,0.2662718230924737,0.4281771459039278,0.0869524452090357,0.1739048904180714
primary,Primary · 32-ch,B,delta_relative_power,Rel. delta,block_late_vs_no_ad_late,Explicit late,18,0.1487111564534639,0.0096216931582323,0.2878006197486955,0.5316888608077694,0.037551319689105,0.1126539590673151
primary,Primary · 32-ch,B,theta_relative_power,Rel. theta,inline_early_vs_no_ad_early,Implicit early,18,0.0019887413946988,-0.0282695018009757,0.0322469845903734,0.0326845753182633,0.8913411955311676,1.0
primary,Primary · 32-ch,B,theta_relative_power,Rel. theta,block_early_vs_no_ad_early,Explicit early,18,-0.0272043735130052,-0.0534487135039749,-0.0009600335220355,-0.5154794016880829,0.0430100732837498,0.1720402931349993
primary,Primary · 32-ch,B,theta_relative_power,Rel. theta,inline_late_vs_no_ad_late,Implicit late,18,0.004595718370125,-0.0253729944229052,0.0345644311631554,0.0762594307809724,0.7502314371896437,1.0
primary,Primary · 32-ch,B,theta_relative_power,Rel. theta,block_late_vs_no_ad_late,Explicit late,18,0.0029480540605202,-0.0315240370205366,0.037420145141577,0.0425281074687031,0.8589472869428401,1.0
primary,Primary · 32-ch,B,alpha_relative_power,Rel. alpha,inline_early_vs_no_ad_early,Implicit early,18,-0.0104679596547197,-0.0429863918796447,0.0220504725702051,-0.1600813296477945,0.5061741582025007,0.5061741582025007
primary,Primary · 32-ch,B,alpha_relative_power,Rel. alpha,block_early_vs_no_ad_early,Explicit early,18,-0.0390518698781972,-0.0656777959004203,-0.012425943855974,-0.7293657315499359,0.0065825329898832,0.0263301319595328
primary,Primary · 32-ch,B,alpha_relative_power,Rel. alpha,inline_late_vs_no_ad_late,Implicit late,18,-0.0255005591293081,-0.0697862408802792,0.0187851226216629,-0.2863483007431975,0.2410195995938918,0.4820391991877836
primary,Primary · 32-ch,B,alpha_relative_power,Rel. alpha,block_late_vs_no_ad_late,Explicit late,18,-0.0352759441945422,-0.0687687609047753,-0.0017831274843092,-0.5237634832662584,0.040134865514544,0.1204045965436321
primary,Primary · 32-ch,B,beta_relative_power,Rel. beta,inline_early_vs_no_ad_early,Implicit early,18,-0.0317675448431942,-0.0823100311736644,0.0187749414872758,-0.312561362525844,0.2023537099374605,0.2023537099374605
primary,Primary · 32-ch,B,beta_relative_power,Rel. beta,block_early_vs_no_ad_early,Explicit early,18,-0.0879164997967744,-0.1446136955658883,-0.0312193040276605,-0.7711112727093279,0.0044979457493537,0.0179917829974151
primary,Primary · 32-ch,B,beta_relative_power,Rel. beta,inline_late_vs_no_ad_late,Implicit late,18,-0.058783675410114,-0.1242667332016593,0.0066993823814313,-0.446412171945542,0.0753742704040679,0.1507485408081359
primary,Primary · 32-ch,B,beta_relative_power,Rel. beta,block_late_vs_no_ad_late,Explicit late,18,-0.0782359882368737,-0.140763636569349,-0.0157083399043984,-0.6222182135819947,0.0171995176995636,0.0515985530986908
primary,Primary · 32-ch,B,gamma_relative_power,Rel. gamma,inline_early_vs_no_ad_early,Implicit early,18,-0.0221911073991568,-0.0541051586473389,0.0097229438490252,-0.345784306844924,0.1606216244844691,0.1606216244844691
primary,Primary · 32-ch,B,gamma_relative_power,Rel. gamma,block_early_vs_no_ad_early,Explicit early,18,-0.0347144902498673,-0.0648943179808466,-0.004534662518888,-0.5720082308075463,0.0266386212182114,0.0799158636546344
primary,Primary · 32-ch,B,gamma_relative_power,Rel. gamma,inline_late_vs_no_ad_late,Implicit late,18,-0.0435051802168252,-0.0748271172594316,-0.0121832431742188,-0.6907177264550445,0.0093390515446481,0.0373562061785924
primary,Primary · 32-ch,B,gamma_relative_power,Rel. gamma,block_late_vs_no_ad_late,Explicit late,18,-0.0381472780825679,-0.0731938093231335,-0.0031007468420023,-0.5412859539305355,0.0346293287078703,0.0799158636546344
primary,Primary · 32-ch,B,engagement_beta_over_alpha_theta,Pope,inline_early_vs_no_ad_early,Implicit early,18,-0.1415665306137358,-1.1897009502671383,0.9065678890396668,-0.0671663654266949,0.7791151133123828,0.7791151133123828
primary,Primary · 32-ch,B,engagement_beta_over_alpha_theta,Pope,block_early_vs_no_ad_early,Explicit early,18,-0.4435473855517822,-1.1212895494138002,0.2341947783102356,-0.325449614038826,0.1852355112722335,0.3704710225444671
primary,Primary · 32-ch,B,engagement_beta_over_alpha_theta,Pope,inline_late_vs_no_ad_late,Implicit late,18,-0.2753694538631321,-0.6330512297309251,0.0823123220046607,-0.3828487136299466,0.1227090269957998,0.3681270809873995
primary,Primary · 32-ch,B,engagement_beta_over_alpha_theta,Pope,block_late_vs_no_ad_late,Explicit late,18,-0.3041951051951523,-0.6235861625387471,0.0151959521484423,-0.4736283733359777,0.060639967418353,0.2425598696734121
primary,Primary · 32-ch,B,engagement_pope_frontocentral_beta_over_alpha_theta,Pope FC,inline_early_vs_no_ad_early,Implicit early,18,-0.2220276560089905,-0.8610435720014395,0.4169882599834584,-0.172784046538995,0.4735095190366394,0.5721414160484822
primary,Primary · 32-ch,B,engagement_pope_frontocentral_beta_over_alpha_theta,Pope FC,block_early_vs_no_ad_early,Explicit early,18,-0.3262592042962762,-0.7828077736894372,0.1302893650968847,-0.3553726726427365,0.1499850565038575,0.480395783800927
primary,Primary · 32-ch,B,engagement_pope_frontocentral_beta_over_alpha_theta,Pope FC,inline_late_vs_no_ad_late,Implicit late,18,-0.2703680755718056,-0.7882760574334164,0.2475399062898053,-0.2596038014028313,0.2860707080242411,0.5721414160484822
primary,Primary · 32-ch,B,engagement_pope_frontocentral_beta_over_alpha_theta,Pope FC,block_late_vs_no_ad_late,Explicit late,18,-0.3388265936765056,-0.7756332841020104,0.0979800967489991,-0.3857415756192362,0.1200989459502317,0.480395783800927
primary,Primary · 32-ch,B,engagement_kislov_central_beta16_24_over_alpha8_12,Kislov,inline_early_vs_no_ad_early,Implicit early,18,0.0617652680699065,-0.9459833059510104,1.0695138420908237,0.030478976595335,0.8986289291778342,1.0
primary,Primary · 32-ch,B,engagement_kislov_central_beta16_24_over_alpha8_12,Kislov,block_early_vs_no_ad_early,Explicit early,18,-0.0236659205423067,-0.8847498059369175,0.837417964852304,-0.0136674087285919,0.954435997713404,1.0
primary,Primary · 32-ch,B,engagement_kislov_central_beta16_24_over_alpha8_12,Kislov,inline_late_vs_no_ad_late,Implicit late,18,0.0160249427722388,-0.4842355767525491,0.5162854622970269,0.0159297331074606,0.946905213820502,1.0
primary,Primary · 32-ch,B,engagement_kislov_central_beta16_24_over_alpha8_12,Kislov,block_late_vs_no_ad_late,Explicit late,18,-0.0741278875309046,-0.5404934829000804,0.392237707838271,-0.0790429902885653,0.7414631164498412,1.0
literature_roi_v0,George 2025 · 9-site,A,fz_theta_power_db_uv2,Fz theta *,any_ad_vs_no_ads,Any ad − no ads,18,-0.0847200568211091,-0.2327871902692921,0.0633470766270739,-0.2845350761627362,0.243891745170745,0.4877834903414901
literature_roi_v0,George 2025 · 9-site,A,fz_theta_power_db_uv2,Fz theta *,inline_vs_block,Implicit − explicit,18,-0.0155172756356149,-0.1354703732448999,0.10443582197367,-0.0643298071189838,0.7881961004817257,0.7881961004817257
literature_roi_v0,George 2025 · 9-site,A,fz_theta_power_db_uv2,Fz theta *,early_vs_late,Early − late,18,-0.1129731058876228,-0.2582645680867836,0.0323183563115379,-0.3866724376144963,0.1192692113187944,0.3578076339563834
literature_roi_v0,George 2025 · 9-site,A,posterior_alpha_power_db_uv2,Post. alpha *,any_ad_vs_no_ads,Any ad − no ads,18,0.0710581893067139,-0.1409666051261352,0.2830829837395632,0.166661669483513,0.4890933816453374,0.961477758150872
literature_roi_v0,George 2025 · 9-site,A,posterior_alpha_power_db_uv2,Post. alpha *,inline_vs_block,Implicit − explicit,18,0.0496136125199078,-0.0955778236940289,0.1948050487338447,0.1699292307151179,0.480738879075436,0.961477758150872
literature_roi_v0,George 2025 · 9-site,A,posterior_alpha_power_db_uv2,Post. alpha *,early_vs_late,Early − late,18,-0.0901820075685924,-0.2314588246805452,0.0510948095433603,-0.317436775653948,0.1957355900261355,0.5872067700784065
literature_roi_v0,George 2025 · 9-site,A,theta_power_db_uv2,Theta,any_ad_vs_no_ads,Any ad − no ads,18,-0.0349348385681402,-0.2452336087067032,0.1753639315704228,-0.0826095487661968,0.7302817428653198,0.7302817428653198
literature_roi_v0,George 2025 · 9-site,A,theta_power_db_uv2,Theta,inline_vs_block,Implicit − explicit,18,-0.0932005589892427,-0.2992025039709689,0.1128013859924833,-0.2249859709303819,0.3531902647651586,0.7063805295303173
literature_roi_v0,George 2025 · 9-site,A,theta_power_db_uv2,Theta,early_vs_late,Early − late,18,-0.17905331990692,-0.3671039554519533,0.0089973156381131,-0.4734954547505772,0.0607051334904368,0.1821154004713104
literature_roi_v0,George 2025 · 9-site,A,alpha_power_db_uv2,Alpha,any_ad_vs_no_ads,Any ad − no ads,18,0.0144961111011178,-0.1685144194808413,0.197506641683077,0.0393897904863631,0.8692499614812546,1.0
literature_roi_v0,George 2025 · 9-site,A,alpha_power_db_uv2,Alpha,inline_vs_block,Implicit − explicit,18,-0.0003293423633982,-0.1670402681410839,0.1663815834142873,-0.0009824077425227,0.9967229448993754,1.0
literature_roi_v0,George 2025 · 9-site,A,alpha_power_db_uv2,Alpha,early_vs_late,Early − late,18,-0.0597771902717976,-0.2280657925000623,0.1085114119564669,-0.1766399921210249,0.4638491462513211,1.0
literature_roi_v0,George 2025 · 9-site,A,beta_power_db_uv2,Beta,any_ad_vs_no_ads,Any ad − no ads,18,-0.0176559708146258,-0.3726291559275142,0.3373172142982625,-0.0247345661364563,0.9176517405748909,1.0
literature_roi_v0,George 2025 · 9-site,A,beta_power_db_uv2,Beta,inline_vs_block,Implicit − explicit,18,0.1244549831464774,-0.1700628181967389,0.4189727844896938,0.2101401232859648,0.385080081413174,1.0
literature_roi_v0,George 2025 · 9-site,A,beta_power_db_uv2,Beta,early_vs_late,Early − late,18,-0.1023888439055379,-0.3458825217558801,0.1411048339448042,-0.2091092247127941,0.3873638596360318,1.0
literature_roi_v0,George 2025 · 9-site,A,faa_log_f4_minus_f3,FAA,any_ad_vs_no_ads,Any ad − no ads,18,-0.0067001205484594,-0.0620576787940713,0.0486574376971524,-0.0601885572216266,0.8015101511450851,1.0
literature_roi_v0,George 2025 · 9-site,A,faa_log_f4_minus_f3,FAA,inline_vs_block,Implicit − explicit,18,-0.0059926833279582,-0.0512040013796202,0.0392186347237037,-0.0659147186433739,0.783118184373758,1.0
literature_roi_v0,George 2025 · 9-site,A,faa_log_f4_minus_f3,FAA,early_vs_late,Early − late,18,0.0302985187321969,-0.0285195907784428,0.0891166282428366,0.2561642837522546,0.2922896717249785,0.8768690151749354
literature_roi_v0,George 2025 · 9-site,A,delta_power_db_uv2,Delta,any_ad_vs_no_ads,Any ad − no ads,18,0.0477781750922144,-0.4918028769258737,0.5873592271103025,0.044033287332666,0.8540151380510612,1.0
literature_roi_v0,George 2025 · 9-site,A,delta_power_db_uv2,Delta,inline_vs_block,Implicit − explicit,18,-0.2149701378252958,-0.7002983743327079,0.2703580986821162,-0.220267700293891,0.3631227582402602,1.0
literature_roi_v0,George 2025 · 9-site,A,delta_power_db_uv2,Delta,early_vs_late,Early − late,18,-0.140192529600927,-0.504261734907896,0.2238766757060419,-0.1914913532967387,0.427776508797538,1.0
literature_roi_v0,George 2025 · 9-site,A,gamma_power_db_uv2,Gamma,any_ad_vs_no_ads,Any ad − no ads,18,-0.0811829610223677,-0.6902967535495453,0.52793083150481,-0.0662788090319927,0.7819530831826097,1.0
literature_roi_v0,George 2025 · 9-site,A,gamma_power_db_uv2,Gamma,inline_vs_block,Implicit − explicit,18,0.2013741838169679,-0.2786214603363737,0.6813698279703096,0.2086290300705573,0.3884307159509791,1.0
literature_roi_v0,George 2025 · 9-site,A,gamma_power_db_uv2,Gamma,early_vs_late,Early − late,18,-0.1285412820340815,-0.598486099454968,0.3414035353868049,-0.1360203865317822,0.5714454798748171,1.0
literature_roi_v0,George 2025 · 9-site,A,delta_relative_power,Rel. delta,any_ad_vs_no_ads,Any ad − no ads,18,-0.0060823499385178,-0.0318591296620038,0.0196944297849681,-0.1173413241573915,0.6249772497725132,1.0
literature_roi_v0,George 2025 · 9-site,A,delta_relative_power,Rel. delta,inline_vs_block,Implicit − explicit,18,-0.0062645127111615,-0.021736367695123,0.0092073422727999,-0.2013507032064221,0.4048393992552189,1.0
literature_roi_v0,George 2025 · 9-site,A,delta_relative_power,Rel. delta,early_vs_late,Early − late,18,-0.0032294328385019,-0.0178455017514047,0.0113866360744009,-0.1098762723475948,0.6470145109591781,1.0
literature_roi_v0,George 2025 · 9-site,A,theta_relative_power,Rel. theta,any_ad_vs_no_ads,Any ad − no ads,18,-0.0015352070487586,-0.0061200443436234,0.0030496302461061,-0.166514197870199,0.489472439122928,1.0
literature_roi_v0,George 2025 · 9-site,A,theta_relative_power,Rel. theta,inline_vs_block,Implicit − explicit,18,0.0005911377886145,-0.0037024118559977,0.0048846874332267,0.0684668702401591,0.774962540497589,1.0
literature_roi_v0,George 2025 · 9-site,A,theta_relative_power,Rel. theta,early_vs_late,Early − late,18,-0.0005685671615213,-0.0044522005783239,0.0033150662552811,-0.0728034207273234,0.7611670352185995,1.0
literature_roi_v0,George 2025 · 9-site,A,alpha_relative_power,Rel. alpha,any_ad_vs_no_ads,Any ad − no ads,18,0.000150518676355,-0.0042037629428685,0.0045048002955785,0.0171902470569897,0.9427114338518788,1.0
literature_roi_v0,George 2025 · 9-site,A,alpha_relative_power,Rel. alpha,inline_vs_block,Implicit − explicit,18,0.0006720849358263,-0.002815507032402,0.0041596769040547,0.095831157634434,0.6893913082042823,1.0
literature_roi_v0,George 2025 · 9-site,A,alpha_relative_power,Rel. alpha,early_vs_late,Early − late,18,0.0014624242513677,-0.0018713516132107,0.0047962001159461,0.2181449804742877,0.3676529368179591,1.0
literature_roi_v0,George 2025 · 9-site,A,beta_relative_power,Rel. beta,any_ad_vs_no_ads,Any ad − no ads,18,0.0040683613907177,-0.0084505774417946,0.0165873002232301,0.1616070299362836,0.5021835966355477,1.0
literature_roi_v0,George 2025 · 9-site,A,beta_relative_power,Rel. beta,inline_vs_block,Implicit − explicit,18,0.0014645260678381,-0.0060537540344223,0.0089828061700987,0.0968694528162294,0.6862196856040693,1.0
literature_roi_v0,George 2025 · 9-site,A,beta_relative_power,Rel. beta,early_vs_late,Early − late,18,0.0011220860719207,-0.0054571339748968,0.0077013061187384,0.0848125267111412,0.7234061856552025,1.0
literature_roi_v0,George 2025 · 9-site,A,gamma_relative_power,Rel. gamma,any_ad_vs_no_ads,Any ad − no ads,18,0.0019004960785445,-0.005176557911474,0.0089775500685631,0.1335434867028083,0.5784058507016334,1.0
literature_roi_v0,George 2025 · 9-site,A,gamma_relative_power,Rel. gamma,inline_vs_block,Implicit − explicit,18,0.0006961210643758,-0.0035587300453242,0.0049509721740758,0.08135957105638,0.7341935402655765,1.0
literature_roi_v0,George 2025 · 9-site,A,gamma_relative_power,Rel. gamma,early_vs_late,Early − late,18,-0.0004723423639081,-0.0043991064456062,0.00345442171779,-0.0598177854884117,0.8027053158825528,1.0
literature_roi_v0,George 2025 · 9-site,A,engagement_beta_over_alpha_theta,Pope,any_ad_vs_no_ads,Any ad − no ads,18,0.0124717515091734,-0.0415577275809197,0.0665012305992665,0.1147902259906971,0.6324686149593481,1.0
literature_roi_v0,George 2025 · 9-site,A,engagement_beta_over_alpha_theta,Pope,inline_vs_block,Implicit − explicit,18,0.0008887421236888,-0.041112964497329,0.0428904487447066,0.0105224548242545,0.9649120777825824,1.0
literature_roi_v0,George 2025 · 9-site,A,engagement_beta_over_alpha_theta,Pope,early_vs_late,Early − late,18,0.0252325457573528,-0.0136950993935719,0.0641601909082776,0.3223377564629933,0.1892581833830742,0.5677745501492228
literature_roi_v0,George 2025 · 9-site,A,engagement_pope_frontocentral_beta_over_alpha_theta,Pope FC,any_ad_vs_no_ads,Any ad − no ads,18,0.027537472546279,-0.0493393548713088,0.1044142999638668,0.1781299175378902,0.4601486673587579,0.9202973347175158
literature_roi_v0,George 2025 · 9-site,A,engagement_pope_frontocentral_beta_over_alpha_theta,Pope FC,inline_vs_block,Implicit − explicit,18,0.0174054088960565,-0.0325342715640497,0.0673450893561629,0.1733192149687252,0.4721615780788307,0.9202973347175158
literature_roi_v0,George 2025 · 9-site,A,engagement_pope_frontocentral_beta_over_alpha_theta,Pope FC,early_vs_late,Early − late,18,0.0420158675944803,-0.0056403751413223,0.089672110330283,0.4384315296292506,0.0802618868957265,0.2407856606871797
literature_roi_v0,George 2025 · 9-site,A,engagement_kislov_central_beta16_24_over_alpha8_12,Kislov,any_ad_vs_no_ads,Any ad − no ads,18,0.0823135672380709,-0.1529334660832322,0.3175606005593741,0.1740025087650592,0.470443904578129,1.0
literature_roi_v0,George 2025 · 9-site,A,engagement_kislov_central_beta16_24_over_alpha8_12,Kislov,inline_vs_block,Implicit − explicit,18,0.0399886405506177,-0.1373854945267943,0.2173627756280299,0.1121126431345819,0.6403758684219176,1.0
literature_roi_v0,George 2025 · 9-site,A,engagement_kislov_central_beta16_24_over_alpha8_12,Kislov,early_vs_late,Early − late,18,0.0354269147247849,-0.0615780067440922,0.1324318361936622,0.1816133651388442,0.4515675251698069,1.0
literature_roi_v0,George 2025 · 9-site,B,fz_theta_power_db_uv2,Fz theta *,inline_early_vs_no_ad_early,Implicit early,18,0.6093534163994809,-0.8654149288393305,2.0841217616382925,0.2054724906140292,0.3954921409198368,0.7909842818396736
literature_roi_v0,George 2025 · 9-site,B,fz_theta_power_db_uv2,Fz theta *,block_early_vs_no_ad_early,Explicit early,18,0.7352331457865471,-0.2673695368302933,1.7378358284033877,0.3646737117656224,0.1402331719885592,0.4206995159656778
literature_roi_v0,George 2025 · 9-site,B,fz_theta_power_db_uv2,Fz theta *,inline_late_vs_no_ad_late,Implicit late,18,-1.3828140220350624,-2.803017726613116,0.0373896825429909,-0.4841961987588308,0.0556568043553998,0.2226272174215994
literature_roi_v0,George 2025 · 9-site,B,fz_theta_power_db_uv2,Fz theta *,block_late_vs_no_ad_late,Explicit late,18,-0.1260687956059304,-1.27533674753674,1.0231991563248788,-0.0545499742113926,0.8197388549299714,0.8197388549299714
literature_roi_v0,George 2025 · 9-site,B,posterior_alpha_power_db_uv2,Post. alpha *,inline_early_vs_no_ad_early,Implicit early,18,0.436752937518127,-1.543821949698824,2.4173278247350782,0.1096611531993045,0.647654719445327,1.0
literature_roi_v0,George 2025 · 9-site,B,posterior_alpha_power_db_uv2,Post. alpha *,block_early_vs_no_ad_early,Explicit early,18,0.6422744992681813,-1.5208408884480653,2.805389886984428,0.147655366027221,0.5393423811547525,1.0
literature_roi_v0,George 2025 · 9-site,B,posterior_alpha_power_db_uv2,Post. alpha *,inline_late_vs_no_ad_late,Implicit late,18,-1.114577885105901,-2.875421538139856,0.6462657679280541,-0.3147732858289701,0.1993294111889891,0.5979882335669675
literature_roi_v0,George 2025 · 9-site,B,posterior_alpha_power_db_uv2,Post. alpha *,block_late_vs_no_ad_late,Explicit late,18,-1.286073459135328,-2.695430596066976,0.1232836777963199,-0.4537879493609815,0.0710943113887224,0.2843772455548899
literature_roi_v0,George 2025 · 9-site,B,theta_power_db_uv2,Theta,inline_early_vs_no_ad_early,Implicit early,18,1.0300554917976217,-0.1176706725380742,2.177781656133317,0.4463037970843835,0.0754388312524323,0.2263164937572971
literature_roi_v0,George 2025 · 9-site,B,theta_power_db_uv2,Theta,block_early_vs_no_ad_early,Explicit early,18,1.696091853950031,0.5846380322725342,2.8075456756275274,0.7588679074682086,0.0050307362917738,0.0201229451670954
literature_roi_v0,George 2025 · 9-site,B,theta_power_db_uv2,Theta,inline_late_vs_no_ad_late,Implicit late,18,0.8232420099644067,-0.7918096123488767,2.43829363227769,0.2534833032917935,0.2972053631204587,0.2972053631204587
literature_roi_v0,George 2025 · 9-site,B,theta_power_db_uv2,Theta,block_late_vs_no_ad_late,Explicit late,18,1.050892467261324,-0.3339578814815644,2.4357428160042125,0.3773667889464381,0.1277876084317555,0.2555752168635111
literature_roi_v0,George 2025 · 9-site,B,alpha_power_db_uv2,Alpha,inline_early_vs_no_ad_early,Implicit early,18,0.0759521071412679,-1.450075343966439,1.6019795582489746,0.0247505995180068,0.9175985682520612,1.0
literature_roi_v0,George 2025 · 9-site,B,alpha_power_db_uv2,Alpha,block_early_vs_no_ad_early,Explicit early,18,0.1376376713844772,-1.5432440792437945,1.818519422012749,0.0407200587972922,0.8648797980532117,1.0
literature_roi_v0,George 2025 · 9-site,B,alpha_power_db_uv2,Alpha,inline_late_vs_no_ad_late,Implicit late,18,-1.0290761791982377,-2.479054103492928,0.4209017450964527,-0.3529347143037574,0.1526325401732473,0.4578976205197418
literature_roi_v0,George 2025 · 9-site,B,alpha_power_db_uv2,Alpha,block_late_vs_no_ad_late,Explicit late,18,-1.407751122229934,-2.518101592769985,-0.2974006516898833,-0.6304839615729859,0.0159898588259492,0.0639594353037969
literature_roi_v0,George 2025 · 9-site,B,beta_power_db_uv2,Beta,inline_early_vs_no_ad_early,Implicit early,18,-0.1349846740498504,-1.976520052703786,1.706550704604085,-0.0364512677620192,0.8789187679711962,1.0
literature_roi_v0,George 2025 · 9-site,B,beta_power_db_uv2,Beta,block_early_vs_no_ad_early,Explicit early,18,-0.0549764593924906,-1.625196854161557,1.5152439353765754,-0.0174110272427896,0.9419770639847682,1.0
literature_roi_v0,George 2025 · 9-site,B,beta_power_db_uv2,Beta,inline_late_vs_no_ad_late,Implicit late,18,-0.9978129838185426,-2.6234403130976176,0.6278143454605327,-0.3052364550075125,0.2126294277741537,0.6378882833224611
literature_roi_v0,George 2025 · 9-site,B,beta_power_db_uv2,Beta,block_late_vs_no_ad_late,Explicit late,18,-1.073181681182234,-2.4305906914395807,0.2842273290751123,-0.3931613025688093,0.1136202718929151,0.4544810875716605
literature_roi_v0,George 2025 · 9-site,B,faa_log_f4_minus_f3,FAA,inline_early_vs_no_ad_early,Implicit early,18,0.1413765182163043,-0.306206393372389,0.5889594298049976,0.1570767933363616,0.5140856209147063,1.0
literature_roi_v0,George 2025 · 9-site,B,faa_log_f4_minus_f3,FAA,block_early_vs_no_ad_early,Explicit early,18,0.0613560442559083,-0.3919247672726307,0.5146368557844474,0.0673128934878158,0.7786468958949232,1.0
literature_roi_v0,George 2025 · 9-site,B,faa_log_f4_minus_f3,FAA,inline_late_vs_no_ad_late,Implicit late,18,-0.2425172825538272,-0.6146775341974978,0.1296429690898433,-0.3240566578566113,0.1870275773432176,0.7481103093728707
literature_roi_v0,George 2025 · 9-site,B,faa_log_f4_minus_f3,FAA,block_late_vs_no_ad_late,Explicit late,18,4.112799404588764e-05,-0.3880358266190634,0.3881180826071551,5.27020994874667e-05,0.9998241990525848,1.0
literature_roi_v0,George 2025 · 9-site,B,delta_power_db_uv2,Delta,inline_early_vs_no_ad_early,Implicit early,18,0.4234264234049027,-2.13344503674235,2.980297883552156,0.0823525976389418,0.7310852495644731,1.0
literature_roi_v0,George 2025 · 9-site,B,delta_power_db_uv2,Delta,block_early_vs_no_ad_early,Explicit early,18,4.064246932990241,1.849749307428848,6.278744558551635,0.9126686015173792,0.0012234998625996,0.0048939994503984
literature_roi_v0,George 2025 · 9-site,B,delta_power_db_uv2,Delta,inline_late_vs_no_ad_late,Implicit late,18,1.419461171921924,-2.23646482384385,5.075387167687698,0.1930786987840161,0.424028796652763,1.0
literature_roi_v0,George 2025 · 9-site,B,delta_power_db_uv2,Delta,block_late_vs_no_ad_late,Explicit late,18,1.4587498327419208,-2.5156585541080427,5.433158219591885,0.1825225681109565,0.449344121596619,1.0
literature_roi_v0,George 2025 · 9-site,B,gamma_power_db_uv2,Gamma,inline_early_vs_no_ad_early,Implicit early,18,0.0476510110422133,-1.9546816680638284,2.049983690148255,0.0118343422927189,0.9605411645767444,1.0
literature_roi_v0,George 2025 · 9-site,B,gamma_power_db_uv2,Gamma,block_early_vs_no_ad_early,Explicit early,18,-0.2665346978545386,-1.9754825584672868,1.4424131627582095,-0.0775591754622682,0.746132725561136,1.0
literature_roi_v0,George 2025 · 9-site,B,gamma_power_db_uv2,Gamma,inline_late_vs_no_ad_late,Implicit late,18,-1.2632887342328385,-3.149030451504461,0.6224529830387844,-0.3331414383012325,0.1755878965077048,0.7023515860308194
literature_roi_v0,George 2025 · 9-site,B,gamma_power_db_uv2,Gamma,block_late_vs_no_ad_late,Explicit late,18,-0.7479019973221166,-2.474471027988591,0.9786670333443576,-0.2154115513149194,0.3735427512022867,1.0
literature_roi_v0,George 2025 · 9-site,B,delta_relative_power,Rel. delta,inline_early_vs_no_ad_early,Implicit early,18,0.037445196332445,-0.0744002913347091,0.1492906839995992,0.1664891310540917,0.4895368874050079,0.4895368874050079
literature_roi_v0,George 2025 · 9-site,B,delta_relative_power,Rel. delta,block_early_vs_no_ad_early,Explicit early,18,0.1809333646595555,0.0825459885208304,0.2793207407982805,0.9145080292309844,0.0012029555331656,0.0048118221326624
literature_roi_v0,George 2025 · 9-site,B,delta_relative_power,Rel. delta,inline_late_vs_no_ad_late,Implicit late,18,0.1167453094002229,-0.0270262866619814,0.2605169054624273,0.403807693021157,0.1048495295853145,0.2775056916064557
literature_roi_v0,George 2025 · 9-site,B,delta_relative_power,Rel. delta,block_late_vs_no_ad_late,Explicit late,18,0.1282734419792346,-0.0235377343873378,0.2800846183458071,0.4201856774657397,0.0925018972021519,0.2775056916064557
literature_roi_v0,George 2025 · 9-site,B,theta_relative_power,Rel. theta,inline_early_vs_no_ad_early,Implicit early,18,0.0143061187937549,-0.0231329224038535,0.0517451599913633,0.1900226415306523,0.4312627955095816,0.8226429138003757
literature_roi_v0,George 2025 · 9-site,B,theta_relative_power,Rel. theta,block_early_vs_no_ad_early,Explicit early,18,-0.0190631310880093,-0.048496824125846,0.0103705619498273,-0.3220755225257924,0.1896003542315822,0.7584014169263289
literature_roi_v0,George 2025 · 9-site,B,theta_relative_power,Rel. theta,inline_late_vs_no_ad_late,Implicit late,18,0.0173871110379061,-0.0168490927992659,0.0516233148750781,0.2525515662738414,0.2989277773067879,0.8226429138003757
literature_roi_v0,George 2025 · 9-site,B,theta_relative_power,Rel. theta,block_late_vs_no_ad_late,Explicit late,18,0.0222160311637494,-0.0192674907730241,0.063699553100523,0.2663171271437836,0.2742143046001252,0.8226429138003757
literature_roi_v0,George 2025 · 9-site,B,alpha_relative_power,Rel. alpha,inline_early_vs_no_ad_early,Implicit early,18,-0.0117063305018005,-0.0483468063705208,0.0249341453669197,-0.1588795195696315,0.5093303316896641,0.5298352762447435
literature_roi_v0,George 2025 · 9-site,B,alpha_relative_power,Rel. alpha,block_early_vs_no_ad_early,Explicit early,18,-0.0407970965798937,-0.0723402129066946,-0.0092539802530927,-0.6431805476049621,0.0142890342227031,0.0571561368908127
literature_roi_v0,George 2025 · 9-site,B,alpha_relative_power,Rel. alpha,inline_late_vs_no_ad_late,Implicit late,18,-0.0225360684972376,-0.0637783490647587,0.0187062120702835,-0.2717338385154265,0.2649176381223717,0.5298352762447435
literature_roi_v0,George 2025 · 9-site,B,alpha_relative_power,Rel. alpha,block_late_vs_no_ad_late,Explicit late,18,-0.0410753425788119,-0.0767828996384958,-0.005367785519128,-0.5720438191299188,0.026630460000876,0.0798913800026279
literature_roi_v0,George 2025 · 9-site,B,beta_relative_power,Rel. beta,inline_early_vs_no_ad_early,Implicit early,18,-0.0272765619394209,-0.0870205728034133,0.0324674489245714,-0.227040584319428,0.3489241161402223,0.3489241161402223
literature_roi_v0,George 2025 · 9-site,B,beta_relative_power,Rel. beta,block_early_vs_no_ad_early,Explicit early,18,-0.0862814308043607,-0.1355121234342432,-0.0370507381744783,-0.8715446363990736,0.0017869258456391,0.0071477033825564
literature_roi_v0,George 2025 · 9-site,B,beta_relative_power,Rel. beta,inline_late_vs_no_ad_late,Implicit late,18,-0.0645098255569263,-0.1312045405695162,0.0021848894556635,-0.4809973552542992,0.0571245531189329,0.1183798808530165
literature_roi_v0,George 2025 · 9-site,B,beta_relative_power,Rel. beta,block_late_vs_no_ad_late,Explicit late,18,-0.0710466054946558,-0.1382423102425841,-0.0038509007467274,-0.5257872634924986,0.0394599602843388,0.1183798808530165
literature_roi_v0,George 2025 · 9-site,B,gamma_relative_power,Rel. gamma,inline_early_vs_no_ad_early,Implicit early,18,-0.0127684226849784,-0.0451496085460377,0.0196127631760808,-0.1960887796710949,0.4169797193264796,0.4169797193264796
literature_roi_v0,George 2025 · 9-site,B,gamma_relative_power,Rel. gamma,block_early_vs_no_ad_early,Explicit early,18,-0.0347917061872915,-0.0665787201977772,-0.0030046921768058,-0.544294863401649,0.0337576638310948,0.1012729914932846
literature_roi_v0,George 2025 · 9-site,B,gamma_relative_power,Rel. gamma,inline_late_vs_no_ad_late,Implicit late,18,-0.047086526383965,-0.0841701915352374,-0.0100028612326925,-0.631425685579938,0.0158573221460307,0.0634292885841229
literature_roi_v0,George 2025 · 9-site,B,gamma_relative_power,Rel. gamma,block_late_vs_no_ad_late,Explicit late,18,-0.0383675250695163,-0.0781193073575081,0.0013842572184754,-0.4799714691068373,0.0576026436380778,0.1152052872761556
literature_roi_v0,George 2025 · 9-site,B,engagement_beta_over_alpha_theta,Pope,inline_early_vs_no_ad_early,Implicit early,18,-0.1415665306137358,-1.1897009502671383,0.9065678890396668,-0.0671663654266949,0.7791151133123828,0.7791151133123828
literature_roi_v0,George 2025 · 9-site,B,engagement_beta_over_alpha_theta,Pope,block_early_vs_no_ad_early,Explicit early,18,-0.4435473855517822,-1.1212895494138002,0.2341947783102356,-0.325449614038826,0.1852355112722335,0.3704710225444671
literature_roi_v0,George 2025 · 9-site,B,engagement_beta_over_alpha_theta,Pope,inline_late_vs_no_ad_late,Implicit late,18,-0.2753694538631321,-0.6330512297309251,0.0823123220046607,-0.3828487136299466,0.1227090269957998,0.3681270809873995
literature_roi_v0,George 2025 · 9-site,B,engagement_beta_over_alpha_theta,Pope,block_late_vs_no_ad_late,Explicit late,18,-0.3041951051951523,-0.6235861625387471,0.0151959521484423,-0.4736283733359777,0.060639967418353,0.2425598696734121
literature_roi_v0,George 2025 · 9-site,B,engagement_pope_frontocentral_beta_over_alpha_theta,Pope FC,inline_early_vs_no_ad_early,Implicit early,18,-0.2220276560089905,-0.8610435720014395,0.4169882599834584,-0.172784046538995,0.4735095190366394,0.5721414160484822
literature_roi_v0,George 2025 · 9-site,B,engagement_pope_frontocentral_beta_over_alpha_theta,Pope FC,block_early_vs_no_ad_early,Explicit early,18,-0.3262592042962762,-0.7828077736894372,0.1302893650968847,-0.3553726726427365,0.1499850565038575,0.480395783800927
literature_roi_v0,George 2025 · 9-site,B,engagement_pope_frontocentral_beta_over_alpha_theta,Pope FC,inline_late_vs_no_ad_late,Implicit late,18,-0.2703680755718056,-0.7882760574334164,0.2475399062898053,-0.2596038014028313,0.2860707080242411,0.5721414160484822
literature_roi_v0,George 2025 · 9-site,B,engagement_pope_frontocentral_beta_over_alpha_theta,Pope FC,block_late_vs_no_ad_late,Explicit late,18,-0.3388265936765056,-0.7756332841020104,0.0979800967489991,-0.3857415756192362,0.1200989459502317,0.480395783800927
literature_roi_v0,George 2025 · 9-site,B,engagement_kislov_central_beta16_24_over_alpha8_12,Kislov,inline_early_vs_no_ad_early,Implicit early,18,0.0617652680699065,-0.9459833059510104,1.0695138420908237,0.030478976595335,0.8986289291778342,1.0
literature_roi_v0,George 2025 · 9-site,B,engagement_kislov_central_beta16_24_over_alpha8_12,Kislov,block_early_vs_no_ad_early,Explicit early,18,-0.0236659205423067,-0.8847498059369175,0.837417964852304,-0.0136674087285919,0.954435997713404,1.0
literature_roi_v0,George 2025 · 9-site,B,engagement_kislov_central_beta16_24_over_alpha8_12,Kislov,inline_late_vs_no_ad_late,Implicit late,18,0.0160249427722388,-0.4842355767525491,0.5162854622970269,0.0159297331074606,0.946905213820502,1.0
literature_roi_v0,George 2025 · 9-site,B,engagement_kislov_central_beta16_24_over_alpha8_12,Kislov,block_late_vs_no_ad_late,Explicit late,18,-0.0741278875309046,-0.5404934829000804,0.392237707838271,-0.0790429902885653,0.7414631164498412,1.0
wang2022_v0,Wang 2022 · zones,A,fz_theta_power_db_uv2,Fz theta *,any_ad_vs_no_ads,Any ad − no ads,18,-0.0847200568211091,-0.2327871902692921,0.0633470766270739,-0.2845350761627362,0.243891745170745,0.4877834903414901
wang2022_v0,Wang 2022 · zones,A,fz_theta_power_db_uv2,Fz theta *,inline_vs_block,Implicit − explicit,18,-0.0155172756356149,-0.1354703732448999,0.10443582197367,-0.0643298071189838,0.7881961004817257,0.7881961004817257
wang2022_v0,Wang 2022 · zones,A,fz_theta_power_db_uv2,Fz theta *,early_vs_late,Early − late,18,-0.1129731058876228,-0.2582645680867836,0.0323183563115379,-0.3866724376144963,0.1192692113187944,0.3578076339563834
wang2022_v0,Wang 2022 · zones,A,posterior_alpha_power_db_uv2,Post. alpha *,any_ad_vs_no_ads,Any ad − no ads,18,0.0710581893067139,-0.1409666051261352,0.2830829837395632,0.166661669483513,0.4890933816453374,0.961477758150872
wang2022_v0,Wang 2022 · zones,A,posterior_alpha_power_db_uv2,Post. alpha *,inline_vs_block,Implicit − explicit,18,0.0496136125199078,-0.0955778236940289,0.1948050487338447,0.1699292307151179,0.480738879075436,0.961477758150872
wang2022_v0,Wang 2022 · zones,A,posterior_alpha_power_db_uv2,Post. alpha *,early_vs_late,Early − late,18,-0.0901820075685924,-0.2314588246805452,0.0510948095433603,-0.317436775653948,0.1957355900261355,0.5872067700784065
wang2022_v0,Wang 2022 · zones,A,theta_power_db_uv2,Theta,any_ad_vs_no_ads,Any ad − no ads,18,-0.1610529389929866,-0.3406734213594591,0.0185675433734857,-0.4458831270325303,0.0756898980460544,0.1513797960921089
wang2022_v0,Wang 2022 · zones,A,theta_power_db_uv2,Theta,inline_vs_block,Implicit − explicit,18,-0.1194476037118486,-0.235416946273127,-0.0034782611505701,-0.5122034372378722,0.0441985290375187,0.1325955871125563
wang2022_v0,Wang 2022 · zones,A,theta_power_db_uv2,Theta,early_vs_late,Early − late,18,-0.1019510583398149,-0.2600981362921473,0.0561960196125174,-0.3205817598032271,0.1915589452049457,0.1915589452049457
wang2022_v0,Wang 2022 · zones,A,alpha_power_db_uv2,Alpha,any_ad_vs_no_ads,Any ad − no ads,18,0.123519298441282,-0.1393478679139067,0.3863864647964707,0.2336720210394301,0.3353990230910573,0.8481864918069488
wang2022_v0,Wang 2022 · zones,A,alpha_power_db_uv2,Alpha,inline_vs_block,Implicit − explicit,18,0.0523197526924891,-0.1555517369442832,0.2601912423292616,0.1251638738705076,0.6022707657803716,0.8481864918069488
wang2022_v0,Wang 2022 · zones,A,alpha_power_db_uv2,Alpha,early_vs_late,Early − late,18,-0.1028004664611114,-0.2983124461547627,0.0927115132325398,-0.2614748690031715,0.2827288306023163,0.8481864918069488
wang2022_v0,Wang 2022 · zones,A,beta_power_db_uv2,Beta,any_ad_vs_no_ads,Any ad − no ads,18,-0.0296746779967395,-0.3856990660803274,0.3263497100868484,-0.0414490430687544,0.8624868578044282,1.0
wang2022_v0,Wang 2022 · zones,A,beta_power_db_uv2,Beta,inline_vs_block,Implicit − explicit,18,0.0853537679920603,-0.2193795068673917,0.3900870428515123,0.1392871528841032,0.5623323925272515,1.0
wang2022_v0,Wang 2022 · zones,A,beta_power_db_uv2,Beta,early_vs_late,Early − late,18,-0.0087724320645037,-0.3028566070537203,0.2853117429247128,-0.0148339428146282,0.9505522600494596,1.0
wang2022_v0,Wang 2022 · zones,A,faa_log_f4_minus_f3,FAA,any_ad_vs_no_ads,Any ad − no ads,18,-0.0067001205484594,-0.0620576787940713,0.0486574376971524,-0.0601885572216266,0.8015101511450851,1.0
wang2022_v0,Wang 2022 · zones,A,faa_log_f4_minus_f3,FAA,inline_vs_block,Implicit − explicit,18,-0.0059926833279582,-0.0512040013796202,0.0392186347237037,-0.0659147186433739,0.783118184373758,1.0
wang2022_v0,Wang 2022 · zones,A,faa_log_f4_minus_f3,FAA,early_vs_late,Early − late,18,0.0302985187321969,-0.0285195907784428,0.0891166282428366,0.2561642837522546,0.2922896717249785,0.8768690151749354
wang2022_v0,Wang 2022 · zones,A,delta_power_db_uv2,Delta,any_ad_vs_no_ads,Any ad − no ads,18,-0.0004463501930159,-0.457864743820671,0.4569720434346391,-0.0004852553637983,0.9983813113620108,1.0
wang2022_v0,Wang 2022 · zones,A,delta_power_db_uv2,Delta,inline_vs_block,Implicit − explicit,18,-0.2707808340757274,-0.6712767838256423,0.1297151156741873,-0.3362234772342828,0.1718385395340764,0.5155156186022292
wang2022_v0,Wang 2022 · zones,A,delta_power_db_uv2,Delta,early_vs_late,Early − late,18,-0.0651690681889924,-0.4373701225128472,0.3070319861348622,-0.0870707237453292,0.7163834676360361,1.0
wang2022_v0,Wang 2022 · zones,A,gamma_power_db_uv2,Gamma,any_ad_vs_no_ads,Any ad − no ads,18,-0.0493457589341757,-0.6172715432773884,0.518580025409037,-0.0432082312236402,0.8567179120275977,1.0
wang2022_v0,Wang 2022 · zones,A,gamma_power_db_uv2,Gamma,inline_vs_block,Implicit − explicit,18,0.1206931506909772,-0.3052263014522636,0.5466126028342182,0.1409170008854799,0.557814476144382,1.0
wang2022_v0,Wang 2022 · zones,A,gamma_power_db_uv2,Gamma,early_vs_late,Early − late,18,0.0114045615905391,-0.528955647707102,0.5517647708881803,0.010495508285311,0.9650018701161328,1.0
wang2022_v0,Wang 2022 · zones,A,delta_relative_power,Rel. delta,any_ad_vs_no_ads,Any ad − no ads,18,-0.0045633359425259,-0.0239392385753271,0.0148125666902752,-0.1171193734530619,0.6256273547081352,1.0
wang2022_v0,Wang 2022 · zones,A,delta_relative_power,Rel. delta,inline_vs_block,Implicit − explicit,18,-0.006803520156461,-0.0197548246753314,0.0061477843624093,-0.2612332195991135,0.283158807422068,0.8494764222662041
wang2022_v0,Wang 2022 · zones,A,delta_relative_power,Rel. delta,early_vs_late,Early − late,18,0.0003697702278368,-0.0125455406342484,0.0132850810899222,0.0142375518652876,0.9525376686012136,1.0
wang2022_v0,Wang 2022 · zones,A,theta_relative_power,Rel. theta,any_ad_vs_no_ads,Any ad − no ads,18,0.000441796447079,-0.0046919801912126,0.0055755730853707,0.0427950454233392,0.8580721447742974,1.0
wang2022_v0,Wang 2022 · zones,A,theta_relative_power,Rel. theta,inline_vs_block,Implicit − explicit,18,0.0018180768733918,-0.0033553025526325,0.0069914562994161,0.1747616566429545,0.4685399659893229,1.0
wang2022_v0,Wang 2022 · zones,A,theta_relative_power,Rel. theta,early_vs_late,Early − late,18,-0.0011207241970131,-0.0048447462067954,0.0026032978127691,-0.1496562131041714,0.5339223268398324,1.0
wang2022_v0,Wang 2022 · zones,A,alpha_relative_power,Rel. alpha,any_ad_vs_no_ads,Any ad − no ads,18,0.0032802862316129,-0.0025830584841898,0.0091436309474156,0.2782111653054402,0.2541139107449143,0.762341732234743
wang2022_v0,Wang 2022 · zones,A,alpha_relative_power,Rel. alpha,inline_vs_block,Implicit − explicit,18,0.0011858937181347,-0.0045647264106275,0.006936513846897,0.1025508655958361,0.6689728337356909,1.0
wang2022_v0,Wang 2022 · zones,A,alpha_relative_power,Rel. alpha,early_vs_late,Early − late,18,-0.000313895006605,-0.0030907451841671,0.002462955170957,-0.0562134448945899,0.8143495274195407,1.0
wang2022_v0,Wang 2022 · zones,A,beta_relative_power,Rel. beta,any_ad_vs_no_ads,Any ad − no ads,18,0.0026799651670233,-0.0085066307259853,0.013866561060032,0.1191350198599698,0.6197351290275027,1.0
wang2022_v0,Wang 2022 · zones,A,beta_relative_power,Rel. beta,inline_vs_block,Implicit − explicit,18,0.0020709412229109,-0.0037190992756808,0.0078609817215027,0.1778666041918605,0.4608013373921111,1.0
wang2022_v0,Wang 2022 · zones,A,beta_relative_power,Rel. beta,early_vs_late,Early − late,18,0.0025416755338858,-0.0030363243364918,0.0081196754042634,0.2265947537794176,0.3498467848085986,1.0
wang2022_v0,Wang 2022 · zones,A,gamma_relative_power,Rel. gamma,any_ad_vs_no_ads,Any ad − no ads,18,0.0003096813249237,-0.0058155354402044,0.0064348980900518,0.0251421142694261,0.9163002932166896,1.0
wang2022_v0,Wang 2022 · zones,A,gamma_relative_power,Rel. gamma,inline_vs_block,Implicit − explicit,18,4.6033354407123065e-05,-0.0031317735763598,0.0032238402851741,0.0072036624905061,0.9759743539867264,1.0
wang2022_v0,Wang 2022 · zones,A,gamma_relative_power,Rel. gamma,early_vs_late,Early − late,18,0.0012289419155456,-0.0014446144112568,0.0039024982423481,0.2285863330164219,0.3457381697192254,1.0
wang2022_v0,Wang 2022 · zones,A,engagement_beta_over_alpha_theta,Pope,any_ad_vs_no_ads,Any ad − no ads,18,0.0124717515091734,-0.0415577275809197,0.0665012305992665,0.1147902259906971,0.6324686149593481,1.0
wang2022_v0,Wang 2022 · zones,A,engagement_beta_over_alpha_theta,Pope,inline_vs_block,Implicit − explicit,18,0.0008887421236888,-0.041112964497329,0.0428904487447066,0.0105224548242545,0.9649120777825824,1.0
wang2022_v0,Wang 2022 · zones,A,engagement_beta_over_alpha_theta,Pope,early_vs_late,Early − late,18,0.0252325457573528,-0.0136950993935719,0.0641601909082776,0.3223377564629933,0.1892581833830742,0.5677745501492228
wang2022_v0,Wang 2022 · zones,A,engagement_pope_frontocentral_beta_over_alpha_theta,Pope FC,any_ad_vs_no_ads,Any ad − no ads,18,0.027537472546279,-0.0493393548713088,0.1044142999638668,0.1781299175378902,0.4601486673587579,0.9202973347175158
wang2022_v0,Wang 2022 · zones,A,engagement_pope_frontocentral_beta_over_alpha_theta,Pope FC,inline_vs_block,Implicit − explicit,18,0.0174054088960565,-0.0325342715640497,0.0673450893561629,0.1733192149687252,0.4721615780788307,0.9202973347175158
wang2022_v0,Wang 2022 · zones,A,engagement_pope_frontocentral_beta_over_alpha_theta,Pope FC,early_vs_late,Early − late,18,0.0420158675944803,-0.0056403751413223,0.089672110330283,0.4384315296292506,0.0802618868957265,0.2407856606871797
wang2022_v0,Wang 2022 · zones,A,engagement_kislov_central_beta16_24_over_alpha8_12,Kislov,any_ad_vs_no_ads,Any ad − no ads,18,0.0823135672380709,-0.1529334660832322,0.3175606005593741,0.1740025087650592,0.470443904578129,1.0
wang2022_v0,Wang 2022 · zones,A,engagement_kislov_central_beta16_24_over_alpha8_12,Kislov,inline_vs_block,Implicit − explicit,18,0.0399886405506177,-0.1373854945267943,0.2173627756280299,0.1121126431345819,0.6403758684219176,1.0
wang2022_v0,Wang 2022 · zones,A,engagement_kislov_central_beta16_24_over_alpha8_12,Kislov,early_vs_late,Early − late,18,0.0354269147247849,-0.0615780067440922,0.1324318361936622,0.1816133651388442,0.4515675251698069,1.0
wang2022_v0,Wang 2022 · zones,B,fz_theta_power_db_uv2,Fz theta *,inline_early_vs_no_ad_early,Implicit early,18,0.6093534163994809,-0.8654149288393305,2.0841217616382925,0.2054724906140292,0.3954921409198368,0.7909842818396736
wang2022_v0,Wang 2022 · zones,B,fz_theta_power_db_uv2,Fz theta *,block_early_vs_no_ad_early,Explicit early,18,0.7352331457865471,-0.2673695368302933,1.7378358284033877,0.3646737117656224,0.1402331719885592,0.4206995159656778
wang2022_v0,Wang 2022 · zones,B,fz_theta_power_db_uv2,Fz theta *,inline_late_vs_no_ad_late,Implicit late,18,-1.3828140220350624,-2.803017726613116,0.0373896825429909,-0.4841961987588308,0.0556568043553998,0.2226272174215994
wang2022_v0,Wang 2022 · zones,B,fz_theta_power_db_uv2,Fz theta *,block_late_vs_no_ad_late,Explicit late,18,-0.1260687956059304,-1.27533674753674,1.0231991563248788,-0.0545499742113926,0.8197388549299714,0.8197388549299714
wang2022_v0,Wang 2022 · zones,B,posterior_alpha_power_db_uv2,Post. alpha *,inline_early_vs_no_ad_early,Implicit early,18,0.436752937518127,-1.543821949698824,2.4173278247350782,0.1096611531993045,0.647654719445327,1.0
wang2022_v0,Wang 2022 · zones,B,posterior_alpha_power_db_uv2,Post. alpha *,block_early_vs_no_ad_early,Explicit early,18,0.6422744992681813,-1.5208408884480653,2.805389886984428,0.147655366027221,0.5393423811547525,1.0
wang2022_v0,Wang 2022 · zones,B,posterior_alpha_power_db_uv2,Post. alpha *,inline_late_vs_no_ad_late,Implicit late,18,-1.114577885105901,-2.875421538139856,0.6462657679280541,-0.3147732858289701,0.1993294111889891,0.5979882335669675
wang2022_v0,Wang 2022 · zones,B,posterior_alpha_power_db_uv2,Post. alpha *,block_late_vs_no_ad_late,Explicit late,18,-1.286073459135328,-2.695430596066976,0.1232836777963199,-0.4537879493609815,0.0710943113887224,0.2843772455548899
wang2022_v0,Wang 2022 · zones,B,theta_power_db_uv2,Theta,inline_early_vs_no_ad_early,Implicit early,18,0.4813979964074095,-0.9027735407087862,1.865569533523605,0.1729508122229071,0.4730892351746909,0.7536291390329238
wang2022_v0,Wang 2022 · zones,B,theta_power_db_uv2,Theta,block_early_vs_no_ad_early,Explicit early,18,0.6401210359469843,-0.4968022987212809,1.7770443706152497,0.2799878342804816,0.2512097130109746,0.7536291390329238
wang2022_v0,Wang 2022 · zones,B,theta_power_db_uv2,Theta,inline_late_vs_no_ad_late,Implicit late,18,0.5591337368814481,-0.7106909688934745,1.8289584426563708,0.2189677556441878,0.3658924832516149,0.7536291390329238
wang2022_v0,Wang 2022 · zones,B,theta_power_db_uv2,Theta,block_late_vs_no_ad_late,Explicit late,18,1.183798524524604,-0.0923910480718794,2.4599880971210872,0.461286606071898,0.0669668510629241,0.2678674042516966
wang2022_v0,Wang 2022 · zones,B,alpha_power_db_uv2,Alpha,inline_early_vs_no_ad_early,Implicit early,18,0.3713976811802342,-1.5168732100811606,2.259668572441629,0.0978099713434041,0.6833519258527764,0.8580414566090788
wang2022_v0,Wang 2022 · zones,B,alpha_power_db_uv2,Alpha,block_early_vs_no_ad_early,Explicit early,18,0.8832648206430959,-1.4168123150786287,3.18334195636482,0.190966318005391,0.4290207283045394,0.8580414566090788
wang2022_v0,Wang 2022 · zones,B,alpha_power_db_uv2,Alpha,inline_late_vs_no_ad_late,Implicit late,18,-0.9611657009312552,-2.698752986343884,0.7764215844813729,-0.2750805453817545,0.2592931728777448,0.7778795186332346
wang2022_v0,Wang 2022 · zones,B,alpha_power_db_uv2,Alpha,block_late_vs_no_ad_late,Explicit late,18,-1.2808228126217227,-2.961553243909848,0.3999076186664028,-0.3789651143014804,0.126288787767298,0.505155151069192
wang2022_v0,Wang 2022 · zones,B,beta_power_db_uv2,Beta,inline_early_vs_no_ad_early,Implicit early,18,-0.281068733553074,-2.3120677948964623,1.7499303277903142,-0.0688194276169223,0.773838010378534,1.0
wang2022_v0,Wang 2022 · zones,B,beta_power_db_uv2,Beta,block_early_vs_no_ad_early,Explicit early,18,-0.4552485275574111,-1.9884883594147251,1.077991304299903,-0.14765450385989,0.5393447231257354,1.0
wang2022_v0,Wang 2022 · zones,B,beta_power_db_uv2,Beta,inline_late_vs_no_ad_late,Implicit late,18,-1.0363613989138172,-2.679622447662209,0.6068996498345742,-0.3136266142150212,0.2008927008722775,0.6026781026168326
wang2022_v0,Wang 2022 · zones,B,beta_power_db_uv2,Beta,block_late_vs_no_ad_late,Explicit late,18,-1.431645384124177,-2.733948345911958,-0.1293424223363959,-0.5466780934885984,0.033081801123663,0.132327204494652
wang2022_v0,Wang 2022 · zones,B,faa_log_f4_minus_f3,FAA,inline_early_vs_no_ad_early,Implicit early,18,0.1413765182163043,-0.306206393372389,0.5889594298049976,0.1570767933363616,0.5140856209147063,1.0
wang2022_v0,Wang 2022 · zones,B,faa_log_f4_minus_f3,FAA,block_early_vs_no_ad_early,Explicit early,18,0.0613560442559083,-0.3919247672726307,0.5146368557844474,0.0673128934878158,0.7786468958949232,1.0
wang2022_v0,Wang 2022 · zones,B,faa_log_f4_minus_f3,FAA,inline_late_vs_no_ad_late,Implicit late,18,-0.2425172825538272,-0.6146775341974978,0.1296429690898433,-0.3240566578566113,0.1870275773432176,0.7481103093728707
wang2022_v0,Wang 2022 · zones,B,faa_log_f4_minus_f3,FAA,block_late_vs_no_ad_late,Explicit late,18,4.112799404588764e-05,-0.3880358266190634,0.3881180826071551,5.27020994874667e-05,0.9998241990525848,1.0
wang2022_v0,Wang 2022 · zones,B,delta_power_db_uv2,Delta,inline_early_vs_no_ad_early,Implicit early,18,-0.1368770984619919,-2.6673267664521623,2.393572569528178,-0.0268993217141326,0.9104763899374922,1.0
wang2022_v0,Wang 2022 · zones,B,delta_power_db_uv2,Delta,block_early_vs_no_ad_early,Explicit early,18,4.141342951286132,1.5781753020954468,6.704510600476816,0.8034751061113926,0.0033430788578041,0.0133723154312164
wang2022_v0,Wang 2022 · zones,B,delta_power_db_uv2,Delta,inline_late_vs_no_ad_late,Implicit late,18,1.9740181573697124,-2.5550876642207325,6.503123978960158,0.2167439167297355,0.3706639421001611,1.0
wang2022_v0,Wang 2022 · zones,B,delta_power_db_uv2,Delta,block_late_vs_no_ad_late,Explicit late,18,1.9837220152221249,-2.2963676075797834,6.263811638024032,0.2304815639329903,0.3418595597504615,1.0
wang2022_v0,Wang 2022 · zones,B,gamma_power_db_uv2,Gamma,inline_early_vs_no_ad_early,Implicit early,18,0.0928169180847839,-2.3982723463793274,2.583906182548895,0.0185287489012272,0.9382600828980264,1.0
wang2022_v0,Wang 2022 · zones,B,gamma_power_db_uv2,Gamma,block_early_vs_no_ad_early,Explicit early,18,-0.3665765182280778,-2.264215095294902,1.5310620588387465,-0.0960637162597604,0.6886804042853897,1.0
wang2022_v0,Wang 2022 · zones,B,gamma_power_db_uv2,Gamma,inline_late_vs_no_ad_late,Implicit late,18,-1.5193613235128292,-3.575841043677189,0.5371183966515309,-0.3674048439818013,0.137472579014497,0.5304394622476023
wang2022_v0,Wang 2022 · zones,B,gamma_power_db_uv2,Gamma,block_late_vs_no_ad_late,Explicit late,18,-1.409841256399301,-3.292842397809874,0.4731598850112719,-0.3723298660056405,0.1326098655619005,0.5304394622476023
wang2022_v0,Wang 2022 · zones,B,delta_relative_power,Rel. delta,inline_early_vs_no_ad_early,Implicit early,18,0.0041139579450411,-0.0880174249159929,0.0962453408060752,0.0222054971081896,0.9260438814779924,0.9260438814779924
wang2022_v0,Wang 2022 · zones,B,delta_relative_power,Rel. delta,block_early_vs_no_ad_early,Explicit early,18,0.1666493240790416,0.0553402152635389,0.2779584328945443,0.7445280989860172,0.0057340171223207,0.0229360684892831
wang2022_v0,Wang 2022 · zones,B,delta_relative_power,Rel. delta,inline_late_vs_no_ad_late,Implicit late,18,0.165557131894125,0.0174694675871321,0.313644796201118,0.5559519435722308,0.0305701057191091,0.0917103171573273
wang2022_v0,Wang 2022 · zones,B,delta_relative_power,Rel. delta,block_late_vs_no_ad_late,Explicit late,18,0.1531799065174803,0.0145382942621372,0.2918215187728235,0.5494351528108103,0.0323156656737613,0.0917103171573273
wang2022_v0,Wang 2022 · zones,B,theta_relative_power,Rel. theta,inline_early_vs_no_ad_early,Implicit early,18,0.0085161766437393,-0.028512614274639,0.0455449675621177,0.1143703293221705,0.6337056330669297,0.6337056330669297
wang2022_v0,Wang 2022 · zones,B,theta_relative_power,Rel. theta,block_early_vs_no_ad_early,Explicit early,18,-0.0393450860017666,-0.0709471034362835,-0.0077430685672496,-0.619132971487262,0.0176730498781021,0.0706921995124085
wang2022_v0,Wang 2022 · zones,B,theta_relative_power,Rel. theta,inline_late_vs_no_ad_late,Implicit late,18,0.0402422875862863,0.0044150336844081,0.0760695414881646,0.5585697096795472,0.0298940616924766,0.0896821850774299
wang2022_v0,Wang 2022 · zones,B,theta_relative_power,Rel. theta,block_late_vs_no_ad_late,Explicit late,18,0.033289645282285,-0.0019079207270046,0.0684872112915746,0.4703322704017745,0.0622747115763148,0.1245494231526297
wang2022_v0,Wang 2022 · zones,B,alpha_relative_power,Rel. alpha,inline_early_vs_no_ad_early,Implicit early,18,-0.0317142220423333,-0.0756954779672527,0.0122670338825861,-0.3585871129917052,0.1465528093139347,0.2931056186278694
wang2022_v0,Wang 2022 · zones,B,alpha_relative_power,Rel. alpha,block_early_vs_no_ad_early,Explicit early,18,-0.0433777272167002,-0.0947193834738555,0.0079639290404549,-0.4201507670173371,0.0925268050121092,0.2775804150363277
wang2022_v0,Wang 2022 · zones,B,alpha_relative_power,Rel. alpha,inline_late_vs_no_ad_late,Implicit late,18,-0.0311782530004505,-0.085519939338642,0.0231634333377409,-0.2853165129492291,0.2426507519186456,0.2931056186278694
wang2022_v0,Wang 2022 · zones,B,alpha_relative_power,Rel. alpha,block_late_vs_no_ad_late,Explicit late,18,-0.0645494266921965,-0.1331913247953908,0.0040924714109977,-0.467639671961023,0.0636394970570302,0.254557988228121
wang2022_v0,Wang 2022 · zones,B,beta_relative_power,Rel. beta,inline_early_vs_no_ad_early,Implicit early,18,-0.009231845518026,-0.0561223063478035,0.0376586153117513,-0.0979066677712954,0.6830573675210433,0.6830573675210433
wang2022_v0,Wang 2022 · zones,B,beta_relative_power,Rel. beta,block_early_vs_no_ad_early,Explicit early,18,-0.0859145803956231,-0.1350204370916169,-0.0368087236996293,-0.8700452159079035,0.0018117800473569,0.0072471201894277
wang2022_v0,Wang 2022 · zones,B,beta_relative_power,Rel. beta,inline_late_vs_no_ad_late,Implicit late,18,-0.0642660317741953,-0.1294946772905785,0.0009626137421877,-0.4899495533220806,0.0531028327057062,0.1062056654114124
wang2022_v0,Wang 2022 · zones,B,beta_relative_power,Rel. beta,block_late_vs_no_ad_late,Explicit late,18,-0.0849995142699155,-0.1468067968488184,-0.0231922316910126,-0.6838880832328225,0.0099311322327507,0.0297933966982523
wang2022_v0,Wang 2022 · zones,B,gamma_relative_power,Rel. gamma,inline_early_vs_no_ad_early,Implicit early,18,-0.0145851769800943,-0.0487281502189877,0.0195577962587989,-0.2124313493520561,0.3800364666900382,0.3800364666900382
wang2022_v0,Wang 2022 · zones,B,gamma_relative_power,Rel. gamma,block_early_vs_no_ad_early,Explicit early,18,-0.0318565040848091,-0.0650931266676585,0.0013801184980401,-0.4766388866227834,0.0591808173874886,0.1183616347749773
wang2022_v0,Wang 2022 · zones,B,gamma_relative_power,Rel. gamma,inline_late_vs_no_ad_late,Implicit late,18,-0.0492886148509159,-0.07994495491054,-0.0186322747912917,-0.7995296071232725,0.0034664125146162,0.0138656500584648
wang2022_v0,Wang 2022 · zones,B,gamma_relative_power,Rel. gamma,block_late_vs_no_ad_late,Explicit late,18,-0.047292949489074,-0.0888343931195772,-0.0057515058585709,-0.5661389790955073,0.0280172121747817,0.0840516365243451
wang2022_v0,Wang 2022 · zones,B,engagement_beta_over_alpha_theta,Pope,inline_early_vs_no_ad_early,Implicit early,18,-0.1415665306137358,-1.1897009502671383,0.9065678890396668,-0.0671663654266949,0.7791151133123828,0.7791151133123828
wang2022_v0,Wang 2022 · zones,B,engagement_beta_over_alpha_theta,Pope,block_early_vs_no_ad_early,Explicit early,18,-0.4435473855517822,-1.1212895494138002,0.2341947783102356,-0.325449614038826,0.1852355112722335,0.3704710225444671
wang2022_v0,Wang 2022 · zones,B,engagement_beta_over_alpha_theta,Pope,inline_late_vs_no_ad_late,Implicit late,18,-0.2753694538631321,-0.6330512297309251,0.0823123220046607,-0.3828487136299466,0.1227090269957998,0.3681270809873995
wang2022_v0,Wang 2022 · zones,B,engagement_beta_over_alpha_theta,Pope,block_late_vs_no_ad_late,Explicit late,18,-0.3041951051951523,-0.6235861625387471,0.0151959521484423,-0.4736283733359777,0.060639967418353,0.2425598696734121
wang2022_v0,Wang 2022 · zones,B,engagement_pope_frontocentral_beta_over_alpha_theta,Pope FC,inline_early_vs_no_ad_early,Implicit early,18,-0.2220276560089905,-0.8610435720014395,0.4169882599834584,-0.172784046538995,0.4735095190366394,0.5721414160484822
wang2022_v0,Wang 2022 · zones,B,engagement_pope_frontocentral_beta_over_alpha_theta,Pope FC,block_early_vs_no_ad_early,Explicit early,18,-0.3262592042962762,-0.7828077736894372,0.1302893650968847,-0.3553726726427365,0.1499850565038575,0.480395783800927
wang2022_v0,Wang 2022 · zones,B,engagement_pope_frontocentral_beta_over_alpha_theta,Pope FC,inline_late_vs_no_ad_late,Implicit late,18,-0.2703680755718056,-0.7882760574334164,0.2475399062898053,-0.2596038014028313,0.2860707080242411,0.5721414160484822
wang2022_v0,Wang 2022 · zones,B,engagement_pope_frontocentral_beta_over_alpha_theta,Pope FC,block_late_vs_no_ad_late,Explicit late,18,-0.3388265936765056,-0.7756332841020104,0.0979800967489991,-0.3857415756192362,0.1200989459502317,0.480395783800927
wang2022_v0,Wang 2022 · zones,B,engagement_kislov_central_beta16_24_over_alpha8_12,Kislov,inline_early_vs_no_ad_early,Implicit early,18,0.0617652680699065,-0.9459833059510104,1.0695138420908237,0.030478976595335,0.8986289291778342,1.0
wang2022_v0,Wang 2022 · zones,B,engagement_kislov_central_beta16_24_over_alpha8_12,Kislov,block_early_vs_no_ad_early,Explicit early,18,-0.0236659205423067,-0.8847498059369175,0.837417964852304,-0.0136674087285919,0.954435997713404,1.0
wang2022_v0,Wang 2022 · zones,B,engagement_kislov_central_beta16_24_over_alpha8_12,Kislov,inline_late_vs_no_ad_late,Implicit late,18,0.0160249427722388,-0.4842355767525491,0.5162854622970269,0.0159297331074606,0.946905213820502,1.0
wang2022_v0,Wang 2022 · zones,B,engagement_kislov_central_beta16_24_over_alpha8_12,Kislov,block_late_vs_no_ad_late,Explicit late,18,-0.0741278875309046,-0.5404934829000804,0.392237707838271,-0.0790429902885653,0.7414631164498412,1.0
teaching_atlas_v0,AES 2016 · regions,A,fz_theta_power_db_uv2,Fz theta *,any_ad_vs_no_ads,Any ad − no ads,18,-0.0847200568211091,-0.2327871902692921,0.0633470766270739,-0.2845350761627362,0.243891745170745,0.4877834903414901
teaching_atlas_v0,AES 2016 · regions,A,fz_theta_power_db_uv2,Fz theta *,inline_vs_block,Implicit − explicit,18,-0.0155172756356149,-0.1354703732448999,0.10443582197367,-0.0643298071189838,0.7881961004817257,0.7881961004817257
teaching_atlas_v0,AES 2016 · regions,A,fz_theta_power_db_uv2,Fz theta *,early_vs_late,Early − late,18,-0.1129731058876228,-0.2582645680867836,0.0323183563115379,-0.3866724376144963,0.1192692113187944,0.3578076339563834
teaching_atlas_v0,AES 2016 · regions,A,posterior_alpha_power_db_uv2,Post. alpha *,any_ad_vs_no_ads,Any ad − no ads,18,0.0710581893067139,-0.1409666051261352,0.2830829837395632,0.166661669483513,0.4890933816453374,0.961477758150872
teaching_atlas_v0,AES 2016 · regions,A,posterior_alpha_power_db_uv2,Post. alpha *,inline_vs_block,Implicit − explicit,18,0.0496136125199078,-0.0955778236940289,0.1948050487338447,0.1699292307151179,0.480738879075436,0.961477758150872
teaching_atlas_v0,AES 2016 · regions,A,posterior_alpha_power_db_uv2,Post. alpha *,early_vs_late,Early − late,18,-0.0901820075685924,-0.2314588246805452,0.0510948095433603,-0.317436775653948,0.1957355900261355,0.5872067700784065
teaching_atlas_v0,AES 2016 · regions,A,theta_power_db_uv2,Theta,any_ad_vs_no_ads,Any ad − no ads,18,-0.0531454038777633,-0.2292516885216145,0.1229608807660879,-0.1500718025965173,0.5328003168764021,0.7257346002894867
teaching_atlas_v0,AES 2016 · regions,A,theta_power_db_uv2,Theta,inline_vs_block,Implicit − explicit,18,-0.1146059577445976,-0.3256151425440958,0.0964032270549006,-0.270093465516912,0.2677076984214225,0.7257346002894867
teaching_atlas_v0,AES 2016 · regions,A,theta_power_db_uv2,Theta,early_vs_late,Early − late,18,-0.1369542349069962,-0.3752666348525407,0.1013581650385481,-0.2857834454602845,0.2419115334298288,0.7257346002894867
teaching_atlas_v0,AES 2016 · regions,A,alpha_power_db_uv2,Alpha,any_ad_vs_no_ads,Any ad − no ads,18,0.0710581893067139,-0.1409666051261352,0.2830829837395632,0.166661669483513,0.4890933816453374,0.961477758150872
teaching_atlas_v0,AES 2016 · regions,A,alpha_power_db_uv2,Alpha,inline_vs_block,Implicit − explicit,18,0.0496136125199078,-0.0955778236940289,0.1948050487338447,0.1699292307151179,0.480738879075436,0.961477758150872
teaching_atlas_v0,AES 2016 · regions,A,alpha_power_db_uv2,Alpha,early_vs_late,Early − late,18,-0.0901820075685924,-0.2314588246805452,0.0510948095433603,-0.317436775653948,0.1957355900261355,0.5872067700784065
teaching_atlas_v0,AES 2016 · regions,A,beta_power_db_uv2,Beta,any_ad_vs_no_ads,Any ad − no ads,18,-0.0300952826842739,-0.431143640317306,0.3709530749487582,-0.0373172753377379,0.8760671688418388,1.0
teaching_atlas_v0,AES 2016 · regions,A,beta_power_db_uv2,Beta,inline_vs_block,Implicit − explicit,18,0.0507278863621097,-0.262954226096722,0.3644099988209414,0.0804202197251067,0.7371381996852069,1.0
teaching_atlas_v0,AES 2016 · regions,A,beta_power_db_uv2,Beta,early_vs_late,Early − late,18,-0.0347506126921282,-0.3684041494532253,0.2989029240689688,-0.0517934660670992,0.8286897589592547,1.0
teaching_atlas_v0,AES 2016 · regions,A,faa_log_f4_minus_f3,FAA,any_ad_vs_no_ads,Any ad − no ads,18,-0.0067001205484594,-0.0620576787940713,0.0486574376971524,-0.0601885572216266,0.8015101511450851,1.0
teaching_atlas_v0,AES 2016 · regions,A,faa_log_f4_minus_f3,FAA,inline_vs_block,Implicit − explicit,18,-0.0059926833279582,-0.0512040013796202,0.0392186347237037,-0.0659147186433739,0.783118184373758,1.0
teaching_atlas_v0,AES 2016 · regions,A,faa_log_f4_minus_f3,FAA,early_vs_late,Early − late,18,0.0302985187321969,-0.0285195907784428,0.0891166282428366,0.2561642837522546,0.2922896717249785,0.8768690151749354
teaching_atlas_v0,AES 2016 · regions,A,delta_power_db_uv2,Delta,any_ad_vs_no_ads,Any ad − no ads,18,-0.0087334914311894,-0.467462187720262,0.449995204857883,-0.0094676072114982,0.9684274330006158,0.9684274330006158
teaching_atlas_v0,AES 2016 · regions,A,delta_power_db_uv2,Delta,inline_vs_block,Implicit − explicit,18,-0.2469468719411507,-0.6288277185402307,0.1349339746579291,-0.3215761968887852,0.1902532630631521,0.5707597891894566
teaching_atlas_v0,AES 2016 · regions,A,delta_power_db_uv2,Delta,early_vs_late,Early − late,18,-0.1287151689906598,-0.4966799509253337,0.2392496129440139,-0.1739529183385639,0.4705684389712191,0.9411368779424382
teaching_atlas_v0,AES 2016 · regions,A,gamma_power_db_uv2,Gamma,any_ad_vs_no_ads,Any ad − no ads,18,-0.0640966936686337,-0.6471451808538646,0.518951793516597,-0.0546687566752389,0.8193537109686374,1.0
teaching_atlas_v0,AES 2016 · regions,A,gamma_power_db_uv2,Gamma,inline_vs_block,Implicit − explicit,18,0.1563474469123215,-0.3899264615587695,0.7026213553834125,0.1423274203475093,0.5539204074465615,1.0
teaching_atlas_v0,AES 2016 · regions,A,gamma_power_db_uv2,Gamma,early_vs_late,Early − late,18,-0.1389306729202565,-0.6997710584460014,0.4219097126054884,-0.123187630628027,0.6079689037251892,1.0
teaching_atlas_v0,AES 2016 · regions,A,delta_relative_power,Rel. delta,any_ad_vs_no_ads,Any ad − no ads,18,-0.0028299579471091,-0.0270516611120366,0.0213917452178184,-0.058100991867692,0.8082458332768311,1.0
teaching_atlas_v0,AES 2016 · regions,A,delta_relative_power,Rel. delta,inline_vs_block,Implicit − explicit,18,-0.0083906715099049,-0.0205095095897681,0.0037281665699582,-0.3443055142336356,0.1623161577576511,0.4869484732729535
teaching_atlas_v0,AES 2016 · regions,A,delta_relative_power,Rel. delta,early_vs_late,Early − late,18,-0.0004696894385941,-0.0139455032101294,0.0130061243329412,-0.01733261283817,0.942237883694218,1.0
teaching_atlas_v0,AES 2016 · regions,A,theta_relative_power,Rel. theta,any_ad_vs_no_ads,Any ad − no ads,18,-0.0022196343303516,-0.0068628909156422,0.0024236222549389,-0.2377206953932927,0.3273247142041018,0.9819741426123056
teaching_atlas_v0,AES 2016 · regions,A,theta_relative_power,Rel. theta,inline_vs_block,Implicit − explicit,18,0.000629562291478,-0.0034578301720649,0.0047169547550211,0.076595033365289,0.7491723807343329,1.0
teaching_atlas_v0,AES 2016 · regions,A,theta_relative_power,Rel. theta,early_vs_late,Early − late,18,-0.0009020614246557,-0.0043313341441057,0.0025272112947942,-0.1308104165823676,0.586136200718101,1.0
teaching_atlas_v0,AES 2016 · regions,A,alpha_relative_power,Rel. alpha,any_ad_vs_no_ads,Any ad − no ads,18,0.0011385931775146,-0.0055175998069448,0.0077947861619741,0.0850650015364046,0.7226197436208078,1.0
teaching_atlas_v0,AES 2016 · regions,A,alpha_relative_power,Rel. alpha,inline_vs_block,Implicit − explicit,18,0.0007056471135097,-0.0047823765419213,0.0061936707689408,0.0639410607556376,0.7894431197024396,1.0
teaching_atlas_v0,AES 2016 · regions,A,alpha_relative_power,Rel. alpha,early_vs_late,Early − late,18,-0.0008192979625326,-0.004200118753199,0.0025615228281336,-0.1205113541333783,0.6157269789719656,1.0
teaching_atlas_v0,AES 2016 · regions,A,beta_relative_power,Rel. beta,any_ad_vs_no_ads,Any ad − no ads,18,0.0028683426443759,-0.0098794219111641,0.015616107199916,0.1118935977574515,0.6410247299521379,1.0
teaching_atlas_v0,AES 2016 · regions,A,beta_relative_power,Rel. beta,inline_vs_block,Implicit − explicit,18,0.0014464856360898,-0.0060632384792726,0.0089562097514524,0.0957851943595863,0.68953184786043,1.0
teaching_atlas_v0,AES 2016 · regions,A,beta_relative_power,Rel. beta,early_vs_late,Early − late,18,0.0024579890836267,-0.0042195685864414,0.009135546753695,0.1830503419007269,0.4480565915936751,1.0
teaching_atlas_v0,AES 2016 · regions,A,gamma_relative_power,Rel. gamma,any_ad_vs_no_ads,Any ad − no ads,18,0.0019870486931616,-0.0045591428578803,0.0085332402442036,0.15094823613877,0.530438388619126,1.0
teaching_atlas_v0,AES 2016 · regions,A,gamma_relative_power,Rel. gamma,inline_vs_block,Implicit − explicit,18,0.0011795715314565,-0.0039340853428809,0.0062932284057939,0.1147099105126081,0.6327051382884867,1.0
teaching_atlas_v0,AES 2016 · regions,A,gamma_relative_power,Rel. gamma,early_vs_late,Early − late,18,0.0010323306034623,-0.0025620081790816,0.0046266693860064,0.142826250564634,0.5525466530071856,1.0
teaching_atlas_v0,AES 2016 · regions,A,engagement_beta_over_alpha_theta,Pope,any_ad_vs_no_ads,Any ad − no ads,18,0.0124717515091734,-0.0415577275809197,0.0665012305992665,0.1147902259906971,0.6324686149593481,1.0
teaching_atlas_v0,AES 2016 · regions,A,engagement_beta_over_alpha_theta,Pope,inline_vs_block,Implicit − explicit,18,0.0008887421236888,-0.041112964497329,0.0428904487447066,0.0105224548242545,0.9649120777825824,1.0
teaching_atlas_v0,AES 2016 · regions,A,engagement_beta_over_alpha_theta,Pope,early_vs_late,Early − late,18,0.0252325457573528,-0.0136950993935719,0.0641601909082776,0.3223377564629933,0.1892581833830742,0.5677745501492228
teaching_atlas_v0,AES 2016 · regions,A,engagement_pope_frontocentral_beta_over_alpha_theta,Pope FC,any_ad_vs_no_ads,Any ad − no ads,18,0.027537472546279,-0.0493393548713088,0.1044142999638668,0.1781299175378902,0.4601486673587579,0.9202973347175158
teaching_atlas_v0,AES 2016 · regions,A,engagement_pope_frontocentral_beta_over_alpha_theta,Pope FC,inline_vs_block,Implicit − explicit,18,0.0174054088960565,-0.0325342715640497,0.0673450893561629,0.1733192149687252,0.4721615780788307,0.9202973347175158
teaching_atlas_v0,AES 2016 · regions,A,engagement_pope_frontocentral_beta_over_alpha_theta,Pope FC,early_vs_late,Early − late,18,0.0420158675944803,-0.0056403751413223,0.089672110330283,0.4384315296292506,0.0802618868957265,0.2407856606871797
teaching_atlas_v0,AES 2016 · regions,A,engagement_kislov_central_beta16_24_over_alpha8_12,Kislov,any_ad_vs_no_ads,Any ad − no ads,18,0.0823135672380709,-0.1529334660832322,0.3175606005593741,0.1740025087650592,0.470443904578129,1.0
teaching_atlas_v0,AES 2016 · regions,A,engagement_kislov_central_beta16_24_over_alpha8_12,Kislov,inline_vs_block,Implicit − explicit,18,0.0399886405506177,-0.1373854945267943,0.2173627756280299,0.1121126431345819,0.6403758684219176,1.0
teaching_atlas_v0,AES 2016 · regions,A,engagement_kislov_central_beta16_24_over_alpha8_12,Kislov,early_vs_late,Early − late,18,0.0354269147247849,-0.0615780067440922,0.1324318361936622,0.1816133651388442,0.4515675251698069,1.0
teaching_atlas_v0,AES 2016 · regions,B,fz_theta_power_db_uv2,Fz theta *,inline_early_vs_no_ad_early,Implicit early,18,0.6093534163994809,-0.8654149288393305,2.0841217616382925,0.2054724906140292,0.3954921409198368,0.7909842818396736
teaching_atlas_v0,AES 2016 · regions,B,fz_theta_power_db_uv2,Fz theta *,block_early_vs_no_ad_early,Explicit early,18,0.7352331457865471,-0.2673695368302933,1.7378358284033877,0.3646737117656224,0.1402331719885592,0.4206995159656778
teaching_atlas_v0,AES 2016 · regions,B,fz_theta_power_db_uv2,Fz theta *,inline_late_vs_no_ad_late,Implicit late,18,-1.3828140220350624,-2.803017726613116,0.0373896825429909,-0.4841961987588308,0.0556568043553998,0.2226272174215994
teaching_atlas_v0,AES 2016 · regions,B,fz_theta_power_db_uv2,Fz theta *,block_late_vs_no_ad_late,Explicit late,18,-0.1260687956059304,-1.27533674753674,1.0231991563248788,-0.0545499742113926,0.8197388549299714,0.8197388549299714
teaching_atlas_v0,AES 2016 · regions,B,posterior_alpha_power_db_uv2,Post. alpha *,inline_early_vs_no_ad_early,Implicit early,18,0.436752937518127,-1.543821949698824,2.4173278247350782,0.1096611531993045,0.647654719445327,1.0
teaching_atlas_v0,AES 2016 · regions,B,posterior_alpha_power_db_uv2,Post. alpha *,block_early_vs_no_ad_early,Explicit early,18,0.6422744992681813,-1.5208408884480653,2.805389886984428,0.147655366027221,0.5393423811547525,1.0
teaching_atlas_v0,AES 2016 · regions,B,posterior_alpha_power_db_uv2,Post. alpha *,inline_late_vs_no_ad_late,Implicit late,18,-1.114577885105901,-2.875421538139856,0.6462657679280541,-0.3147732858289701,0.1993294111889891,0.5979882335669675
teaching_atlas_v0,AES 2016 · regions,B,posterior_alpha_power_db_uv2,Post. alpha *,block_late_vs_no_ad_late,Explicit late,18,-1.286073459135328,-2.695430596066976,0.1232836777963199,-0.4537879493609815,0.0710943113887224,0.2843772455548899
teaching_atlas_v0,AES 2016 · regions,B,theta_power_db_uv2,Theta,inline_early_vs_no_ad_early,Implicit early,18,0.3297730005513391,-0.9494289112818126,1.6089749123844908,0.1281988820906227,0.5935713004302973,1.0
teaching_atlas_v0,AES 2016 · regions,B,theta_power_db_uv2,Theta,block_early_vs_no_ad_early,Explicit early,18,1.1070292483388735,-0.2729797676344225,2.48703826431217,0.3989196355777019,0.1088011065959636,0.4352044263838545
teaching_atlas_v0,AES 2016 · regions,B,theta_power_db_uv2,Theta,inline_late_vs_no_ad_late,Implicit late,18,0.1334310697404397,-2.010985131714962,2.277847271195841,0.0309425520514651,0.8970963874422535,1.0
teaching_atlas_v0,AES 2016 · regions,B,theta_power_db_uv2,Theta,block_late_vs_no_ad_late,Explicit late,18,0.7622828355622426,-1.300625747419889,2.8251914185443745,0.1837572149762615,0.4463357239432006,1.0
teaching_atlas_v0,AES 2016 · regions,B,alpha_power_db_uv2,Alpha,inline_early_vs_no_ad_early,Implicit early,18,0.436752937518127,-1.543821949698824,2.4173278247350782,0.1096611531993045,0.647654719445327,1.0
teaching_atlas_v0,AES 2016 · regions,B,alpha_power_db_uv2,Alpha,block_early_vs_no_ad_early,Explicit early,18,0.6422744992681813,-1.5208408884480653,2.805389886984428,0.147655366027221,0.5393423811547525,1.0
teaching_atlas_v0,AES 2016 · regions,B,alpha_power_db_uv2,Alpha,inline_late_vs_no_ad_late,Implicit late,18,-1.114577885105901,-2.875421538139856,0.6462657679280541,-0.3147732858289701,0.1993294111889891,0.5979882335669675
teaching_atlas_v0,AES 2016 · regions,B,alpha_power_db_uv2,Alpha,block_late_vs_no_ad_late,Explicit late,18,-1.286073459135328,-2.695430596066976,0.1232836777963199,-0.4537879493609815,0.0710943113887224,0.2843772455548899
teaching_atlas_v0,AES 2016 · regions,B,beta_power_db_uv2,Beta,inline_early_vs_no_ad_early,Implicit early,18,-0.2568429591937238,-2.3671522111741563,1.8534662927867087,-0.0605243040126355,0.8004283243346408,1.0
teaching_atlas_v0,AES 2016 · regions,B,beta_power_db_uv2,Beta,block_early_vs_no_ad_early,Explicit early,18,-0.385648320327578,-1.9544881338627835,1.1831914932076273,-0.122242179369713,0.6107041809553347,1.0
teaching_atlas_v0,AES 2016 · regions,B,beta_power_db_uv2,Beta,inline_late_vs_no_ad_late,Implicit late,18,-1.158032932034705,-2.796320976794925,0.4802551127255152,-0.3515109756083815,0.1541964861349922,0.4625894584049766
teaching_atlas_v0,AES 2016 · regions,B,beta_power_db_uv2,Beta,block_late_vs_no_ad_late,Explicit late,18,-1.4174047278675068,-2.7245633510471183,-0.1102461046878955,-0.5392297277810408,0.0352369998271412,0.1409479993085651
teaching_atlas_v0,AES 2016 · regions,B,faa_log_f4_minus_f3,FAA,inline_early_vs_no_ad_early,Implicit early,18,0.1413765182163043,-0.306206393372389,0.5889594298049976,0.1570767933363616,0.5140856209147063,1.0
teaching_atlas_v0,AES 2016 · regions,B,faa_log_f4_minus_f3,FAA,block_early_vs_no_ad_early,Explicit early,18,0.0613560442559083,-0.3919247672726307,0.5146368557844474,0.0673128934878158,0.7786468958949232,1.0
teaching_atlas_v0,AES 2016 · regions,B,faa_log_f4_minus_f3,FAA,inline_late_vs_no_ad_late,Implicit late,18,-0.2425172825538272,-0.6146775341974978,0.1296429690898433,-0.3240566578566113,0.1870275773432176,0.7481103093728707
teaching_atlas_v0,AES 2016 · regions,B,faa_log_f4_minus_f3,FAA,block_late_vs_no_ad_late,Explicit late,18,4.112799404588764e-05,-0.3880358266190634,0.3881180826071551,5.27020994874667e-05,0.9998241990525848,1.0
teaching_atlas_v0,AES 2016 · regions,B,delta_power_db_uv2,Delta,inline_early_vs_no_ad_early,Implicit early,18,-0.2871262166890498,-3.1064544641518514,2.5322020307737523,-0.0506448685128954,0.8324267208457338,1.0
teaching_atlas_v0,AES 2016 · regions,B,delta_power_db_uv2,Delta,block_early_vs_no_ad_early,Explicit early,18,4.365181198655691,1.460188068840337,7.270174328471045,0.7472491133642479,0.0055935315402265,0.0223741261609063
teaching_atlas_v0,AES 2016 · regions,B,delta_power_db_uv2,Delta,inline_late_vs_no_ad_late,Implicit late,18,1.6927726120717237,-2.879482875929372,6.265028100072819,0.1841095752325607,0.4454794443305641,1.0
teaching_atlas_v0,AES 2016 · regions,B,delta_power_db_uv2,Delta,block_late_vs_no_ad_late,Explicit late,18,1.4521738722124835,-3.060336974520485,5.964684718945453,0.1600326518384263,0.5063017767741655,1.0
teaching_atlas_v0,AES 2016 · regions,B,gamma_power_db_uv2,Gamma,inline_early_vs_no_ad_early,Implicit early,18,-0.1000190409043613,-2.0911785848080706,1.891140502999348,-0.0249795648181759,0.91683928289626,0.91683928289626
teaching_atlas_v0,AES 2016 · regions,B,gamma_power_db_uv2,Gamma,block_early_vs_no_ad_early,Explicit early,18,-0.6527372767318725,-2.115458416501749,0.809983863038004,-0.2219142134016613,0.3596352009530445,0.719270401906089
teaching_atlas_v0,AES 2016 · regions,B,gamma_power_db_uv2,Gamma,inline_late_vs_no_ad_late,Implicit late,18,-1.3984489384105458,-3.3402099569628634,0.5433120801417715,-0.3581451525556616,0.1470208007966951,0.5140430193156075
teaching_atlas_v0,AES 2016 · regions,B,gamma_power_db_uv2,Gamma,block_late_vs_no_ad_late,Explicit late,18,-1.549069401579311,-3.5945590760490305,0.4964202728904086,-0.3766013097072019,0.1285107548289018,0.5140430193156075
teaching_atlas_v0,AES 2016 · regions,B,delta_relative_power,Rel. delta,inline_early_vs_no_ad_early,Implicit early,18,-0.0143612501740656,-0.1164809226463022,0.087758422298171,-0.0699344359640082,0.7702849546331161,0.7702849546331161
teaching_atlas_v0,AES 2016 · regions,B,delta_relative_power,Rel. delta,block_early_vs_no_ad_early,Explicit early,18,0.1619755152610467,0.0540753462482278,0.2698756842738656,0.7465097550654114,0.0056313667489216,0.0225254669956867
teaching_atlas_v0,AES 2016 · regions,B,delta_relative_power,Rel. delta,inline_late_vs_no_ad_late,Implicit late,18,0.1587203087108771,0.0155796990906824,0.3018609183310718,0.5514141152318851,0.0317759883761512,0.0953279651284538
teaching_atlas_v0,AES 2016 · regions,B,delta_relative_power,Rel. delta,block_late_vs_no_ad_late,Explicit late,18,0.1510365727072962,0.0146476687981714,0.2874254766164209,0.5506952430468167,0.0319710495956903,0.0953279651284538
teaching_atlas_v0,AES 2016 · regions,B,theta_relative_power,Rel. theta,inline_early_vs_no_ad_early,Implicit early,18,-0.0077803858050391,-0.0398415500922497,0.0242807784821714,-0.1206785505734969,0.6152409175052872,1.0
teaching_atlas_v0,AES 2016 · regions,B,theta_relative_power,Rel. theta,block_early_vs_no_ad_early,Explicit early,18,-0.0301056769170098,-0.0572956549492132,-0.0029156988848064,-0.5506146749417101,0.0319929807374595,0.127971922949838
teaching_atlas_v0,AES 2016 · regions,B,theta_relative_power,Rel. theta,inline_late_vs_no_ad_late,Implicit late,18,-0.0115206427357412,-0.041188244784695,0.0181469593132124,-0.1931089961273158,0.4239574689378569,1.0
teaching_atlas_v0,AES 2016 · regions,B,theta_relative_power,Rel. theta,block_late_vs_no_ad_late,Explicit late,18,-0.0031492075535405,-0.0378855644355615,0.0315871493284805,-0.0450842924665833,0.8505748934391031,1.0
teaching_atlas_v0,AES 2016 · regions,B,alpha_relative_power,Rel. alpha,inline_early_vs_no_ad_early,Implicit early,18,-0.0280396867349174,-0.0717431441394552,0.0156637706696202,-0.3190550358490336,0.1935774823254231,0.539529958477712
teaching_atlas_v0,AES 2016 · regions,B,alpha_relative_power,Rel. alpha,block_early_vs_no_ad_early,Explicit early,18,-0.0282327814825705,-0.0708154639121459,0.0143499009470047,-0.3297075507417378,0.1798433194925706,0.539529958477712
teaching_atlas_v0,AES 2016 · regions,B,alpha_relative_power,Rel. alpha,inline_late_vs_no_ad_late,Implicit late,18,-0.0276057506515528,-0.0781087932152196,0.0228972919121139,-0.2718255402951376,0.2647623122013198,0.539529958477712
teaching_atlas_v0,AES 2016 · regions,B,alpha_relative_power,Rel. alpha,block_late_vs_no_ad_late,Explicit late,18,-0.0599203513405497,-0.1083482653521245,-0.0114924373289749,-0.6152998803364721,0.0182787016430437,0.0731148065721748
teaching_atlas_v0,AES 2016 · regions,B,beta_relative_power,Rel. beta,inline_early_vs_no_ad_early,Implicit early,18,0.0041748761923734,-0.0525812726955376,0.0609310250802845,0.0365795975955427,0.8784960929909323,0.8784960929909323
teaching_atlas_v0,AES 2016 · regions,B,beta_relative_power,Rel. beta,block_early_vs_no_ad_early,Explicit early,18,-0.0919003324228513,-0.1459386049303172,-0.0378620599153855,-0.845714676375047,0.0022668759666013,0.0090675038664055
teaching_atlas_v0,AES 2016 · regions,B,beta_relative_power,Rel. beta,inline_late_vs_no_ad_late,Implicit late,18,-0.0590348964062108,-0.1272872632138341,0.0092174704014124,-0.4301296012101461,0.0856419207474741,0.1712838414949483
teaching_atlas_v0,AES 2016 · regions,B,beta_relative_power,Rel. beta,block_late_vs_no_ad_late,Explicit late,18,-0.0830723026038708,-0.153360658412478,-0.0127839467952636,-0.587734393882848,0.0232528379428345,0.0697585138285035
teaching_atlas_v0,AES 2016 · regions,B,gamma_relative_power,Rel. gamma,inline_early_vs_no_ad_early,Implicit early,18,-0.0177405031030781,-0.0451684760416137,0.0096874698354574,-0.3216477084067804,0.19015964536519,0.19015964536519
teaching_atlas_v0,AES 2016 · regions,B,gamma_relative_power,Rel. gamma,block_early_vs_no_ad_early,Explicit early,18,-0.0280580438939205,-0.0539595276470347,-0.0021565601408062,-0.5386925746159398,0.0353973682130383,0.0948503091556023
teaching_atlas_v0,AES 2016 · regions,B,gamma_relative_power,Rel. gamma,inline_late_vs_no_ad_late,Implicit late,18,-0.0469607849576355,-0.0819685253376263,-0.0119530445776446,-0.6670824422897678,0.0115470635709211,0.0461882542836844
teaching_atlas_v0,AES 2016 · regions,B,gamma_relative_power,Rel. gamma,block_late_vs_no_ad_late,Explicit late,18,-0.0497599957791312,-0.0945876886273055,-0.0049323029309568,-0.5520039549726053,0.0316167697185341,0.0948503091556023
teaching_atlas_v0,AES 2016 · regions,B,engagement_beta_over_alpha_theta,Pope,inline_early_vs_no_ad_early,Implicit early,18,-0.1415665306137358,-1.1897009502671383,0.9065678890396668,-0.0671663654266949,0.7791151133123828,0.7791151133123828
teaching_atlas_v0,AES 2016 · regions,B,engagement_beta_over_alpha_theta,Pope,block_early_vs_no_ad_early,Explicit early,18,-0.4435473855517822,-1.1212895494138002,0.2341947783102356,-0.325449614038826,0.1852355112722335,0.3704710225444671
teaching_atlas_v0,AES 2016 · regions,B,engagement_beta_over_alpha_theta,Pope,inline_late_vs_no_ad_late,Implicit late,18,-0.2753694538631321,-0.6330512297309251,0.0823123220046607,-0.3828487136299466,0.1227090269957998,0.3681270809873995
teaching_atlas_v0,AES 2016 · regions,B,engagement_beta_over_alpha_theta,Pope,block_late_vs_no_ad_late,Explicit late,18,-0.3041951051951523,-0.6235861625387471,0.0151959521484423,-0.4736283733359777,0.060639967418353,0.2425598696734121
teaching_atlas_v0,AES 2016 · regions,B,engagement_pope_frontocentral_beta_over_alpha_theta,Pope FC,inline_early_vs_no_ad_early,Implicit early,18,-0.2220276560089905,-0.8610435720014395,0.4169882599834584,-0.172784046538995,0.4735095190366394,0.5721414160484822
teaching_atlas_v0,AES 2016 · regions,B,engagement_pope_frontocentral_beta_over_alpha_theta,Pope FC,block_early_vs_no_ad_early,Explicit early,18,-0.3262592042962762,-0.7828077736894372,0.1302893650968847,-0.3553726726427365,0.1499850565038575,0.480395783800927
teaching_atlas_v0,AES 2016 · regions,B,engagement_pope_frontocentral_beta_over_alpha_theta,Pope FC,inline_late_vs_no_ad_late,Implicit late,18,-0.2703680755718056,-0.7882760574334164,0.2475399062898053,-0.2596038014028313,0.2860707080242411,0.5721414160484822
teaching_atlas_v0,AES 2016 · regions,B,engagement_pope_frontocentral_beta_over_alpha_theta,Pope FC,block_late_vs_no_ad_late,Explicit late,18,-0.3388265936765056,-0.7756332841020104,0.0979800967489991,-0.3857415756192362,0.1200989459502317,0.480395783800927
teaching_atlas_v0,AES 2016 · regions,B,engagement_kislov_central_beta16_24_over_alpha8_12,Kislov,inline_early_vs_no_ad_early,Implicit early,18,0.0617652680699065,-0.9459833059510104,1.0695138420908237,0.030478976595335,0.8986289291778342,1.0
teaching_atlas_v0,AES 2016 · regions,B,engagement_kislov_central_beta16_24_over_alpha8_12,Kislov,block_early_vs_no_ad_early,Explicit early,18,-0.0236659205423067,-0.8847498059369175,0.837417964852304,-0.0136674087285919,0.954435997713404,1.0
teaching_atlas_v0,AES 2016 · regions,B,engagement_kislov_central_beta16_24_over_alpha8_12,Kislov,inline_late_vs_no_ad_late,Implicit late,18,0.0160249427722388,-0.4842355767525491,0.5162854622970269,0.0159297331074606,0.946905213820502,1.0
teaching_atlas_v0,AES 2016 · regions,B,engagement_kislov_central_beta16_24_over_alpha8_12,Kislov,block_late_vs_no_ad_late,Explicit late,18,-0.0741278875309046,-0.5404934829000804,0.392237707838271,-0.0790429902885653,0.7414631164498412,1.0
