experiment_id,participant_id,condition,presentation,timing,credibility,arm,bfi_e,bfi_a,bfi_c,bfi_n,bfi_o,demo_sex,demo_education,demo_familiarity,demo_frequency,demo_age,bfi_e_c,bfi_a_c,bfi_c_c,bfi_n_c,bfi_o_c
exp_20260713T120149Z_186d23e4,75a673a2,block_early,explicit,early,6.666666666666667,crowd,3.5,4.5,5.0,2.5,5.0,Male,High School,Familiar,1–5 times per day,,0.5185185185185186,0.9722222222222223,1.1388888888888888,-0.2962962962962963,1.259259259259259
exp_20260713T120149Z_186d23e4,75a673a2,block_late,explicit,late,6.333333333333333,crowd,3.5,4.5,5.0,2.5,5.0,Male,High School,Familiar,1–5 times per day,,0.5185185185185186,0.9722222222222223,1.1388888888888888,-0.2962962962962963,1.259259259259259
exp_20260713T120149Z_186d23e4,75a673a2,inline_early,implicit,early,7.0,crowd,3.5,4.5,5.0,2.5,5.0,Male,High School,Familiar,1–5 times per day,,0.5185185185185186,0.9722222222222223,1.1388888888888888,-0.2962962962962963,1.259259259259259
exp_20260713T120149Z_186d23e4,75a673a2,inline_late,implicit,late,6.333333333333333,crowd,3.5,4.5,5.0,2.5,5.0,Male,High School,Familiar,1–5 times per day,,0.5185185185185186,0.9722222222222223,1.1388888888888888,-0.2962962962962963,1.259259259259259
exp_20260713T120149Z_186d23e4,75a673a2,no_ads,none,none,6.666666666666667,crowd,3.5,4.5,5.0,2.5,5.0,Male,High School,Familiar,1–5 times per day,,0.5185185185185186,0.9722222222222223,1.1388888888888888,-0.2962962962962963,1.259259259259259
exp_20260721T221632Z_271aa975,72711ada,block_early,explicit,early,6.666666666666667,crowd,2.5,5.0,5.0,2.0,4.0,Female,Bachelor's Degree,Somewhat Familiar,1–5 times per week,,-0.4814814814814814,1.4722222222222223,1.1388888888888888,-0.7962962962962963,0.2592592592592591
exp_20260721T221632Z_271aa975,72711ada,block_late,explicit,late,6.666666666666667,crowd,2.5,5.0,5.0,2.0,4.0,Female,Bachelor's Degree,Somewhat Familiar,1–5 times per week,,-0.4814814814814814,1.4722222222222223,1.1388888888888888,-0.7962962962962963,0.2592592592592591
exp_20260721T221632Z_271aa975,72711ada,inline_early,implicit,early,5.0,crowd,2.5,5.0,5.0,2.0,4.0,Female,Bachelor's Degree,Somewhat Familiar,1–5 times per week,,-0.4814814814814814,1.4722222222222223,1.1388888888888888,-0.7962962962962963,0.2592592592592591
exp_20260721T221632Z_271aa975,72711ada,inline_late,implicit,late,6.666666666666667,crowd,2.5,5.0,5.0,2.0,4.0,Female,Bachelor's Degree,Somewhat Familiar,1–5 times per week,,-0.4814814814814814,1.4722222222222223,1.1388888888888888,-0.7962962962962963,0.2592592592592591
exp_20260721T221632Z_271aa975,72711ada,no_ads,none,none,6.333333333333333,crowd,2.5,5.0,5.0,2.0,4.0,Female,Bachelor's Degree,Somewhat Familiar,1–5 times per week,,-0.4814814814814814,1.4722222222222223,1.1388888888888888,-0.7962962962962963,0.2592592592592591
exp_20260721T235527Z_c6d39ba6,93090c74,block_early,explicit,early,7.0,crowd,4.5,2.0,3.5,1.5,4.5,Male,Bachelor's Degree,Somewhat Familiar,1–5 times per month,,1.5185185185185186,-1.5277777777777777,-0.36111111111111116,-1.2962962962962963,0.7592592592592591
exp_20260721T235527Z_c6d39ba6,93090c74,block_late,explicit,late,6.666666666666667,crowd,4.5,2.0,3.5,1.5,4.5,Male,Bachelor's Degree,Somewhat Familiar,1–5 times per month,,1.5185185185185186,-1.5277777777777777,-0.36111111111111116,-1.2962962962962963,0.7592592592592591
exp_20260721T235527Z_c6d39ba6,93090c74,inline_early,implicit,early,7.0,crowd,4.5,2.0,3.5,1.5,4.5,Male,Bachelor's Degree,Somewhat Familiar,1–5 times per month,,1.5185185185185186,-1.5277777777777777,-0.36111111111111116,-1.2962962962962963,0.7592592592592591
exp_20260721T235527Z_c6d39ba6,93090c74,inline_late,implicit,late,7.0,crowd,4.5,2.0,3.5,1.5,4.5,Male,Bachelor's Degree,Somewhat Familiar,1–5 times per month,,1.5185185185185186,-1.5277777777777777,-0.36111111111111116,-1.2962962962962963,0.7592592592592591
exp_20260721T235527Z_c6d39ba6,93090c74,no_ads,none,none,7.0,crowd,4.5,2.0,3.5,1.5,4.5,Male,Bachelor's Degree,Somewhat Familiar,1–5 times per month,,1.5185185185185186,-1.5277777777777777,-0.36111111111111116,-1.2962962962962963,0.7592592592592591
exp_20260722T220745Z_e35b5213,245ff985,block_early,explicit,early,7.0,crowd,4.5,4.5,4.0,2.0,1.0,Female,High School,Familiar,1–5 times per day,,1.5185185185185186,0.9722222222222223,0.13888888888888884,-0.7962962962962963,-2.740740740740741
exp_20260722T220745Z_e35b5213,245ff985,block_late,explicit,late,5.666666666666667,crowd,4.5,4.5,4.0,2.0,1.0,Female,High School,Familiar,1–5 times per day,,1.5185185185185186,0.9722222222222223,0.13888888888888884,-0.7962962962962963,-2.740740740740741
exp_20260722T220745Z_e35b5213,245ff985,inline_early,implicit,early,4.666666666666667,crowd,4.5,4.5,4.0,2.0,1.0,Female,High School,Familiar,1–5 times per day,,1.5185185185185186,0.9722222222222223,0.13888888888888884,-0.7962962962962963,-2.740740740740741
exp_20260722T220745Z_e35b5213,245ff985,inline_late,implicit,late,7.0,crowd,4.5,4.5,4.0,2.0,1.0,Female,High School,Familiar,1–5 times per day,,1.5185185185185186,0.9722222222222223,0.13888888888888884,-0.7962962962962963,-2.740740740740741
exp_20260722T220745Z_e35b5213,245ff985,no_ads,none,none,7.0,crowd,4.5,4.5,4.0,2.0,1.0,Female,High School,Familiar,1–5 times per day,,1.5185185185185186,0.9722222222222223,0.13888888888888884,-0.7962962962962963,-2.740740740740741
exp_20260726T162111Z_1f575f3c,2eda2fc5,block_early,explicit,early,6.333333333333333,crowd,2.0,1.0,1.5,5.0,3.5,Female,High School,Familiar,1–5 times per month,,-0.9814814814814814,-2.5277777777777777,-2.361111111111111,2.2037037037037037,-0.24074074074074092
exp_20260726T162111Z_1f575f3c,2eda2fc5,block_late,explicit,late,6.0,crowd,2.0,1.0,1.5,5.0,3.5,Female,High School,Familiar,1–5 times per month,,-0.9814814814814814,-2.5277777777777777,-2.361111111111111,2.2037037037037037,-0.24074074074074092
exp_20260726T162111Z_1f575f3c,2eda2fc5,inline_early,implicit,early,5.666666666666667,crowd,2.0,1.0,1.5,5.0,3.5,Female,High School,Familiar,1–5 times per month,,-0.9814814814814814,-2.5277777777777777,-2.361111111111111,2.2037037037037037,-0.24074074074074092
exp_20260726T162111Z_1f575f3c,2eda2fc5,inline_late,implicit,late,6.0,crowd,2.0,1.0,1.5,5.0,3.5,Female,High School,Familiar,1–5 times per month,,-0.9814814814814814,-2.5277777777777777,-2.361111111111111,2.2037037037037037,-0.24074074074074092
exp_20260726T162111Z_1f575f3c,2eda2fc5,no_ads,none,none,3.333333333333333,crowd,2.0,1.0,1.5,5.0,3.5,Female,High School,Familiar,1–5 times per month,,-0.9814814814814814,-2.5277777777777777,-2.361111111111111,2.2037037037037037,-0.24074074074074092
exp_20260726T171647Z_dba5fd47,a4b9abea,block_early,explicit,early,6.0,crowd,3.0,4.0,4.0,3.0,3.0,Male,Bachelor's Degree,Familiar,Greater than 5 times per day,,0.0185185185185186,0.4722222222222223,0.13888888888888884,0.20370370370370372,-0.7407407407407409
exp_20260726T171647Z_dba5fd47,a4b9abea,block_late,explicit,late,7.0,crowd,3.0,4.0,4.0,3.0,3.0,Male,Bachelor's Degree,Familiar,Greater than 5 times per day,,0.0185185185185186,0.4722222222222223,0.13888888888888884,0.20370370370370372,-0.7407407407407409
exp_20260726T171647Z_dba5fd47,a4b9abea,inline_early,implicit,early,6.0,crowd,3.0,4.0,4.0,3.0,3.0,Male,Bachelor's Degree,Familiar,Greater than 5 times per day,,0.0185185185185186,0.4722222222222223,0.13888888888888884,0.20370370370370372,-0.7407407407407409
exp_20260726T171647Z_dba5fd47,a4b9abea,inline_late,implicit,late,7.0,crowd,3.0,4.0,4.0,3.0,3.0,Male,Bachelor's Degree,Familiar,Greater than 5 times per day,,0.0185185185185186,0.4722222222222223,0.13888888888888884,0.20370370370370372,-0.7407407407407409
exp_20260726T171647Z_dba5fd47,a4b9abea,no_ads,none,none,7.0,crowd,3.0,4.0,4.0,3.0,3.0,Male,Bachelor's Degree,Familiar,Greater than 5 times per day,,0.0185185185185186,0.4722222222222223,0.13888888888888884,0.20370370370370372,-0.7407407407407409
exp_20260726T183534Z_b8b0b3c4,2606d905,block_early,explicit,early,7.0,crowd,1.5,3.5,4.0,3.5,5.0,Male,Bachelor's Degree,Familiar,1–5 times per day,,-1.4814814814814814,-0.02777777777777768,0.13888888888888884,0.7037037037037037,1.259259259259259
exp_20260726T183534Z_b8b0b3c4,2606d905,block_late,explicit,late,7.0,crowd,1.5,3.5,4.0,3.5,5.0,Male,Bachelor's Degree,Familiar,1–5 times per day,,-1.4814814814814814,-0.02777777777777768,0.13888888888888884,0.7037037037037037,1.259259259259259
exp_20260726T183534Z_b8b0b3c4,2606d905,inline_early,implicit,early,7.0,crowd,1.5,3.5,4.0,3.5,5.0,Male,Bachelor's Degree,Familiar,1–5 times per day,,-1.4814814814814814,-0.02777777777777768,0.13888888888888884,0.7037037037037037,1.259259259259259
exp_20260726T183534Z_b8b0b3c4,2606d905,inline_late,implicit,late,6.666666666666667,crowd,1.5,3.5,4.0,3.5,5.0,Male,Bachelor's Degree,Familiar,1–5 times per day,,-1.4814814814814814,-0.02777777777777768,0.13888888888888884,0.7037037037037037,1.259259259259259
exp_20260726T183534Z_b8b0b3c4,2606d905,no_ads,none,none,7.0,crowd,1.5,3.5,4.0,3.5,5.0,Male,Bachelor's Degree,Familiar,1–5 times per day,,-1.4814814814814814,-0.02777777777777768,0.13888888888888884,0.7037037037037037,1.259259259259259
exp_20260726T195550Z_05bbe585,a5c22768,block_early,explicit,early,5.666666666666667,crowd,2.5,4.0,3.5,2.5,2.5,Male,Other,Familiar,1–5 times per day,,-0.4814814814814814,0.4722222222222223,-0.36111111111111116,-0.2962962962962963,-1.240740740740741
exp_20260726T195550Z_05bbe585,a5c22768,block_late,explicit,late,6.666666666666667,crowd,2.5,4.0,3.5,2.5,2.5,Male,Other,Familiar,1–5 times per day,,-0.4814814814814814,0.4722222222222223,-0.36111111111111116,-0.2962962962962963,-1.240740740740741
exp_20260726T195550Z_05bbe585,a5c22768,inline_early,implicit,early,6.0,crowd,2.5,4.0,3.5,2.5,2.5,Male,Other,Familiar,1–5 times per day,,-0.4814814814814814,0.4722222222222223,-0.36111111111111116,-0.2962962962962963,-1.240740740740741
exp_20260726T195550Z_05bbe585,a5c22768,inline_late,implicit,late,4.333333333333333,crowd,2.5,4.0,3.5,2.5,2.5,Male,Other,Familiar,1–5 times per day,,-0.4814814814814814,0.4722222222222223,-0.36111111111111116,-0.2962962962962963,-1.240740740740741
exp_20260726T195550Z_05bbe585,a5c22768,no_ads,none,none,5.666666666666667,crowd,2.5,4.0,3.5,2.5,2.5,Male,Other,Familiar,1–5 times per day,,-0.4814814814814814,0.4722222222222223,-0.36111111111111116,-0.2962962962962963,-1.240740740740741
exp_20260726T204033Z_24ec0dc4,17b9b532,block_early,explicit,early,6.666666666666667,crowd,2.5,3.0,4.0,3.0,5.0,Male,Bachelor's Degree,Familiar,Greater than 5 times per day,,-0.4814814814814814,-0.5277777777777777,0.13888888888888884,0.20370370370370372,1.259259259259259
exp_20260726T204033Z_24ec0dc4,17b9b532,block_late,explicit,late,6.666666666666667,crowd,2.5,3.0,4.0,3.0,5.0,Male,Bachelor's Degree,Familiar,Greater than 5 times per day,,-0.4814814814814814,-0.5277777777777777,0.13888888888888884,0.20370370370370372,1.259259259259259
exp_20260726T204033Z_24ec0dc4,17b9b532,inline_early,implicit,early,6.0,crowd,2.5,3.0,4.0,3.0,5.0,Male,Bachelor's Degree,Familiar,Greater than 5 times per day,,-0.4814814814814814,-0.5277777777777777,0.13888888888888884,0.20370370370370372,1.259259259259259
exp_20260726T204033Z_24ec0dc4,17b9b532,inline_late,implicit,late,6.666666666666667,crowd,2.5,3.0,4.0,3.0,5.0,Male,Bachelor's Degree,Familiar,Greater than 5 times per day,,-0.4814814814814814,-0.5277777777777777,0.13888888888888884,0.20370370370370372,1.259259259259259
exp_20260726T204033Z_24ec0dc4,17b9b532,no_ads,none,none,6.666666666666667,crowd,2.5,3.0,4.0,3.0,5.0,Male,Bachelor's Degree,Familiar,Greater than 5 times per day,,-0.4814814814814814,-0.5277777777777777,0.13888888888888884,0.20370370370370372,1.259259259259259
exp_20260713T130843Z_e9a090f1,e3135307,block_early,explicit,early,7.0,crowd,1.5,3.0,3.0,2.5,1.0,Female,Bachelor's Degree,Familiar,Greater than 5 times per day,,-1.4814814814814814,-0.5277777777777777,-0.8611111111111112,-0.2962962962962963,-2.740740740740741
exp_20260713T130843Z_e9a090f1,e3135307,block_late,explicit,late,7.0,crowd,1.5,3.0,3.0,2.5,1.0,Female,Bachelor's Degree,Familiar,Greater than 5 times per day,,-1.4814814814814814,-0.5277777777777777,-0.8611111111111112,-0.2962962962962963,-2.740740740740741
exp_20260713T130843Z_e9a090f1,e3135307,inline_early,implicit,early,7.0,crowd,1.5,3.0,3.0,2.5,1.0,Female,Bachelor's Degree,Familiar,Greater than 5 times per day,,-1.4814814814814814,-0.5277777777777777,-0.8611111111111112,-0.2962962962962963,-2.740740740740741
exp_20260713T130843Z_e9a090f1,e3135307,inline_late,implicit,late,7.0,crowd,1.5,3.0,3.0,2.5,1.0,Female,Bachelor's Degree,Familiar,Greater than 5 times per day,,-1.4814814814814814,-0.5277777777777777,-0.8611111111111112,-0.2962962962962963,-2.740740740740741
exp_20260713T130843Z_e9a090f1,e3135307,no_ads,none,none,6.666666666666667,crowd,1.5,3.0,3.0,2.5,1.0,Female,Bachelor's Degree,Familiar,Greater than 5 times per day,,-1.4814814814814814,-0.5277777777777777,-0.8611111111111112,-0.2962962962962963,-2.740740740740741
exp_20260726T211020Z_df2dfa1a,350c7111,block_early,explicit,early,5.666666666666667,crowd,3.0,5.0,4.5,4.5,4.5,Male,Bachelor's Degree,Somewhat Familiar,1–5 times per day,,0.0185185185185186,1.4722222222222223,0.6388888888888888,1.7037037037037037,0.7592592592592591
exp_20260726T211020Z_df2dfa1a,350c7111,block_late,explicit,late,5.666666666666667,crowd,3.0,5.0,4.5,4.5,4.5,Male,Bachelor's Degree,Somewhat Familiar,1–5 times per day,,0.0185185185185186,1.4722222222222223,0.6388888888888888,1.7037037037037037,0.7592592592592591
exp_20260726T211020Z_df2dfa1a,350c7111,inline_early,implicit,early,5.0,crowd,3.0,5.0,4.5,4.5,4.5,Male,Bachelor's Degree,Somewhat Familiar,1–5 times per day,,0.0185185185185186,1.4722222222222223,0.6388888888888888,1.7037037037037037,0.7592592592592591
exp_20260726T211020Z_df2dfa1a,350c7111,inline_late,implicit,late,5.666666666666667,crowd,3.0,5.0,4.5,4.5,4.5,Male,Bachelor's Degree,Somewhat Familiar,1–5 times per day,,0.0185185185185186,1.4722222222222223,0.6388888888888888,1.7037037037037037,0.7592592592592591
exp_20260726T211020Z_df2dfa1a,350c7111,no_ads,none,none,6.0,crowd,3.0,5.0,4.5,4.5,4.5,Male,Bachelor's Degree,Somewhat Familiar,1–5 times per day,,0.0185185185185186,1.4722222222222223,0.6388888888888888,1.7037037037037037,0.7592592592592591
exp_20260726T214632Z_fad2e70f,1ad7f9bf,block_early,explicit,early,5.0,crowd,4.5,4.0,4.5,3.5,4.5,Female,Master's Degree,Familiar,1–5 times per day,,1.5185185185185186,0.4722222222222223,0.6388888888888888,0.7037037037037037,0.7592592592592591
exp_20260726T214632Z_fad2e70f,1ad7f9bf,block_late,explicit,late,6.333333333333333,crowd,4.5,4.0,4.5,3.5,4.5,Female,Master's Degree,Familiar,1–5 times per day,,1.5185185185185186,0.4722222222222223,0.6388888888888888,0.7037037037037037,0.7592592592592591
exp_20260726T214632Z_fad2e70f,1ad7f9bf,inline_early,implicit,early,6.0,crowd,4.5,4.0,4.5,3.5,4.5,Female,Master's Degree,Familiar,1–5 times per day,,1.5185185185185186,0.4722222222222223,0.6388888888888888,0.7037037037037037,0.7592592592592591
exp_20260726T214632Z_fad2e70f,1ad7f9bf,inline_late,implicit,late,6.0,crowd,4.5,4.0,4.5,3.5,4.5,Female,Master's Degree,Familiar,1–5 times per day,,1.5185185185185186,0.4722222222222223,0.6388888888888888,0.7037037037037037,0.7592592592592591
exp_20260726T214632Z_fad2e70f,1ad7f9bf,no_ads,none,none,5.666666666666667,crowd,4.5,4.0,4.5,3.5,4.5,Female,Master's Degree,Familiar,1–5 times per day,,1.5185185185185186,0.4722222222222223,0.6388888888888888,0.7037037037037037,0.7592592592592591
exp_20260726T223318Z_3a1264a8,3200a217,block_early,explicit,early,6.666666666666667,crowd,1.0,4.5,5.0,2.0,5.0,Male,Master's Degree,Familiar,1–5 times per day,,-1.9814814814814814,0.9722222222222223,1.1388888888888888,-0.7962962962962963,1.259259259259259
exp_20260726T223318Z_3a1264a8,3200a217,block_late,explicit,late,3.6666666666666665,crowd,1.0,4.5,5.0,2.0,5.0,Male,Master's Degree,Familiar,1–5 times per day,,-1.9814814814814814,0.9722222222222223,1.1388888888888888,-0.7962962962962963,1.259259259259259
exp_20260726T223318Z_3a1264a8,3200a217,inline_early,implicit,early,6.0,crowd,1.0,4.5,5.0,2.0,5.0,Male,Master's Degree,Familiar,1–5 times per day,,-1.9814814814814814,0.9722222222222223,1.1388888888888888,-0.7962962962962963,1.259259259259259
exp_20260726T223318Z_3a1264a8,3200a217,inline_late,implicit,late,6.666666666666667,crowd,1.0,4.5,5.0,2.0,5.0,Male,Master's Degree,Familiar,1–5 times per day,,-1.9814814814814814,0.9722222222222223,1.1388888888888888,-0.7962962962962963,1.259259259259259
exp_20260726T223318Z_3a1264a8,3200a217,no_ads,none,none,7.0,crowd,1.0,4.5,5.0,2.0,5.0,Male,Master's Degree,Familiar,1–5 times per day,,-1.9814814814814814,0.9722222222222223,1.1388888888888888,-0.7962962962962963,1.259259259259259
exp_20260726T232723Z_de414449,49833a18,block_early,explicit,early,7.0,crowd,3.0,3.5,4.5,2.5,4.5,Male,High School,Familiar,1–5 times per month,,0.0185185185185186,-0.02777777777777768,0.6388888888888888,-0.2962962962962963,0.7592592592592591
exp_20260726T232723Z_de414449,49833a18,block_late,explicit,late,6.333333333333333,crowd,3.0,3.5,4.5,2.5,4.5,Male,High School,Familiar,1–5 times per month,,0.0185185185185186,-0.02777777777777768,0.6388888888888888,-0.2962962962962963,0.7592592592592591
exp_20260726T232723Z_de414449,49833a18,inline_early,implicit,early,6.333333333333333,crowd,3.0,3.5,4.5,2.5,4.5,Male,High School,Familiar,1–5 times per month,,0.0185185185185186,-0.02777777777777768,0.6388888888888888,-0.2962962962962963,0.7592592592592591
exp_20260726T232723Z_de414449,49833a18,inline_late,implicit,late,7.0,crowd,3.0,3.5,4.5,2.5,4.5,Male,High School,Familiar,1–5 times per month,,0.0185185185185186,-0.02777777777777768,0.6388888888888888,-0.2962962962962963,0.7592592592592591
exp_20260726T232723Z_de414449,49833a18,no_ads,none,none,7.0,crowd,3.0,3.5,4.5,2.5,4.5,Male,High School,Familiar,1–5 times per month,,0.0185185185185186,-0.02777777777777768,0.6388888888888888,-0.2962962962962963,0.7592592592592591
exp_20260727T002507Z_8fd56dda,4e734656,block_early,explicit,early,5.666666666666667,crowd,3.0,4.0,3.5,1.0,3.5,Male,Master's Degree,Familiar,1–5 times per week,,0.0185185185185186,0.4722222222222223,-0.36111111111111116,-1.7962962962962963,-0.24074074074074092
exp_20260727T002507Z_8fd56dda,4e734656,block_late,explicit,late,5.666666666666667,crowd,3.0,4.0,3.5,1.0,3.5,Male,Master's Degree,Familiar,1–5 times per week,,0.0185185185185186,0.4722222222222223,-0.36111111111111116,-1.7962962962962963,-0.24074074074074092
exp_20260727T002507Z_8fd56dda,4e734656,inline_early,implicit,early,5.666666666666667,crowd,3.0,4.0,3.5,1.0,3.5,Male,Master's Degree,Familiar,1–5 times per week,,0.0185185185185186,0.4722222222222223,-0.36111111111111116,-1.7962962962962963,-0.24074074074074092
exp_20260727T002507Z_8fd56dda,4e734656,inline_late,implicit,late,5.0,crowd,3.0,4.0,3.5,1.0,3.5,Male,Master's Degree,Familiar,1–5 times per week,,0.0185185185185186,0.4722222222222223,-0.36111111111111116,-1.7962962962962963,-0.24074074074074092
exp_20260727T002507Z_8fd56dda,4e734656,no_ads,none,none,4.333333333333333,crowd,3.0,4.0,3.5,1.0,3.5,Male,Master's Degree,Familiar,1–5 times per week,,0.0185185185185186,0.4722222222222223,-0.36111111111111116,-1.7962962962962963,-0.24074074074074092
exp_20260727T204954Z_c50a4e69,cc2ed5d1,block_early,explicit,early,5.666666666666667,crowd,2.5,1.0,5.0,3.5,5.0,Female,High School,Familiar,Greater than 5 times per day,,-0.4814814814814814,-2.5277777777777777,1.1388888888888888,0.7037037037037037,1.259259259259259
exp_20260727T204954Z_c50a4e69,cc2ed5d1,block_late,explicit,late,7.0,crowd,2.5,1.0,5.0,3.5,5.0,Female,High School,Familiar,Greater than 5 times per day,,-0.4814814814814814,-2.5277777777777777,1.1388888888888888,0.7037037037037037,1.259259259259259
exp_20260727T204954Z_c50a4e69,cc2ed5d1,inline_early,implicit,early,7.0,crowd,2.5,1.0,5.0,3.5,5.0,Female,High School,Familiar,Greater than 5 times per day,,-0.4814814814814814,-2.5277777777777777,1.1388888888888888,0.7037037037037037,1.259259259259259
exp_20260727T204954Z_c50a4e69,cc2ed5d1,inline_late,implicit,late,7.0,crowd,2.5,1.0,5.0,3.5,5.0,Female,High School,Familiar,Greater than 5 times per day,,-0.4814814814814814,-2.5277777777777777,1.1388888888888888,0.7037037037037037,1.259259259259259
exp_20260727T204954Z_c50a4e69,cc2ed5d1,no_ads,none,none,7.0,crowd,2.5,1.0,5.0,3.5,5.0,Female,High School,Familiar,Greater than 5 times per day,,-0.4814814814814814,-2.5277777777777777,1.1388888888888888,0.7037037037037037,1.259259259259259
exp_20260727T223954Z_a2365df8,6c8c2782,block_early,explicit,early,5.333333333333333,crowd,1.5,3.0,2.0,3.0,2.5,Male,,Familiar,1–5 times per day,,-1.4814814814814814,-0.5277777777777777,-1.8611111111111112,0.20370370370370372,-1.240740740740741
exp_20260727T223954Z_a2365df8,6c8c2782,block_late,explicit,late,4.666666666666667,crowd,1.5,3.0,2.0,3.0,2.5,Male,,Familiar,1–5 times per day,,-1.4814814814814814,-0.5277777777777777,-1.8611111111111112,0.20370370370370372,-1.240740740740741
exp_20260727T223954Z_a2365df8,6c8c2782,inline_early,implicit,early,5.666666666666667,crowd,1.5,3.0,2.0,3.0,2.5,Male,,Familiar,1–5 times per day,,-1.4814814814814814,-0.5277777777777777,-1.8611111111111112,0.20370370370370372,-1.240740740740741
exp_20260727T223954Z_a2365df8,6c8c2782,inline_late,implicit,late,4.666666666666667,crowd,1.5,3.0,2.0,3.0,2.5,Male,,Familiar,1–5 times per day,,-1.4814814814814814,-0.5277777777777777,-1.8611111111111112,0.20370370370370372,-1.240740740740741
exp_20260727T223954Z_a2365df8,6c8c2782,no_ads,none,none,4.666666666666667,crowd,1.5,3.0,2.0,3.0,2.5,Male,,Familiar,1–5 times per day,,-1.4814814814814814,-0.5277777777777777,-1.8611111111111112,0.20370370370370372,-1.240740740740741
exp_20260728T005337Z_a15e4f03,8a073121,block_early,explicit,early,6.333333333333333,crowd,1.0,5.0,2.5,4.0,3.0,,High School,Familiar,1–5 times per day,,-1.9814814814814814,1.4722222222222223,-1.3611111111111112,1.2037037037037037,-0.7407407407407409
exp_20260728T005337Z_a15e4f03,8a073121,block_late,explicit,late,5.333333333333333,crowd,1.0,5.0,2.5,4.0,3.0,,High School,Familiar,1–5 times per day,,-1.9814814814814814,1.4722222222222223,-1.3611111111111112,1.2037037037037037,-0.7407407407407409
exp_20260728T005337Z_a15e4f03,8a073121,inline_early,implicit,early,7.0,crowd,1.0,5.0,2.5,4.0,3.0,,High School,Familiar,1–5 times per day,,-1.9814814814814814,1.4722222222222223,-1.3611111111111112,1.2037037037037037,-0.7407407407407409
exp_20260728T005337Z_a15e4f03,8a073121,inline_late,implicit,late,7.0,crowd,1.0,5.0,2.5,4.0,3.0,,High School,Familiar,1–5 times per day,,-1.9814814814814814,1.4722222222222223,-1.3611111111111112,1.2037037037037037,-0.7407407407407409
exp_20260728T005337Z_a15e4f03,8a073121,no_ads,none,none,7.0,crowd,1.0,5.0,2.5,4.0,3.0,,High School,Familiar,1–5 times per day,,-1.9814814814814814,1.4722222222222223,-1.3611111111111112,1.2037037037037037,-0.7407407407407409
exp_20260728T021517Z_71761d62,d39155f2,block_early,explicit,early,6.666666666666667,crowd,2.0,2.5,2.0,2.0,5.0,Male,Bachelor's Degree,Familiar,Greater than 5 times per day,,-0.9814814814814814,-1.0277777777777777,-1.8611111111111112,-0.7962962962962963,1.259259259259259
exp_20260728T021517Z_71761d62,d39155f2,block_late,explicit,late,6.666666666666667,crowd,2.0,2.5,2.0,2.0,5.0,Male,Bachelor's Degree,Familiar,Greater than 5 times per day,,-0.9814814814814814,-1.0277777777777777,-1.8611111111111112,-0.7962962962962963,1.259259259259259
exp_20260728T021517Z_71761d62,d39155f2,inline_early,implicit,early,6.666666666666667,crowd,2.0,2.5,2.0,2.0,5.0,Male,Bachelor's Degree,Familiar,Greater than 5 times per day,,-0.9814814814814814,-1.0277777777777777,-1.8611111111111112,-0.7962962962962963,1.259259259259259
exp_20260728T021517Z_71761d62,d39155f2,inline_late,implicit,late,6.0,crowd,2.0,2.5,2.0,2.0,5.0,Male,Bachelor's Degree,Familiar,Greater than 5 times per day,,-0.9814814814814814,-1.0277777777777777,-1.8611111111111112,-0.7962962962962963,1.259259259259259
exp_20260728T021517Z_71761d62,d39155f2,no_ads,none,none,6.666666666666667,crowd,2.0,2.5,2.0,2.0,5.0,Male,Bachelor's Degree,Familiar,Greater than 5 times per day,,-0.9814814814814814,-1.0277777777777777,-1.8611111111111112,-0.7962962962962963,1.259259259259259
exp_20260713T141041Z_066e7c22,60e6efef,block_early,explicit,early,6.666666666666667,crowd,3.0,4.5,5.0,2.0,4.0,Male,High School,Familiar,1–5 times per week,,0.0185185185185186,0.9722222222222223,1.1388888888888888,-0.7962962962962963,0.2592592592592591
exp_20260713T141041Z_066e7c22,60e6efef,block_late,explicit,late,6.666666666666667,crowd,3.0,4.5,5.0,2.0,4.0,Male,High School,Familiar,1–5 times per week,,0.0185185185185186,0.9722222222222223,1.1388888888888888,-0.7962962962962963,0.2592592592592591
exp_20260713T141041Z_066e7c22,60e6efef,inline_early,implicit,early,7.0,crowd,3.0,4.5,5.0,2.0,4.0,Male,High School,Familiar,1–5 times per week,,0.0185185185185186,0.9722222222222223,1.1388888888888888,-0.7962962962962963,0.2592592592592591
exp_20260713T141041Z_066e7c22,60e6efef,inline_late,implicit,late,6.666666666666667,crowd,3.0,4.5,5.0,2.0,4.0,Male,High School,Familiar,1–5 times per week,,0.0185185185185186,0.9722222222222223,1.1388888888888888,-0.7962962962962963,0.2592592592592591
exp_20260713T141041Z_066e7c22,60e6efef,no_ads,none,none,6.666666666666667,crowd,3.0,4.5,5.0,2.0,4.0,Male,High School,Familiar,1–5 times per week,,0.0185185185185186,0.9722222222222223,1.1388888888888888,-0.7962962962962963,0.2592592592592591
exp_20260728T025353Z_21c1b75f,51616cf0,block_early,explicit,early,6.666666666666667,crowd,1.5,2.0,2.0,4.0,5.0,Female,Master's Degree,Somewhat Familiar,1–5 times per month,,-1.4814814814814814,-1.5277777777777777,-1.8611111111111112,1.2037037037037037,1.259259259259259
exp_20260728T025353Z_21c1b75f,51616cf0,block_late,explicit,late,7.0,crowd,1.5,2.0,2.0,4.0,5.0,Female,Master's Degree,Somewhat Familiar,1–5 times per month,,-1.4814814814814814,-1.5277777777777777,-1.8611111111111112,1.2037037037037037,1.259259259259259
exp_20260728T025353Z_21c1b75f,51616cf0,inline_early,implicit,early,7.0,crowd,1.5,2.0,2.0,4.0,5.0,Female,Master's Degree,Somewhat Familiar,1–5 times per month,,-1.4814814814814814,-1.5277777777777777,-1.8611111111111112,1.2037037037037037,1.259259259259259
exp_20260728T025353Z_21c1b75f,51616cf0,inline_late,implicit,late,6.666666666666667,crowd,1.5,2.0,2.0,4.0,5.0,Female,Master's Degree,Somewhat Familiar,1–5 times per month,,-1.4814814814814814,-1.5277777777777777,-1.8611111111111112,1.2037037037037037,1.259259259259259
exp_20260728T025353Z_21c1b75f,51616cf0,no_ads,none,none,7.0,crowd,1.5,2.0,2.0,4.0,5.0,Female,Master's Degree,Somewhat Familiar,1–5 times per month,,-1.4814814814814814,-1.5277777777777777,-1.8611111111111112,1.2037037037037037,1.259259259259259
exp_20260728T212533Z_3d7b9020,d9a3a648,block_early,explicit,early,3.333333333333333,crowd,4.0,3.5,3.0,4.0,1.5,Female,Bachelor's Degree,Familiar,1–5 times per day,,1.0185185185185186,-0.02777777777777768,-0.8611111111111112,1.2037037037037037,-2.240740740740741
exp_20260728T212533Z_3d7b9020,d9a3a648,block_late,explicit,late,3.333333333333333,crowd,4.0,3.5,3.0,4.0,1.5,Female,Bachelor's Degree,Familiar,1–5 times per day,,1.0185185185185186,-0.02777777777777768,-0.8611111111111112,1.2037037037037037,-2.240740740740741
exp_20260728T212533Z_3d7b9020,d9a3a648,inline_early,implicit,early,3.333333333333333,crowd,4.0,3.5,3.0,4.0,1.5,Female,Bachelor's Degree,Familiar,1–5 times per day,,1.0185185185185186,-0.02777777777777768,-0.8611111111111112,1.2037037037037037,-2.240740740740741
exp_20260728T212533Z_3d7b9020,d9a3a648,inline_late,implicit,late,4.666666666666667,crowd,4.0,3.5,3.0,4.0,1.5,Female,Bachelor's Degree,Familiar,1–5 times per day,,1.0185185185185186,-0.02777777777777768,-0.8611111111111112,1.2037037037037037,-2.240740740740741
exp_20260728T212533Z_3d7b9020,d9a3a648,no_ads,none,none,3.0,crowd,4.0,3.5,3.0,4.0,1.5,Female,Bachelor's Degree,Familiar,1–5 times per day,,1.0185185185185186,-0.02777777777777768,-0.8611111111111112,1.2037037037037037,-2.240740740740741
exp_20260729T113330Z_4893ec28,aebd33cb,block_early,explicit,early,5.666666666666667,crowd,4.5,4.0,4.0,2.0,3.5,Male,Master's Degree,Somewhat Familiar,1–5 times per week,,1.5185185185185186,0.4722222222222223,0.13888888888888884,-0.7962962962962963,-0.24074074074074092
exp_20260729T113330Z_4893ec28,aebd33cb,block_late,explicit,late,6.0,crowd,4.5,4.0,4.0,2.0,3.5,Male,Master's Degree,Somewhat Familiar,1–5 times per week,,1.5185185185185186,0.4722222222222223,0.13888888888888884,-0.7962962962962963,-0.24074074074074092
exp_20260729T113330Z_4893ec28,aebd33cb,inline_early,implicit,early,5.333333333333333,crowd,4.5,4.0,4.0,2.0,3.5,Male,Master's Degree,Somewhat Familiar,1–5 times per week,,1.5185185185185186,0.4722222222222223,0.13888888888888884,-0.7962962962962963,-0.24074074074074092
exp_20260729T113330Z_4893ec28,aebd33cb,inline_late,implicit,late,5.333333333333333,crowd,4.5,4.0,4.0,2.0,3.5,Male,Master's Degree,Somewhat Familiar,1–5 times per week,,1.5185185185185186,0.4722222222222223,0.13888888888888884,-0.7962962962962963,-0.24074074074074092
exp_20260729T113330Z_4893ec28,aebd33cb,no_ads,none,none,6.666666666666667,crowd,4.5,4.0,4.0,2.0,3.5,Male,Master's Degree,Somewhat Familiar,1–5 times per week,,1.5185185185185186,0.4722222222222223,0.13888888888888884,-0.7962962962962963,-0.24074074074074092
exp_20260729T142615Z_78e41297,c3652ac3,block_early,explicit,early,5.0,crowd,3.0,4.0,3.5,2.0,5.0,Female,Master's Degree,Somewhat Unfamiliar,Fewer than 5 times ever,,0.0185185185185186,0.4722222222222223,-0.36111111111111116,-0.7962962962962963,1.259259259259259
exp_20260729T142615Z_78e41297,c3652ac3,block_late,explicit,late,4.0,crowd,3.0,4.0,3.5,2.0,5.0,Female,Master's Degree,Somewhat Unfamiliar,Fewer than 5 times ever,,0.0185185185185186,0.4722222222222223,-0.36111111111111116,-0.7962962962962963,1.259259259259259
exp_20260729T142615Z_78e41297,c3652ac3,inline_early,implicit,early,3.0,crowd,3.0,4.0,3.5,2.0,5.0,Female,Master's Degree,Somewhat Unfamiliar,Fewer than 5 times ever,,0.0185185185185186,0.4722222222222223,-0.36111111111111116,-0.7962962962962963,1.259259259259259
exp_20260729T142615Z_78e41297,c3652ac3,inline_late,implicit,late,4.666666666666667,crowd,3.0,4.0,3.5,2.0,5.0,Female,Master's Degree,Somewhat Unfamiliar,Fewer than 5 times ever,,0.0185185185185186,0.4722222222222223,-0.36111111111111116,-0.7962962962962963,1.259259259259259
exp_20260729T142615Z_78e41297,c3652ac3,no_ads,none,none,5.0,crowd,3.0,4.0,3.5,2.0,5.0,Female,Master's Degree,Somewhat Unfamiliar,Fewer than 5 times ever,,0.0185185185185186,0.4722222222222223,-0.36111111111111116,-0.7962962962962963,1.259259259259259
exp_20260730T163055Z_22dcd1a8,9bce1ecd,block_early,explicit,early,3.6666666666666665,crowd,3.5,4.5,3.5,3.5,5.0,Male,Bachelor's Degree,Familiar,Greater than 5 times per day,,0.5185185185185186,0.9722222222222223,-0.36111111111111116,0.7037037037037037,1.259259259259259
exp_20260730T163055Z_22dcd1a8,9bce1ecd,block_late,explicit,late,4.666666666666667,crowd,3.5,4.5,3.5,3.5,5.0,Male,Bachelor's Degree,Familiar,Greater than 5 times per day,,0.5185185185185186,0.9722222222222223,-0.36111111111111116,0.7037037037037037,1.259259259259259
exp_20260730T163055Z_22dcd1a8,9bce1ecd,inline_early,implicit,early,2.0,crowd,3.5,4.5,3.5,3.5,5.0,Male,Bachelor's Degree,Familiar,Greater than 5 times per day,,0.5185185185185186,0.9722222222222223,-0.36111111111111116,0.7037037037037037,1.259259259259259
exp_20260730T163055Z_22dcd1a8,9bce1ecd,inline_late,implicit,late,6.333333333333333,crowd,3.5,4.5,3.5,3.5,5.0,Male,Bachelor's Degree,Familiar,Greater than 5 times per day,,0.5185185185185186,0.9722222222222223,-0.36111111111111116,0.7037037037037037,1.259259259259259
exp_20260730T163055Z_22dcd1a8,9bce1ecd,no_ads,none,none,7.0,crowd,3.5,4.5,3.5,3.5,5.0,Male,Bachelor's Degree,Familiar,Greater than 5 times per day,,0.5185185185185186,0.9722222222222223,-0.36111111111111116,0.7037037037037037,1.259259259259259
exp_20260730T212540Z_463be665,4f36154d,block_early,explicit,early,7.0,crowd,3.0,4.0,3.5,2.0,3.5,Male,Bachelor's Degree,Familiar,1–5 times per day,,0.0185185185185186,0.4722222222222223,-0.36111111111111116,-0.7962962962962963,-0.24074074074074092
exp_20260730T212540Z_463be665,4f36154d,block_late,explicit,late,6.666666666666667,crowd,3.0,4.0,3.5,2.0,3.5,Male,Bachelor's Degree,Familiar,1–5 times per day,,0.0185185185185186,0.4722222222222223,-0.36111111111111116,-0.7962962962962963,-0.24074074074074092
exp_20260730T212540Z_463be665,4f36154d,inline_early,implicit,early,6.666666666666667,crowd,3.0,4.0,3.5,2.0,3.5,Male,Bachelor's Degree,Familiar,1–5 times per day,,0.0185185185185186,0.4722222222222223,-0.36111111111111116,-0.7962962962962963,-0.24074074074074092
exp_20260730T212540Z_463be665,4f36154d,inline_late,implicit,late,7.0,crowd,3.0,4.0,3.5,2.0,3.5,Male,Bachelor's Degree,Familiar,1–5 times per day,,0.0185185185185186,0.4722222222222223,-0.36111111111111116,-0.7962962962962963,-0.24074074074074092
exp_20260730T212540Z_463be665,4f36154d,no_ads,none,none,6.666666666666667,crowd,3.0,4.0,3.5,2.0,3.5,Male,Bachelor's Degree,Familiar,1–5 times per day,,0.0185185185185186,0.4722222222222223,-0.36111111111111116,-0.7962962962962963,-0.24074074074074092
exp_20260713T151222Z_cb87f81c,d12f0112,block_early,explicit,early,7.0,crowd,2.5,4.5,5.0,2.5,3.0,Female,Bachelor's Degree,Familiar,1–5 times per week,,-0.4814814814814814,0.9722222222222223,1.1388888888888888,-0.2962962962962963,-0.7407407407407409
exp_20260713T151222Z_cb87f81c,d12f0112,block_late,explicit,late,7.0,crowd,2.5,4.5,5.0,2.5,3.0,Female,Bachelor's Degree,Familiar,1–5 times per week,,-0.4814814814814814,0.9722222222222223,1.1388888888888888,-0.2962962962962963,-0.7407407407407409
exp_20260713T151222Z_cb87f81c,d12f0112,inline_early,implicit,early,7.0,crowd,2.5,4.5,5.0,2.5,3.0,Female,Bachelor's Degree,Familiar,1–5 times per week,,-0.4814814814814814,0.9722222222222223,1.1388888888888888,-0.2962962962962963,-0.7407407407407409
exp_20260713T151222Z_cb87f81c,d12f0112,inline_late,implicit,late,7.0,crowd,2.5,4.5,5.0,2.5,3.0,Female,Bachelor's Degree,Familiar,1–5 times per week,,-0.4814814814814814,0.9722222222222223,1.1388888888888888,-0.2962962962962963,-0.7407407407407409
exp_20260713T151222Z_cb87f81c,d12f0112,no_ads,none,none,7.0,crowd,2.5,4.5,5.0,2.5,3.0,Female,Bachelor's Degree,Familiar,1–5 times per week,,-0.4814814814814814,0.9722222222222223,1.1388888888888888,-0.2962962962962963,-0.7407407407407409
exp_20260731T134104Z_0ec19ace,9f9b6ad8,block_early,explicit,early,7.0,crowd,3.5,2.5,4.0,1.0,3.0,Male,High School,Familiar,1–5 times per week,,0.5185185185185186,-1.0277777777777777,0.13888888888888884,-1.7962962962962963,-0.7407407407407409
exp_20260731T134104Z_0ec19ace,9f9b6ad8,block_late,explicit,late,7.0,crowd,3.5,2.5,4.0,1.0,3.0,Male,High School,Familiar,1–5 times per week,,0.5185185185185186,-1.0277777777777777,0.13888888888888884,-1.7962962962962963,-0.7407407407407409
exp_20260731T134104Z_0ec19ace,9f9b6ad8,inline_early,implicit,early,4.666666666666667,crowd,3.5,2.5,4.0,1.0,3.0,Male,High School,Familiar,1–5 times per week,,0.5185185185185186,-1.0277777777777777,0.13888888888888884,-1.7962962962962963,-0.7407407407407409
exp_20260731T134104Z_0ec19ace,9f9b6ad8,inline_late,implicit,late,6.666666666666667,crowd,3.5,2.5,4.0,1.0,3.0,Male,High School,Familiar,1–5 times per week,,0.5185185185185186,-1.0277777777777777,0.13888888888888884,-1.7962962962962963,-0.7407407407407409
exp_20260731T134104Z_0ec19ace,9f9b6ad8,no_ads,none,none,6.333333333333333,crowd,3.5,2.5,4.0,1.0,3.0,Male,High School,Familiar,1–5 times per week,,0.5185185185185186,-1.0277777777777777,0.13888888888888884,-1.7962962962962963,-0.7407407407407409
exp_20260731T183947Z_18e35b4f,7901e211,block_early,explicit,early,6.333333333333333,crowd,3.0,4.0,2.0,2.0,3.0,Male,Bachelor's Degree,Familiar,Greater than 5 times per day,,0.0185185185185186,0.4722222222222223,-1.8611111111111112,-0.7962962962962963,-0.7407407407407409
exp_20260731T183947Z_18e35b4f,7901e211,block_late,explicit,late,6.666666666666667,crowd,3.0,4.0,2.0,2.0,3.0,Male,Bachelor's Degree,Familiar,Greater than 5 times per day,,0.0185185185185186,0.4722222222222223,-1.8611111111111112,-0.7962962962962963,-0.7407407407407409
exp_20260731T183947Z_18e35b4f,7901e211,inline_early,implicit,early,6.0,crowd,3.0,4.0,2.0,2.0,3.0,Male,Bachelor's Degree,Familiar,Greater than 5 times per day,,0.0185185185185186,0.4722222222222223,-1.8611111111111112,-0.7962962962962963,-0.7407407407407409
exp_20260731T183947Z_18e35b4f,7901e211,inline_late,implicit,late,7.0,crowd,3.0,4.0,2.0,2.0,3.0,Male,Bachelor's Degree,Familiar,Greater than 5 times per day,,0.0185185185185186,0.4722222222222223,-1.8611111111111112,-0.7962962962962963,-0.7407407407407409
exp_20260731T183947Z_18e35b4f,7901e211,no_ads,none,none,6.333333333333333,crowd,3.0,4.0,2.0,2.0,3.0,Male,Bachelor's Degree,Familiar,Greater than 5 times per day,,0.0185185185185186,0.4722222222222223,-1.8611111111111112,-0.7962962962962963,-0.7407407407407409
exp_20260801T205336Z_41461036,1864e3c7,block_early,explicit,early,7.0,crowd,3.0,3.5,4.5,3.5,3.0,,,Familiar,Greater than 5 times per day,,0.0185185185185186,-0.02777777777777768,0.6388888888888888,0.7037037037037037,-0.7407407407407409
exp_20260801T205336Z_41461036,1864e3c7,block_late,explicit,late,6.0,crowd,3.0,3.5,4.5,3.5,3.0,,,Familiar,Greater than 5 times per day,,0.0185185185185186,-0.02777777777777768,0.6388888888888888,0.7037037037037037,-0.7407407407407409
exp_20260801T205336Z_41461036,1864e3c7,inline_early,implicit,early,6.666666666666667,crowd,3.0,3.5,4.5,3.5,3.0,,,Familiar,Greater than 5 times per day,,0.0185185185185186,-0.02777777777777768,0.6388888888888888,0.7037037037037037,-0.7407407407407409
exp_20260801T205336Z_41461036,1864e3c7,inline_late,implicit,late,7.0,crowd,3.0,3.5,4.5,3.5,3.0,,,Familiar,Greater than 5 times per day,,0.0185185185185186,-0.02777777777777768,0.6388888888888888,0.7037037037037037,-0.7407407407407409
exp_20260801T205336Z_41461036,1864e3c7,no_ads,none,none,6.0,crowd,3.0,3.5,4.5,3.5,3.0,,,Familiar,Greater than 5 times per day,,0.0185185185185186,-0.02777777777777768,0.6388888888888888,0.7037037037037037,-0.7407407407407409
exp_20260802T082427Z_c7b49db4,7c513cb4,block_early,explicit,early,2.333333333333333,crowd,2.5,3.5,3.5,1.5,3.0,Male,Other,Familiar,1–5 times per day,,-0.4814814814814814,-0.02777777777777768,-0.36111111111111116,-1.2962962962962963,-0.7407407407407409
exp_20260802T082427Z_c7b49db4,7c513cb4,block_late,explicit,late,6.333333333333333,crowd,2.5,3.5,3.5,1.5,3.0,Male,Other,Familiar,1–5 times per day,,-0.4814814814814814,-0.02777777777777768,-0.36111111111111116,-1.2962962962962963,-0.7407407407407409
exp_20260802T082427Z_c7b49db4,7c513cb4,inline_early,implicit,early,6.666666666666667,crowd,2.5,3.5,3.5,1.5,3.0,Male,Other,Familiar,1–5 times per day,,-0.4814814814814814,-0.02777777777777768,-0.36111111111111116,-1.2962962962962963,-0.7407407407407409
exp_20260802T082427Z_c7b49db4,7c513cb4,inline_late,implicit,late,6.333333333333333,crowd,2.5,3.5,3.5,1.5,3.0,Male,Other,Familiar,1–5 times per day,,-0.4814814814814814,-0.02777777777777768,-0.36111111111111116,-1.2962962962962963,-0.7407407407407409
exp_20260802T082427Z_c7b49db4,7c513cb4,no_ads,none,none,3.0,crowd,2.5,3.5,3.5,1.5,3.0,Male,Other,Familiar,1–5 times per day,,-0.4814814814814814,-0.02777777777777768,-0.36111111111111116,-1.2962962962962963,-0.7407407407407409
exp_20260713T160910Z_43c4deac,5b5c5067,block_early,explicit,early,5.333333333333333,crowd,4.0,2.5,4.5,2.5,4.0,Male,High School,Familiar,1–5 times per day,,1.0185185185185186,-1.0277777777777777,0.6388888888888888,-0.2962962962962963,0.2592592592592591
exp_20260713T160910Z_43c4deac,5b5c5067,block_late,explicit,late,6.333333333333333,crowd,4.0,2.5,4.5,2.5,4.0,Male,High School,Familiar,1–5 times per day,,1.0185185185185186,-1.0277777777777777,0.6388888888888888,-0.2962962962962963,0.2592592592592591
exp_20260713T160910Z_43c4deac,5b5c5067,inline_early,implicit,early,5.666666666666667,crowd,4.0,2.5,4.5,2.5,4.0,Male,High School,Familiar,1–5 times per day,,1.0185185185185186,-1.0277777777777777,0.6388888888888888,-0.2962962962962963,0.2592592592592591
exp_20260713T160910Z_43c4deac,5b5c5067,inline_late,implicit,late,4.666666666666667,crowd,4.0,2.5,4.5,2.5,4.0,Male,High School,Familiar,1–5 times per day,,1.0185185185185186,-1.0277777777777777,0.6388888888888888,-0.2962962962962963,0.2592592592592591
exp_20260713T160910Z_43c4deac,5b5c5067,no_ads,none,none,5.666666666666667,crowd,4.0,2.5,4.5,2.5,4.0,Male,High School,Familiar,1–5 times per day,,1.0185185185185186,-1.0277777777777777,0.6388888888888888,-0.2962962962962963,0.2592592592592591
exp_20260721T194408Z_ef197dbb,f95f070a,block_early,explicit,early,6.333333333333333,crowd,1.0,2.5,3.5,5.0,5.0,Female,Bachelor's Degree,Somewhat Familiar,1–5 times per week,,-1.9814814814814814,-1.0277777777777777,-0.36111111111111116,2.2037037037037037,1.259259259259259
exp_20260721T194408Z_ef197dbb,f95f070a,block_late,explicit,late,7.0,crowd,1.0,2.5,3.5,5.0,5.0,Female,Bachelor's Degree,Somewhat Familiar,1–5 times per week,,-1.9814814814814814,-1.0277777777777777,-0.36111111111111116,2.2037037037037037,1.259259259259259
exp_20260721T194408Z_ef197dbb,f95f070a,inline_early,implicit,early,7.0,crowd,1.0,2.5,3.5,5.0,5.0,Female,Bachelor's Degree,Somewhat Familiar,1–5 times per week,,-1.9814814814814814,-1.0277777777777777,-0.36111111111111116,2.2037037037037037,1.259259259259259
exp_20260721T194408Z_ef197dbb,f95f070a,inline_late,implicit,late,5.666666666666667,crowd,1.0,2.5,3.5,5.0,5.0,Female,Bachelor's Degree,Somewhat Familiar,1–5 times per week,,-1.9814814814814814,-1.0277777777777777,-0.36111111111111116,2.2037037037037037,1.259259259259259
exp_20260721T194408Z_ef197dbb,f95f070a,no_ads,none,none,7.0,crowd,1.0,2.5,3.5,5.0,5.0,Female,Bachelor's Degree,Somewhat Familiar,1–5 times per week,,-1.9814814814814814,-1.0277777777777777,-0.36111111111111116,2.2037037037037037,1.259259259259259
exp_20260721T201433Z_c7c22bc2,4805a32a,block_early,explicit,early,4.666666666666667,crowd,1.5,2.0,4.5,3.5,4.5,Female,Bachelor's Degree,Somewhat Familiar,1–5 times per week,,-1.4814814814814814,-1.5277777777777777,0.6388888888888888,0.7037037037037037,0.7592592592592591
exp_20260721T201433Z_c7c22bc2,4805a32a,block_late,explicit,late,6.0,crowd,1.5,2.0,4.5,3.5,4.5,Female,Bachelor's Degree,Somewhat Familiar,1–5 times per week,,-1.4814814814814814,-1.5277777777777777,0.6388888888888888,0.7037037037037037,0.7592592592592591
exp_20260721T201433Z_c7c22bc2,4805a32a,inline_early,implicit,early,6.0,crowd,1.5,2.0,4.5,3.5,4.5,Female,Bachelor's Degree,Somewhat Familiar,1–5 times per week,,-1.4814814814814814,-1.5277777777777777,0.6388888888888888,0.7037037037037037,0.7592592592592591
exp_20260721T201433Z_c7c22bc2,4805a32a,inline_late,implicit,late,3.0,crowd,1.5,2.0,4.5,3.5,4.5,Female,Bachelor's Degree,Somewhat Familiar,1–5 times per week,,-1.4814814814814814,-1.5277777777777777,0.6388888888888888,0.7037037037037037,0.7592592592592591
exp_20260721T201433Z_c7c22bc2,4805a32a,no_ads,none,none,5.333333333333333,crowd,1.5,2.0,4.5,3.5,4.5,Female,Bachelor's Degree,Somewhat Familiar,1–5 times per week,,-1.4814814814814814,-1.5277777777777777,0.6388888888888888,0.7037037037037037,0.7592592592592591
exp_20260721T204719Z_55b729d8,b88ee9d1,block_early,explicit,early,7.0,crowd,3.5,4.5,4.5,1.5,1.5,,High School,Familiar,1–5 times per week,,0.5185185185185186,0.9722222222222223,0.6388888888888888,-1.2962962962962963,-2.240740740740741
exp_20260721T204719Z_55b729d8,b88ee9d1,block_late,explicit,late,7.0,crowd,3.5,4.5,4.5,1.5,1.5,,High School,Familiar,1–5 times per week,,0.5185185185185186,0.9722222222222223,0.6388888888888888,-1.2962962962962963,-2.240740740740741
exp_20260721T204719Z_55b729d8,b88ee9d1,inline_early,implicit,early,7.0,crowd,3.5,4.5,4.5,1.5,1.5,,High School,Familiar,1–5 times per week,,0.5185185185185186,0.9722222222222223,0.6388888888888888,-1.2962962962962963,-2.240740740740741
exp_20260721T204719Z_55b729d8,b88ee9d1,inline_late,implicit,late,7.0,crowd,3.5,4.5,4.5,1.5,1.5,,High School,Familiar,1–5 times per week,,0.5185185185185186,0.9722222222222223,0.6388888888888888,-1.2962962962962963,-2.240740740740741
exp_20260721T204719Z_55b729d8,b88ee9d1,no_ads,none,none,6.333333333333333,crowd,3.5,4.5,4.5,1.5,1.5,,High School,Familiar,1–5 times per week,,0.5185185185185186,0.9722222222222223,0.6388888888888888,-1.2962962962962963,-2.240740740740741
exp_20260721T212152Z_c3bfeb56,5557e55c,block_early,explicit,early,6.0,crowd,3.5,4.5,5.0,2.0,3.0,Male,Master's Degree,Familiar,1–5 times per day,,0.5185185185185186,0.9722222222222223,1.1388888888888888,-0.7962962962962963,-0.7407407407407409
exp_20260721T212152Z_c3bfeb56,5557e55c,block_late,explicit,late,6.0,crowd,3.5,4.5,5.0,2.0,3.0,Male,Master's Degree,Familiar,1–5 times per day,,0.5185185185185186,0.9722222222222223,1.1388888888888888,-0.7962962962962963,-0.7407407407407409
exp_20260721T212152Z_c3bfeb56,5557e55c,inline_early,implicit,early,5.666666666666667,crowd,3.5,4.5,5.0,2.0,3.0,Male,Master's Degree,Familiar,1–5 times per day,,0.5185185185185186,0.9722222222222223,1.1388888888888888,-0.7962962962962963,-0.7407407407407409
exp_20260721T212152Z_c3bfeb56,5557e55c,inline_late,implicit,late,6.666666666666667,crowd,3.5,4.5,5.0,2.0,3.0,Male,Master's Degree,Familiar,1–5 times per day,,0.5185185185185186,0.9722222222222223,1.1388888888888888,-0.7962962962962963,-0.7407407407407409
exp_20260721T212152Z_c3bfeb56,5557e55c,no_ads,none,none,6.333333333333333,crowd,3.5,4.5,5.0,2.0,3.0,Male,Master's Degree,Familiar,1–5 times per day,,0.5185185185185186,0.9722222222222223,1.1388888888888888,-0.7962962962962963,-0.7407407407407409
exp_20260721T091553Z_7b92ec42,3568405d,block_early,explicit,early,6.0,lab,2.0,2.5,3.5,1.0,3.5,Female,Master's Degree,Familiar,Greater than 5 times per day,,-0.9814814814814814,-1.0277777777777777,-0.36111111111111116,-1.7962962962962963,-0.24074074074074092
exp_20260721T091553Z_7b92ec42,3568405d,block_late,explicit,late,6.333333333333333,lab,2.0,2.5,3.5,1.0,3.5,Female,Master's Degree,Familiar,Greater than 5 times per day,,-0.9814814814814814,-1.0277777777777777,-0.36111111111111116,-1.7962962962962963,-0.24074074074074092
exp_20260721T091553Z_7b92ec42,3568405d,inline_early,implicit,early,4.333333333333333,lab,2.0,2.5,3.5,1.0,3.5,Female,Master's Degree,Familiar,Greater than 5 times per day,,-0.9814814814814814,-1.0277777777777777,-0.36111111111111116,-1.7962962962962963,-0.24074074074074092
exp_20260721T091553Z_7b92ec42,3568405d,inline_late,implicit,late,6.666666666666667,lab,2.0,2.5,3.5,1.0,3.5,Female,Master's Degree,Familiar,Greater than 5 times per day,,-0.9814814814814814,-1.0277777777777777,-0.36111111111111116,-1.7962962962962963,-0.24074074074074092
exp_20260721T091553Z_7b92ec42,3568405d,no_ads,none,none,7.0,lab,2.0,2.5,3.5,1.0,3.5,Female,Master's Degree,Familiar,Greater than 5 times per day,,-0.9814814814814814,-1.0277777777777777,-0.36111111111111116,-1.7962962962962963,-0.24074074074074092
exp_20260728T091433Z_242026ac,83850ea0,block_early,explicit,early,6.666666666666667,lab,3.5,2.5,3.0,5.0,4.5,Male,Master's Degree,Familiar,Greater than 5 times per day,,0.5185185185185186,-1.0277777777777777,-0.8611111111111112,2.2037037037037037,0.7592592592592591
exp_20260728T091433Z_242026ac,83850ea0,block_late,explicit,late,6.0,lab,3.5,2.5,3.0,5.0,4.5,Male,Master's Degree,Familiar,Greater than 5 times per day,,0.5185185185185186,-1.0277777777777777,-0.8611111111111112,2.2037037037037037,0.7592592592592591
exp_20260728T091433Z_242026ac,83850ea0,inline_early,implicit,early,6.333333333333333,lab,3.5,2.5,3.0,5.0,4.5,Male,Master's Degree,Familiar,Greater than 5 times per day,,0.5185185185185186,-1.0277777777777777,-0.8611111111111112,2.2037037037037037,0.7592592592592591
exp_20260728T091433Z_242026ac,83850ea0,inline_late,implicit,late,6.0,lab,3.5,2.5,3.0,5.0,4.5,Male,Master's Degree,Familiar,Greater than 5 times per day,,0.5185185185185186,-1.0277777777777777,-0.8611111111111112,2.2037037037037037,0.7592592592592591
exp_20260728T091433Z_242026ac,83850ea0,no_ads,none,none,7.0,lab,3.5,2.5,3.0,5.0,4.5,Male,Master's Degree,Familiar,Greater than 5 times per day,,0.5185185185185186,-1.0277777777777777,-0.8611111111111112,2.2037037037037037,0.7592592592592591
exp_20260728T164420Z_99421c58,df531b8b,block_early,explicit,early,6.0,lab,3.5,3.5,2.5,1.5,2.5,Male,Master's Degree,Familiar,1–5 times per day,,0.5185185185185186,-0.02777777777777768,-1.3611111111111112,-1.2962962962962963,-1.240740740740741
exp_20260728T164420Z_99421c58,df531b8b,block_late,explicit,late,5.666666666666667,lab,3.5,3.5,2.5,1.5,2.5,Male,Master's Degree,Familiar,1–5 times per day,,0.5185185185185186,-0.02777777777777768,-1.3611111111111112,-1.2962962962962963,-1.240740740740741
exp_20260728T164420Z_99421c58,df531b8b,inline_early,implicit,early,6.0,lab,3.5,3.5,2.5,1.5,2.5,Male,Master's Degree,Familiar,1–5 times per day,,0.5185185185185186,-0.02777777777777768,-1.3611111111111112,-1.2962962962962963,-1.240740740740741
exp_20260728T164420Z_99421c58,df531b8b,inline_late,implicit,late,4.0,lab,3.5,3.5,2.5,1.5,2.5,Male,Master's Degree,Familiar,1–5 times per day,,0.5185185185185186,-0.02777777777777768,-1.3611111111111112,-1.2962962962962963,-1.240740740740741
exp_20260728T164420Z_99421c58,df531b8b,no_ads,none,none,6.0,lab,3.5,3.5,2.5,1.5,2.5,Male,Master's Degree,Familiar,1–5 times per day,,0.5185185185185186,-0.02777777777777768,-1.3611111111111112,-1.2962962962962963,-1.240740740740741
exp_20260728T142237Z_262a5eab,3a54a63f,block_early,explicit,early,5.333333333333333,lab,4.0,2.5,4.5,4.0,5.0,Female,Bachelor's Degree,Somewhat Familiar,1–5 times per week,,1.0185185185185186,-1.0277777777777777,0.6388888888888888,1.2037037037037037,1.259259259259259
exp_20260728T142237Z_262a5eab,3a54a63f,block_late,explicit,late,5.0,lab,4.0,2.5,4.5,4.0,5.0,Female,Bachelor's Degree,Somewhat Familiar,1–5 times per week,,1.0185185185185186,-1.0277777777777777,0.6388888888888888,1.2037037037037037,1.259259259259259
exp_20260728T142237Z_262a5eab,3a54a63f,inline_early,implicit,early,3.333333333333333,lab,4.0,2.5,4.5,4.0,5.0,Female,Bachelor's Degree,Somewhat Familiar,1–5 times per week,,1.0185185185185186,-1.0277777777777777,0.6388888888888888,1.2037037037037037,1.259259259259259
exp_20260728T142237Z_262a5eab,3a54a63f,inline_late,implicit,late,5.333333333333333,lab,4.0,2.5,4.5,4.0,5.0,Female,Bachelor's Degree,Somewhat Familiar,1–5 times per week,,1.0185185185185186,-1.0277777777777777,0.6388888888888888,1.2037037037037037,1.259259259259259
exp_20260728T142237Z_262a5eab,3a54a63f,no_ads,none,none,6.0,lab,4.0,2.5,4.5,4.0,5.0,Female,Bachelor's Degree,Somewhat Familiar,1–5 times per week,,1.0185185185185186,-1.0277777777777777,0.6388888888888888,1.2037037037037037,1.259259259259259
exp_20260729T085134Z_65b7fd8e,14a217fd,block_early,explicit,early,2.6666666666666665,lab,4.5,3.0,4.0,2.0,4.0,Female,Master's Degree,Familiar,Greater than 5 times per day,,1.5185185185185186,-0.5277777777777777,0.13888888888888884,-0.7962962962962963,0.2592592592592591
exp_20260729T085134Z_65b7fd8e,14a217fd,block_late,explicit,late,6.666666666666667,lab,4.5,3.0,4.0,2.0,4.0,Female,Master's Degree,Familiar,Greater than 5 times per day,,1.5185185185185186,-0.5277777777777777,0.13888888888888884,-0.7962962962962963,0.2592592592592591
exp_20260729T085134Z_65b7fd8e,14a217fd,inline_early,implicit,early,5.666666666666667,lab,4.5,3.0,4.0,2.0,4.0,Female,Master's Degree,Familiar,Greater than 5 times per day,,1.5185185185185186,-0.5277777777777777,0.13888888888888884,-0.7962962962962963,0.2592592592592591
exp_20260729T085134Z_65b7fd8e,14a217fd,inline_late,implicit,late,3.0,lab,4.5,3.0,4.0,2.0,4.0,Female,Master's Degree,Familiar,Greater than 5 times per day,,1.5185185185185186,-0.5277777777777777,0.13888888888888884,-0.7962962962962963,0.2592592592592591
exp_20260729T085134Z_65b7fd8e,14a217fd,no_ads,none,none,5.666666666666667,lab,4.5,3.0,4.0,2.0,4.0,Female,Master's Degree,Familiar,Greater than 5 times per day,,1.5185185185185186,-0.5277777777777777,0.13888888888888884,-0.7962962962962963,0.2592592592592591
exp_20260729T141534Z_a0790737,804139c0,block_early,explicit,early,4.0,lab,2.5,4.0,3.0,1.5,3.0,Male,Other,Familiar,1–5 times per week,,-0.4814814814814814,0.4722222222222223,-0.8611111111111112,-1.2962962962962963,-0.7407407407407409
exp_20260729T141534Z_a0790737,804139c0,block_late,explicit,late,6.333333333333333,lab,2.5,4.0,3.0,1.5,3.0,Male,Other,Familiar,1–5 times per week,,-0.4814814814814814,0.4722222222222223,-0.8611111111111112,-1.2962962962962963,-0.7407407407407409
exp_20260729T141534Z_a0790737,804139c0,inline_early,implicit,early,6.333333333333333,lab,2.5,4.0,3.0,1.5,3.0,Male,Other,Familiar,1–5 times per week,,-0.4814814814814814,0.4722222222222223,-0.8611111111111112,-1.2962962962962963,-0.7407407407407409
exp_20260729T141534Z_a0790737,804139c0,inline_late,implicit,late,6.333333333333333,lab,2.5,4.0,3.0,1.5,3.0,Male,Other,Familiar,1–5 times per week,,-0.4814814814814814,0.4722222222222223,-0.8611111111111112,-1.2962962962962963,-0.7407407407407409
exp_20260729T141534Z_a0790737,804139c0,no_ads,none,none,6.333333333333333,lab,2.5,4.0,3.0,1.5,3.0,Male,Other,Familiar,1–5 times per week,,-0.4814814814814814,0.4722222222222223,-0.8611111111111112,-1.2962962962962963,-0.7407407407407409
exp_20260730T074927Z_347e077f,d01ce181,block_early,explicit,early,5.666666666666667,lab,3.0,4.5,4.5,4.0,3.5,Male,Bachelor's Degree,Familiar,Greater than 5 times per day,,0.0185185185185186,0.9722222222222223,0.6388888888888888,1.2037037037037037,-0.24074074074074092
exp_20260730T074927Z_347e077f,d01ce181,block_late,explicit,late,5.666666666666667,lab,3.0,4.5,4.5,4.0,3.5,Male,Bachelor's Degree,Familiar,Greater than 5 times per day,,0.0185185185185186,0.9722222222222223,0.6388888888888888,1.2037037037037037,-0.24074074074074092
exp_20260730T074927Z_347e077f,d01ce181,inline_early,implicit,early,5.666666666666667,lab,3.0,4.5,4.5,4.0,3.5,Male,Bachelor's Degree,Familiar,Greater than 5 times per day,,0.0185185185185186,0.9722222222222223,0.6388888888888888,1.2037037037037037,-0.24074074074074092
exp_20260730T074927Z_347e077f,d01ce181,inline_late,implicit,late,4.333333333333333,lab,3.0,4.5,4.5,4.0,3.5,Male,Bachelor's Degree,Familiar,Greater than 5 times per day,,0.0185185185185186,0.9722222222222223,0.6388888888888888,1.2037037037037037,-0.24074074074074092
exp_20260730T074927Z_347e077f,d01ce181,no_ads,none,none,5.666666666666667,lab,3.0,4.5,4.5,4.0,3.5,Male,Bachelor's Degree,Familiar,Greater than 5 times per day,,0.0185185185185186,0.9722222222222223,0.6388888888888888,1.2037037037037037,-0.24074074074074092
exp_20260730T110035Z_a5786cb8,67da526a,block_early,explicit,early,6.666666666666667,lab,3.0,3.0,4.0,5.0,4.5,Male,Bachelor's Degree,Familiar,1–5 times per day,,0.0185185185185186,-0.5277777777777777,0.13888888888888884,2.2037037037037037,0.7592592592592591
exp_20260730T110035Z_a5786cb8,67da526a,block_late,explicit,late,5.666666666666667,lab,3.0,3.0,4.0,5.0,4.5,Male,Bachelor's Degree,Familiar,1–5 times per day,,0.0185185185185186,-0.5277777777777777,0.13888888888888884,2.2037037037037037,0.7592592592592591
exp_20260730T110035Z_a5786cb8,67da526a,inline_early,implicit,early,2.333333333333333,lab,3.0,3.0,4.0,5.0,4.5,Male,Bachelor's Degree,Familiar,1–5 times per day,,0.0185185185185186,-0.5277777777777777,0.13888888888888884,2.2037037037037037,0.7592592592592591
exp_20260730T110035Z_a5786cb8,67da526a,inline_late,implicit,late,7.0,lab,3.0,3.0,4.0,5.0,4.5,Male,Bachelor's Degree,Familiar,1–5 times per day,,0.0185185185185186,-0.5277777777777777,0.13888888888888884,2.2037037037037037,0.7592592592592591
exp_20260730T110035Z_a5786cb8,67da526a,no_ads,none,none,7.0,lab,3.0,3.0,4.0,5.0,4.5,Male,Bachelor's Degree,Familiar,1–5 times per day,,0.0185185185185186,-0.5277777777777777,0.13888888888888884,2.2037037037037037,0.7592592592592591
exp_20260730T143127Z_9fcb5eb7,e3739fc8,block_early,explicit,early,2.0,lab,4.0,3.5,5.0,3.0,5.0,Male,Master's Degree,Familiar,Greater than 5 times per day,,1.0185185185185186,-0.02777777777777768,1.1388888888888888,0.20370370370370372,1.259259259259259
exp_20260730T143127Z_9fcb5eb7,e3739fc8,block_late,explicit,late,4.0,lab,4.0,3.5,5.0,3.0,5.0,Male,Master's Degree,Familiar,Greater than 5 times per day,,1.0185185185185186,-0.02777777777777768,1.1388888888888888,0.20370370370370372,1.259259259259259
exp_20260730T143127Z_9fcb5eb7,e3739fc8,inline_early,implicit,early,2.0,lab,4.0,3.5,5.0,3.0,5.0,Male,Master's Degree,Familiar,Greater than 5 times per day,,1.0185185185185186,-0.02777777777777768,1.1388888888888888,0.20370370370370372,1.259259259259259
exp_20260730T143127Z_9fcb5eb7,e3739fc8,inline_late,implicit,late,6.0,lab,4.0,3.5,5.0,3.0,5.0,Male,Master's Degree,Familiar,Greater than 5 times per day,,1.0185185185185186,-0.02777777777777768,1.1388888888888888,0.20370370370370372,1.259259259259259
exp_20260730T143127Z_9fcb5eb7,e3739fc8,no_ads,none,none,4.0,lab,4.0,3.5,5.0,3.0,5.0,Male,Master's Degree,Familiar,Greater than 5 times per day,,1.0185185185185186,-0.02777777777777768,1.1388888888888888,0.20370370370370372,1.259259259259259
exp_20260731T134108Z_a4a5b76b,d14362ea,block_early,explicit,early,5.0,lab,5.0,4.5,4.5,1.5,4.5,Male,Bachelor's Degree,Somewhat Unfamiliar,Fewer than 5 times ever,,2.0185185185185186,0.9722222222222223,0.6388888888888888,-1.2962962962962963,0.7592592592592591
exp_20260731T134108Z_a4a5b76b,d14362ea,block_late,explicit,late,7.0,lab,5.0,4.5,4.5,1.5,4.5,Male,Bachelor's Degree,Somewhat Unfamiliar,Fewer than 5 times ever,,2.0185185185185186,0.9722222222222223,0.6388888888888888,-1.2962962962962963,0.7592592592592591
exp_20260731T134108Z_a4a5b76b,d14362ea,inline_early,implicit,early,7.0,lab,5.0,4.5,4.5,1.5,4.5,Male,Bachelor's Degree,Somewhat Unfamiliar,Fewer than 5 times ever,,2.0185185185185186,0.9722222222222223,0.6388888888888888,-1.2962962962962963,0.7592592592592591
exp_20260731T134108Z_a4a5b76b,d14362ea,inline_late,implicit,late,6.666666666666667,lab,5.0,4.5,4.5,1.5,4.5,Male,Bachelor's Degree,Somewhat Unfamiliar,Fewer than 5 times ever,,2.0185185185185186,0.9722222222222223,0.6388888888888888,-1.2962962962962963,0.7592592592592591
exp_20260731T134108Z_a4a5b76b,d14362ea,no_ads,none,none,6.333333333333333,lab,5.0,4.5,4.5,1.5,4.5,Male,Bachelor's Degree,Somewhat Unfamiliar,Fewer than 5 times ever,,2.0185185185185186,0.9722222222222223,0.6388888888888888,-1.2962962962962963,0.7592592592592591
exp_20260731T171043Z_61871403,d9dc61d8,block_early,explicit,early,5.666666666666667,lab,4.0,4.0,4.0,2.5,2.5,Female,Master's Degree,Familiar,Greater than 5 times per day,,1.0185185185185186,0.4722222222222223,0.13888888888888884,-0.2962962962962963,-1.240740740740741
exp_20260731T171043Z_61871403,d9dc61d8,block_late,explicit,late,6.666666666666667,lab,4.0,4.0,4.0,2.5,2.5,Female,Master's Degree,Familiar,Greater than 5 times per day,,1.0185185185185186,0.4722222222222223,0.13888888888888884,-0.2962962962962963,-1.240740740740741
exp_20260731T171043Z_61871403,d9dc61d8,inline_early,implicit,early,6.333333333333333,lab,4.0,4.0,4.0,2.5,2.5,Female,Master's Degree,Familiar,Greater than 5 times per day,,1.0185185185185186,0.4722222222222223,0.13888888888888884,-0.2962962962962963,-1.240740740740741
exp_20260731T171043Z_61871403,d9dc61d8,inline_late,implicit,late,6.666666666666667,lab,4.0,4.0,4.0,2.5,2.5,Female,Master's Degree,Familiar,Greater than 5 times per day,,1.0185185185185186,0.4722222222222223,0.13888888888888884,-0.2962962962962963,-1.240740740740741
exp_20260731T171043Z_61871403,d9dc61d8,no_ads,none,none,6.0,lab,4.0,4.0,4.0,2.5,2.5,Female,Master's Degree,Familiar,Greater than 5 times per day,,1.0185185185185186,0.4722222222222223,0.13888888888888884,-0.2962962962962963,-1.240740740740741
exp_20260721T134702Z_ab38d57a,bc557297,block_early,explicit,early,7.0,lab,3.0,2.5,5.0,1.0,4.5,Male,PhD,Familiar,Greater than 5 times per day,,0.0185185185185186,-1.0277777777777777,1.1388888888888888,-1.7962962962962963,0.7592592592592591
exp_20260721T134702Z_ab38d57a,bc557297,block_late,explicit,late,6.666666666666667,lab,3.0,2.5,5.0,1.0,4.5,Male,PhD,Familiar,Greater than 5 times per day,,0.0185185185185186,-1.0277777777777777,1.1388888888888888,-1.7962962962962963,0.7592592592592591
exp_20260721T134702Z_ab38d57a,bc557297,inline_early,implicit,early,6.666666666666667,lab,3.0,2.5,5.0,1.0,4.5,Male,PhD,Familiar,Greater than 5 times per day,,0.0185185185185186,-1.0277777777777777,1.1388888888888888,-1.7962962962962963,0.7592592592592591
exp_20260721T134702Z_ab38d57a,bc557297,inline_late,implicit,late,7.0,lab,3.0,2.5,5.0,1.0,4.5,Male,PhD,Familiar,Greater than 5 times per day,,0.0185185185185186,-1.0277777777777777,1.1388888888888888,-1.7962962962962963,0.7592592592592591
exp_20260721T134702Z_ab38d57a,bc557297,no_ads,none,none,2.6666666666666665,lab,3.0,2.5,5.0,1.0,4.5,Male,PhD,Familiar,Greater than 5 times per day,,0.0185185185185186,-1.0277777777777777,1.1388888888888888,-1.7962962962962963,0.7592592592592591
exp_20260722T074803Z_c9a5b77e,e6ac40de,block_early,explicit,early,4.0,lab,4.0,4.5,3.5,4.5,2.0,Female,Master's Degree,Familiar,1–5 times per day,,1.0185185185185186,0.9722222222222223,-0.36111111111111116,1.7037037037037037,-1.740740740740741
exp_20260722T074803Z_c9a5b77e,e6ac40de,block_late,explicit,late,6.333333333333333,lab,4.0,4.5,3.5,4.5,2.0,Female,Master's Degree,Familiar,1–5 times per day,,1.0185185185185186,0.9722222222222223,-0.36111111111111116,1.7037037037037037,-1.740740740740741
exp_20260722T074803Z_c9a5b77e,e6ac40de,inline_early,implicit,early,4.333333333333333,lab,4.0,4.5,3.5,4.5,2.0,Female,Master's Degree,Familiar,1–5 times per day,,1.0185185185185186,0.9722222222222223,-0.36111111111111116,1.7037037037037037,-1.740740740740741
exp_20260722T074803Z_c9a5b77e,e6ac40de,inline_late,implicit,late,4.666666666666667,lab,4.0,4.5,3.5,4.5,2.0,Female,Master's Degree,Familiar,1–5 times per day,,1.0185185185185186,0.9722222222222223,-0.36111111111111116,1.7037037037037037,-1.740740740740741
exp_20260722T074803Z_c9a5b77e,e6ac40de,no_ads,none,none,7.0,lab,4.0,4.5,3.5,4.5,2.0,Female,Master's Degree,Familiar,1–5 times per day,,1.0185185185185186,0.9722222222222223,-0.36111111111111116,1.7037037037037037,-1.740740740740741
exp_20260724T112220Z_6cc09f28,610774d7,block_early,explicit,early,6.0,lab,3.0,3.5,3.5,4.0,4.5,Female,Master's Degree,Familiar,1–5 times per day,,0.0185185185185186,-0.02777777777777768,-0.36111111111111116,1.2037037037037037,0.7592592592592591
exp_20260724T112220Z_6cc09f28,610774d7,block_late,explicit,late,6.666666666666667,lab,3.0,3.5,3.5,4.0,4.5,Female,Master's Degree,Familiar,1–5 times per day,,0.0185185185185186,-0.02777777777777768,-0.36111111111111116,1.2037037037037037,0.7592592592592591
exp_20260724T112220Z_6cc09f28,610774d7,inline_early,implicit,early,6.333333333333333,lab,3.0,3.5,3.5,4.0,4.5,Female,Master's Degree,Familiar,1–5 times per day,,0.0185185185185186,-0.02777777777777768,-0.36111111111111116,1.2037037037037037,0.7592592592592591
exp_20260724T112220Z_6cc09f28,610774d7,inline_late,implicit,late,6.333333333333333,lab,3.0,3.5,3.5,4.0,4.5,Female,Master's Degree,Familiar,1–5 times per day,,0.0185185185185186,-0.02777777777777768,-0.36111111111111116,1.2037037037037037,0.7592592592592591
exp_20260724T112220Z_6cc09f28,610774d7,no_ads,none,none,6.333333333333333,lab,3.0,3.5,3.5,4.0,4.5,Female,Master's Degree,Familiar,1–5 times per day,,0.0185185185185186,-0.02777777777777768,-0.36111111111111116,1.2037037037037037,0.7592592592592591
exp_20260724T141230Z_1be52b79,20b5325d,block_early,explicit,early,6.333333333333333,lab,3.0,3.0,4.0,4.5,4.0,Female,Bachelor's Degree,Somewhat Familiar,1–5 times per month,,0.0185185185185186,-0.5277777777777777,0.13888888888888884,1.7037037037037037,0.2592592592592591
exp_20260724T141230Z_1be52b79,20b5325d,block_late,explicit,late,6.666666666666667,lab,3.0,3.0,4.0,4.5,4.0,Female,Bachelor's Degree,Somewhat Familiar,1–5 times per month,,0.0185185185185186,-0.5277777777777777,0.13888888888888884,1.7037037037037037,0.2592592592592591
exp_20260724T141230Z_1be52b79,20b5325d,inline_early,implicit,early,5.333333333333333,lab,3.0,3.0,4.0,4.5,4.0,Female,Bachelor's Degree,Somewhat Familiar,1–5 times per month,,0.0185185185185186,-0.5277777777777777,0.13888888888888884,1.7037037037037037,0.2592592592592591
exp_20260724T141230Z_1be52b79,20b5325d,inline_late,implicit,late,7.0,lab,3.0,3.0,4.0,4.5,4.0,Female,Bachelor's Degree,Somewhat Familiar,1–5 times per month,,0.0185185185185186,-0.5277777777777777,0.13888888888888884,1.7037037037037037,0.2592592592592591
exp_20260724T141230Z_1be52b79,20b5325d,no_ads,none,none,6.333333333333333,lab,3.0,3.0,4.0,4.5,4.0,Female,Bachelor's Degree,Somewhat Familiar,1–5 times per month,,0.0185185185185186,-0.5277777777777777,0.13888888888888884,1.7037037037037037,0.2592592592592591
exp_20260727T073257Z_58270880,43c97a81,block_early,explicit,early,3.333333333333333,lab,3.0,4.0,5.0,1.0,4.0,Male,PhD,Familiar,1–5 times per day,,0.0185185185185186,0.4722222222222223,1.1388888888888888,-1.7962962962962963,0.2592592592592591
exp_20260727T073257Z_58270880,43c97a81,block_late,explicit,late,4.333333333333333,lab,3.0,4.0,5.0,1.0,4.0,Male,PhD,Familiar,1–5 times per day,,0.0185185185185186,0.4722222222222223,1.1388888888888888,-1.7962962962962963,0.2592592592592591
exp_20260727T073257Z_58270880,43c97a81,inline_early,implicit,early,4.0,lab,3.0,4.0,5.0,1.0,4.0,Male,PhD,Familiar,1–5 times per day,,0.0185185185185186,0.4722222222222223,1.1388888888888888,-1.7962962962962963,0.2592592592592591
exp_20260727T073257Z_58270880,43c97a81,inline_late,implicit,late,4.333333333333333,lab,3.0,4.0,5.0,1.0,4.0,Male,PhD,Familiar,1–5 times per day,,0.0185185185185186,0.4722222222222223,1.1388888888888888,-1.7962962962962963,0.2592592592592591
exp_20260727T073257Z_58270880,43c97a81,no_ads,none,none,4.333333333333333,lab,3.0,4.0,5.0,1.0,4.0,Male,PhD,Familiar,1–5 times per day,,0.0185185185185186,0.4722222222222223,1.1388888888888888,-1.7962962962962963,0.2592592592592591
exp_20260727T120838Z_83e10f68,ed54747f,block_early,explicit,early,5.666666666666667,lab,3.0,3.5,4.5,5.0,4.5,Female,PhD,Familiar,Greater than 5 times per day,,0.0185185185185186,-0.02777777777777768,0.6388888888888888,2.2037037037037037,0.7592592592592591
exp_20260727T120838Z_83e10f68,ed54747f,block_late,explicit,late,5.666666666666667,lab,3.0,3.5,4.5,5.0,4.5,Female,PhD,Familiar,Greater than 5 times per day,,0.0185185185185186,-0.02777777777777768,0.6388888888888888,2.2037037037037037,0.7592592592592591
exp_20260727T120838Z_83e10f68,ed54747f,inline_early,implicit,early,5.0,lab,3.0,3.5,4.5,5.0,4.5,Female,PhD,Familiar,Greater than 5 times per day,,0.0185185185185186,-0.02777777777777768,0.6388888888888888,2.2037037037037037,0.7592592592592591
exp_20260727T120838Z_83e10f68,ed54747f,inline_late,implicit,late,6.0,lab,3.0,3.5,4.5,5.0,4.5,Female,PhD,Familiar,Greater than 5 times per day,,0.0185185185185186,-0.02777777777777768,0.6388888888888888,2.2037037037037037,0.7592592592592591
exp_20260727T120838Z_83e10f68,ed54747f,no_ads,none,none,6.0,lab,3.0,3.5,4.5,5.0,4.5,Female,PhD,Familiar,Greater than 5 times per day,,0.0185185185185186,-0.02777777777777768,0.6388888888888888,2.2037037037037037,0.7592592592592591
exp_20260727T141010Z_f065c5c8,234130ff,block_early,explicit,early,7.0,lab,3.0,4.5,4.0,2.0,3.5,Female,Master's Degree,Somewhat Familiar,1–5 times per week,,0.0185185185185186,0.9722222222222223,0.13888888888888884,-0.7962962962962963,-0.24074074074074092
exp_20260727T141010Z_f065c5c8,234130ff,block_late,explicit,late,6.333333333333333,lab,3.0,4.5,4.0,2.0,3.5,Female,Master's Degree,Somewhat Familiar,1–5 times per week,,0.0185185185185186,0.9722222222222223,0.13888888888888884,-0.7962962962962963,-0.24074074074074092
exp_20260727T141010Z_f065c5c8,234130ff,inline_early,implicit,early,6.666666666666667,lab,3.0,4.5,4.0,2.0,3.5,Female,Master's Degree,Somewhat Familiar,1–5 times per week,,0.0185185185185186,0.9722222222222223,0.13888888888888884,-0.7962962962962963,-0.24074074074074092
exp_20260727T141010Z_f065c5c8,234130ff,inline_late,implicit,late,7.0,lab,3.0,4.5,4.0,2.0,3.5,Female,Master's Degree,Somewhat Familiar,1–5 times per week,,0.0185185185185186,0.9722222222222223,0.13888888888888884,-0.7962962962962963,-0.24074074074074092
exp_20260727T141010Z_f065c5c8,234130ff,no_ads,none,none,6.333333333333333,lab,3.0,4.5,4.0,2.0,3.5,Female,Master's Degree,Somewhat Familiar,1–5 times per week,,0.0185185185185186,0.9722222222222223,0.13888888888888884,-0.7962962962962963,-0.24074074074074092
