subject_and_xdf,proposed_log_mapping,confidence,initial_status,evidence,main_issue,pipeline_disposition
lab_subject_1 — sub-P001_ses-S001_task-Default_run-001_eeg.xdf,lab_subject_1,high,healthy,log/EEG 109.7/93.1 min; markers 68/68; residual 0.0000s,Strong complete marker-timing match,Use mapped recording in Silver preprocessing
lab_subject_2 — sub-P002_ses-S001_task-Default_run-001_eeg.xdf,lab_subject_2,high,healthy,log/EEG 44.0/36.7 min; markers 68/68; residual 0.0000s,Strong complete marker-timing match,Use mapped recording in Silver preprocessing
lab_subject_3 — sub-P003_ses-S001_task-Default_run-001_eeg.xdf,lab_subject_3,high,healthy,log/EEG 93.2/57.4 min; markers 68/68; residual 0.0000s,Strong complete marker-timing match,Use mapped recording in Silver preprocessing
lab_subject_4 — sub-P004_ses-S001_task-Default_run-001_eeg.xdf,lab_subject_4_crowdfail,high,wrong_protocol,log/EEG 33.5/33.4 min; markers 66/66; residual 0.0000s,Folder-number candidate ran the crowd protocol and has no lab baseline,Retain in Bronze; exclude from lab EEG arm
lab_subject_5 — sub-P005_ses-S001_task-Default_run-001_eeg.xdf,lab_subject_5,high,healthy_with_duplicate_markers,log/EEG 96.7/47.6 min; markers 44/44; residual 0.0000s,Complete timing match with additional duplicate XDF markers,Use Silver canonical markers; retain raw extras in Bronze
lab_subject_6 — sub-P006_ses-S001_task-Default_run-001_eeg.xdf,lab_subject_6,high,healthy,log/EEG 56.0/56.1 min; markers 44/44; residual 0.0000s,Strong complete marker-timing match,Use mapped recording in Silver preprocessing
lab_subject_7 — sub-P007_ses-S001_task-Default_run-001_eeg.xdf,lab_subject_7,high,healthy,log/EEG 102.8/51.4 min; markers 44/44; residual 0.0000s,Strong complete marker-timing match,Use mapped recording in Silver preprocessing
lab_subject_8 — sub-P008_ses-S001_task-Default_run-001_eeg.xdf,lab_subject_8,high,healthy,log/EEG 95.8/71.7 min; markers 72/72; residual 0.0000s,Strong complete marker-timing match,Use mapped recording in Silver preprocessing
lab_subject_9 — sub-P009_ses-S001_task-Default_run-001_eeg.xdf,lab_subject_9,high,healthy_with_duplicate_markers,log/EEG 94.4/56.6 min; markers 72/72; residual 0.0000s,Complete timing match with additional duplicate XDF markers,Use Silver canonical markers; retain raw extras in Bronze
lab_subject_10 — sub-P010_ses-S001_task-Default_run-001_eeg.xdf,lab_subject_10,high,healthy_with_duplicate_markers,log/EEG 68.4/64.5 min; markers 72/72; residual 0.0000s,Complete timing match with additional duplicate XDF markers,Use Silver canonical markers; retain raw extras in Bronze
lab_subject_11 — sub-P011_ses-S001_task-Default_run-001_eeg.xdf,lab_subject_11,high,healthy_with_duplicate_markers,log/EEG 62.3/62.3 min; markers 72/72; residual 0.0000s,Complete timing match with additional duplicate XDF markers,Use Silver canonical markers; retain raw extras in Bronze
lab_subject_12 — sub-P012_ses-S001_task-Default_run-001_eeg.xdf,lab_subject_12,high,healthy_with_duplicate_markers,log/EEG 99.8/60.7 min; markers 72/72; residual 0.0000s,Complete timing match with additional duplicate XDF markers,Use Silver canonical markers; retain raw extras in Bronze
lab_subject_13 — sub-P013_ses-S001_task-Default_run-001_eeg.xdf,lab_subject_13,high,healthy,log/EEG 75.2/46.1 min; markers 72/72; residual 0.0000s,Strong complete marker-timing match,Use mapped recording in Silver preprocessing
lab_subject_14 — sub-P014_ses-S001_task-Default_run-001_eeg.xdf,lab_subject_14,high,healthy_with_duplicate_markers,log/EEG 66.5/61.0 min; markers 72/72; residual 0.0000s,Complete timing match with additional duplicate XDF markers,Use Silver canonical markers; retain raw extras in Bronze
lab_subject_15 — sub-P015_ses-S001_task-Default_run-001_eeg.xdf,lab_subject_15,high,healthy_with_duplicate_markers,log/EEG 102.6/72.0 min; markers 72/72; residual 0.0000s,Complete timing match with additional duplicate XDF markers,Use Silver canonical markers; retain raw extras in Bronze
lab_subject_16 — sub-P016_ses-S001_task-Default_run-001_eeg.xdf,lab_subject_16,high,healthy_with_duplicate_markers,log/EEG 47.1/47.6 min; markers 72/72; residual 0.0000s,Complete timing match with additional duplicate XDF markers,Use Silver canonical markers; retain raw extras in Bronze
lab_subject_17 — sub-P017_ses-S001_task-Default_run-001_eeg.xdf,lab_subject_17,high,healthy,log/EEG 38.0/38.0 min; markers 72/72; residual 0.0000s,Strong complete marker-timing match,Use mapped recording in Silver preprocessing
lab_subject_18 — sub-P018_ses-S001_task-Default_run-001_eeg.xdf,lab_subject_18,high,healthy_with_duplicate_markers,log/EEG 47.9/48.0 min; markers 72/72; residual 0.0000s,Complete timing match with additional duplicate XDF markers,Use Silver canonical markers; retain raw extras in Bronze
lab_subject_19 — sub-P019_ses-S001_task-Default_run-001_eeg.xdf,lab_subject_19,high,partial_reconstructable,log/EEG 58.4/58.0 min; markers 71/72; residual 0.0000s,Strong timing match but 1 expected markers are unmatched,Use governed Silver reconstruction and event eligibility
