subject_id,contrast_id,feature,feature_tier,difference
lab_subject_1,any_ad_vs_no_ads,fz_theta_power_db_uv2,primary,-0.21105705704143407
lab_subject_1,inline_vs_block,fz_theta_power_db_uv2,primary,-0.3275292643237373
lab_subject_1,early_vs_late,fz_theta_power_db_uv2,primary,-0.1367776712396136
lab_subject_1,format_x_timing,fz_theta_power_db_uv2,primary,-0.03972712601272832
lab_subject_11,any_ad_vs_no_ads,fz_theta_power_db_uv2,primary,-0.03156271519917375
lab_subject_11,inline_vs_block,fz_theta_power_db_uv2,primary,0.024474584614090134
lab_subject_11,early_vs_late,fz_theta_power_db_uv2,primary,-0.17624587528337088
lab_subject_11,format_x_timing,fz_theta_power_db_uv2,primary,2.4608407351909136
lab_subject_12,any_ad_vs_no_ads,fz_theta_power_db_uv2,primary,-0.02989905437120477
lab_subject_12,inline_vs_block,fz_theta_power_db_uv2,primary,-0.3627039989752294
lab_subject_12,early_vs_late,fz_theta_power_db_uv2,primary,0.23837595229166375
lab_subject_12,format_x_timing,fz_theta_power_db_uv2,primary,-0.5655137851112961
lab_subject_13,any_ad_vs_no_ads,fz_theta_power_db_uv2,primary,-0.06594227902962224
lab_subject_13,inline_vs_block,fz_theta_power_db_uv2,primary,-1.3692576679469042
lab_subject_13,early_vs_late,fz_theta_power_db_uv2,primary,0.1664041502322391
lab_subject_13,format_x_timing,fz_theta_power_db_uv2,primary,2.9631255353518426
lab_subject_15,any_ad_vs_no_ads,fz_theta_power_db_uv2,primary,-0.33868511306849225
lab_subject_15,inline_vs_block,fz_theta_power_db_uv2,primary,0.25522174079121207
lab_subject_15,early_vs_late,fz_theta_power_db_uv2,primary,-0.1606331708507991
lab_subject_15,format_x_timing,fz_theta_power_db_uv2,primary,-0.053861383401430096
lab_subject_16,any_ad_vs_no_ads,fz_theta_power_db_uv2,primary,0.8685446372482346
lab_subject_16,inline_vs_block,fz_theta_power_db_uv2,primary,0.485288169693181
lab_subject_16,early_vs_late,fz_theta_power_db_uv2,primary,-1.1735429061401632
lab_subject_16,format_x_timing,fz_theta_power_db_uv2,primary,0.4464836231546414
lab_subject_18,any_ad_vs_no_ads,fz_theta_power_db_uv2,primary,0.14637585824509713
lab_subject_18,inline_vs_block,fz_theta_power_db_uv2,primary,0.10406273998215454
lab_subject_18,early_vs_late,fz_theta_power_db_uv2,primary,0.03847798271077352
lab_subject_18,format_x_timing,fz_theta_power_db_uv2,primary,-0.15060090973345552
lab_subject_19,any_ad_vs_no_ads,fz_theta_power_db_uv2,primary,0.20919616095780835
lab_subject_19,inline_vs_block,fz_theta_power_db_uv2,primary,-0.24726900923283068
lab_subject_19,early_vs_late,fz_theta_power_db_uv2,primary,-0.15144361460231082
lab_subject_19,format_x_timing,fz_theta_power_db_uv2,primary,0.006615590697078844
lab_subject_2,any_ad_vs_no_ads,fz_theta_power_db_uv2,primary,0.6393507287038034
lab_subject_2,inline_vs_block,fz_theta_power_db_uv2,primary,0.25089518154559975
lab_subject_2,early_vs_late,fz_theta_power_db_uv2,primary,-0.17782087045361727
lab_subject_2,format_x_timing,fz_theta_power_db_uv2,primary,1.180630303228245
lab_subject_3,any_ad_vs_no_ads,fz_theta_power_db_uv2,primary,0.12302814906781379
lab_subject_3,inline_vs_block,fz_theta_power_db_uv2,primary,-0.557684313399168
lab_subject_3,early_vs_late,fz_theta_power_db_uv2,primary,-0.32204100841233085
lab_subject_3,format_x_timing,fz_theta_power_db_uv2,primary,0.030005542105381977
lab_subject_5,any_ad_vs_no_ads,fz_theta_power_db_uv2,primary,-0.6605457071782723
lab_subject_5,inline_vs_block,fz_theta_power_db_uv2,primary,-0.3367998228280573
lab_subject_5,early_vs_late,fz_theta_power_db_uv2,primary,0.509766549354767
lab_subject_5,format_x_timing,fz_theta_power_db_uv2,primary,0.08047875964967588
lab_subject_6,any_ad_vs_no_ads,fz_theta_power_db_uv2,primary,0.0500281021430542
lab_subject_6,inline_vs_block,fz_theta_power_db_uv2,primary,0.018084650970290994
lab_subject_6,early_vs_late,fz_theta_power_db_uv2,primary,0.08452940616900051
lab_subject_6,format_x_timing,fz_theta_power_db_uv2,primary,0.0035099755216894124
lab_subject_7,any_ad_vs_no_ads,fz_theta_power_db_uv2,primary,-1.515972964101758
lab_subject_7,inline_vs_block,fz_theta_power_db_uv2,primary,-0.6336097516288461
lab_subject_7,early_vs_late,fz_theta_power_db_uv2,primary,-0.49759948640497154
lab_subject_7,format_x_timing,fz_theta_power_db_uv2,primary,0.6118138778018691
lab_subject_8,any_ad_vs_no_ads,fz_theta_power_db_uv2,primary,-0.24583075247572417
lab_subject_8,inline_vs_block,fz_theta_power_db_uv2,primary,0.450619001625169
lab_subject_8,early_vs_late,fz_theta_power_db_uv2,primary,-0.07735196793066557
lab_subject_8,format_x_timing,fz_theta_power_db_uv2,primary,0.26697729929654557
lab_subject_9,any_ad_vs_no_ads,fz_theta_power_db_uv2,primary,0.16573092009162238
lab_subject_9,inline_vs_block,fz_theta_power_db_uv2,primary,0.16280095485374524
lab_subject_9,early_vs_late,fz_theta_power_db_uv2,primary,0.35445991452392533
lab_subject_9,format_x_timing,fz_theta_power_db_uv2,primary,-0.6394367433209975
lab_subject_1,any_ad_vs_no_ads,posterior_alpha_power_db_uv2,primary,0.4012775991576669
lab_subject_1,inline_vs_block,posterior_alpha_power_db_uv2,primary,-0.9281369777068953
lab_subject_1,early_vs_late,posterior_alpha_power_db_uv2,primary,-0.23950138162635604
lab_subject_1,format_x_timing,posterior_alpha_power_db_uv2,primary,1.1097210775876665
lab_subject_11,any_ad_vs_no_ads,posterior_alpha_power_db_uv2,primary,-0.2783611997711919
lab_subject_11,inline_vs_block,posterior_alpha_power_db_uv2,primary,0.16487005591164738
lab_subject_11,early_vs_late,posterior_alpha_power_db_uv2,primary,-0.0939705552027128
lab_subject_11,format_x_timing,posterior_alpha_power_db_uv2,primary,-2.1805456185010073
lab_subject_12,any_ad_vs_no_ads,posterior_alpha_power_db_uv2,primary,0.21361578022234795
lab_subject_12,inline_vs_block,posterior_alpha_power_db_uv2,primary,0.3930845986697573
lab_subject_12,early_vs_late,posterior_alpha_power_db_uv2,primary,-0.22406297900781524
lab_subject_12,format_x_timing,posterior_alpha_power_db_uv2,primary,-0.24127942219609189
lab_subject_13,any_ad_vs_no_ads,posterior_alpha_power_db_uv2,primary,0.14022523920509755
lab_subject_13,inline_vs_block,posterior_alpha_power_db_uv2,primary,-1.0793953190862284
lab_subject_13,early_vs_late,posterior_alpha_power_db_uv2,primary,-0.3392065553883059
lab_subject_13,format_x_timing,posterior_alpha_power_db_uv2,primary,1.748003883726148
lab_subject_15,any_ad_vs_no_ads,posterior_alpha_power_db_uv2,primary,-0.14919181582597574
lab_subject_15,inline_vs_block,posterior_alpha_power_db_uv2,primary,0.27899827440647407
lab_subject_15,early_vs_late,posterior_alpha_power_db_uv2,primary,-0.1692281978687955
lab_subject_15,format_x_timing,posterior_alpha_power_db_uv2,primary,-0.3383838364007974
lab_subject_16,any_ad_vs_no_ads,posterior_alpha_power_db_uv2,primary,0.690042314387477
lab_subject_16,inline_vs_block,posterior_alpha_power_db_uv2,primary,0.1173616799877637
lab_subject_16,early_vs_late,posterior_alpha_power_db_uv2,primary,-0.16107934435406523
lab_subject_16,format_x_timing,posterior_alpha_power_db_uv2,primary,-0.6242058346695485
lab_subject_18,any_ad_vs_no_ads,posterior_alpha_power_db_uv2,primary,-0.1350302919478379
lab_subject_18,inline_vs_block,posterior_alpha_power_db_uv2,primary,0.5128553214258531
lab_subject_18,early_vs_late,posterior_alpha_power_db_uv2,primary,-0.32765631669965245
lab_subject_18,format_x_timing,posterior_alpha_power_db_uv2,primary,-0.39224274815124005
lab_subject_19,any_ad_vs_no_ads,posterior_alpha_power_db_uv2,primary,0.09086667795896286
lab_subject_19,inline_vs_block,posterior_alpha_power_db_uv2,primary,-0.2994627451072187
lab_subject_19,early_vs_late,posterior_alpha_power_db_uv2,primary,0.17773862013408426
lab_subject_19,format_x_timing,posterior_alpha_power_db_uv2,primary,0.18854125699795787
lab_subject_2,any_ad_vs_no_ads,posterior_alpha_power_db_uv2,primary,0.24412323071607034
lab_subject_2,inline_vs_block,posterior_alpha_power_db_uv2,primary,-0.3588166729432736
lab_subject_2,early_vs_late,posterior_alpha_power_db_uv2,primary,0.08192150082220806
lab_subject_2,format_x_timing,posterior_alpha_power_db_uv2,primary,2.776371831697701
lab_subject_3,any_ad_vs_no_ads,posterior_alpha_power_db_uv2,primary,-0.42899463892769063
lab_subject_3,inline_vs_block,posterior_alpha_power_db_uv2,primary,-0.1451967853631535
lab_subject_3,early_vs_late,posterior_alpha_power_db_uv2,primary,-0.4678298965168306
lab_subject_3,format_x_timing,posterior_alpha_power_db_uv2,primary,1.3394193174183409
lab_subject_5,any_ad_vs_no_ads,posterior_alpha_power_db_uv2,primary,0.0921315105836289
lab_subject_5,inline_vs_block,posterior_alpha_power_db_uv2,primary,-0.3332270132688384
lab_subject_5,early_vs_late,posterior_alpha_power_db_uv2,primary,0.2476811820969127
lab_subject_5,format_x_timing,posterior_alpha_power_db_uv2,primary,-0.3661693272101969
lab_subject_6,any_ad_vs_no_ads,posterior_alpha_power_db_uv2,primary,0.3729362472711255
lab_subject_6,inline_vs_block,posterior_alpha_power_db_uv2,primary,0.10597439269108744
lab_subject_6,early_vs_late,posterior_alpha_power_db_uv2,primary,0.009966702794053539
lab_subject_6,format_x_timing,posterior_alpha_power_db_uv2,primary,-0.1881491550422174
lab_subject_7,any_ad_vs_no_ads,posterior_alpha_power_db_uv2,primary,-0.45337598596078843
lab_subject_7,inline_vs_block,posterior_alpha_power_db_uv2,primary,-0.21338523984032065
lab_subject_7,early_vs_late,posterior_alpha_power_db_uv2,primary,-0.6477207932940128
lab_subject_7,format_x_timing,posterior_alpha_power_db_uv2,primary,0.2525704567531939
lab_subject_8,any_ad_vs_no_ads,posterior_alpha_power_db_uv2,primary,-0.0397038690454945
lab_subject_8,inline_vs_block,posterior_alpha_power_db_uv2,primary,0.17834933038776413
lab_subject_8,early_vs_late,posterior_alpha_power_db_uv2,primary,0.08201546468189136
lab_subject_8,format_x_timing,posterior_alpha_power_db_uv2,primary,-0.0898093646110123
lab_subject_9,any_ad_vs_no_ads,posterior_alpha_power_db_uv2,primary,0.5475823201277574
lab_subject_9,inline_vs_block,posterior_alpha_power_db_uv2,primary,0.3435998280680783
lab_subject_9,early_vs_late,posterior_alpha_power_db_uv2,primary,-0.04507312754513748
lab_subject_9,format_x_timing,posterior_alpha_power_db_uv2,primary,-0.1439645660408182
lab_subject_1,any_ad_vs_no_ads,theta_power_db_uv2,secondary_global,-0.7809814041534793
lab_subject_1,inline_vs_block,theta_power_db_uv2,secondary_global,-0.3720965126395974
lab_subject_1,early_vs_late,theta_power_db_uv2,secondary_global,0.12407960959023967
lab_subject_1,format_x_timing,theta_power_db_uv2,secondary_global,-0.03078011473697373
lab_subject_11,any_ad_vs_no_ads,theta_power_db_uv2,secondary_global,0.05232432974760215
lab_subject_11,inline_vs_block,theta_power_db_uv2,secondary_global,-0.3379598753042714
lab_subject_11,early_vs_late,theta_power_db_uv2,secondary_global,-0.26591833449369595
lab_subject_11,format_x_timing,theta_power_db_uv2,secondary_global,2.947010477750309
lab_subject_12,any_ad_vs_no_ads,theta_power_db_uv2,secondary_global,-0.5179944719327985
lab_subject_12,inline_vs_block,theta_power_db_uv2,secondary_global,-0.46839786989188426
lab_subject_12,early_vs_late,theta_power_db_uv2,secondary_global,0.5321986198564073
lab_subject_12,format_x_timing,theta_power_db_uv2,secondary_global,-0.9421207785466965
lab_subject_13,any_ad_vs_no_ads,theta_power_db_uv2,secondary_global,-0.22194830168352553
lab_subject_13,inline_vs_block,theta_power_db_uv2,secondary_global,-1.5477299670724403
lab_subject_13,early_vs_late,theta_power_db_uv2,secondary_global,0.3587444303759
lab_subject_13,format_x_timing,theta_power_db_uv2,secondary_global,3.109658836135086
lab_subject_15,any_ad_vs_no_ads,theta_power_db_uv2,secondary_global,-0.7591346072258638
lab_subject_15,inline_vs_block,theta_power_db_uv2,secondary_global,0.5763727677339716
lab_subject_15,early_vs_late,theta_power_db_uv2,secondary_global,-0.6719570468911087
lab_subject_15,format_x_timing,theta_power_db_uv2,secondary_global,-1.3209418722521669
lab_subject_16,any_ad_vs_no_ads,theta_power_db_uv2,secondary_global,1.1349325364206546
lab_subject_16,inline_vs_block,theta_power_db_uv2,secondary_global,1.1987274872034828
lab_subject_16,early_vs_late,theta_power_db_uv2,secondary_global,-2.332407482166257
lab_subject_16,format_x_timing,theta_power_db_uv2,secondary_global,0.6097413798465556
lab_subject_18,any_ad_vs_no_ads,theta_power_db_uv2,secondary_global,-0.4564713943064662
lab_subject_18,inline_vs_block,theta_power_db_uv2,secondary_global,0.4458817514686215
lab_subject_18,early_vs_late,theta_power_db_uv2,secondary_global,0.8069137369510822
lab_subject_18,format_x_timing,theta_power_db_uv2,secondary_global,-0.04873645673109639
lab_subject_19,any_ad_vs_no_ads,theta_power_db_uv2,secondary_global,0.29220378056749396
lab_subject_19,inline_vs_block,theta_power_db_uv2,secondary_global,-0.15818614164154
lab_subject_19,early_vs_late,theta_power_db_uv2,secondary_global,-0.2449904101034086
lab_subject_19,format_x_timing,theta_power_db_uv2,secondary_global,-0.09389911313762411
lab_subject_2,any_ad_vs_no_ads,theta_power_db_uv2,secondary_global,0.6902915647324157
lab_subject_2,inline_vs_block,theta_power_db_uv2,secondary_global,0.3778814224697111
lab_subject_2,early_vs_late,theta_power_db_uv2,secondary_global,-0.21292476971464858
lab_subject_2,format_x_timing,theta_power_db_uv2,secondary_global,1.7015977443460564
lab_subject_3,any_ad_vs_no_ads,theta_power_db_uv2,secondary_global,0.4984040980716369
lab_subject_3,inline_vs_block,theta_power_db_uv2,secondary_global,-0.8640532050791769
lab_subject_3,early_vs_late,theta_power_db_uv2,secondary_global,-0.518456756208959
lab_subject_3,format_x_timing,theta_power_db_uv2,secondary_global,-0.19333587663867924
lab_subject_5,any_ad_vs_no_ads,theta_power_db_uv2,secondary_global,-0.2047302408698659
lab_subject_5,inline_vs_block,theta_power_db_uv2,secondary_global,-0.5105649924716928
lab_subject_5,early_vs_late,theta_power_db_uv2,secondary_global,0.17703669114048637
lab_subject_5,format_x_timing,theta_power_db_uv2,secondary_global,0.3721734209256802
lab_subject_6,any_ad_vs_no_ads,theta_power_db_uv2,secondary_global,0.33178361756466934
lab_subject_6,inline_vs_block,theta_power_db_uv2,secondary_global,-0.14549332090503952
lab_subject_6,early_vs_late,theta_power_db_uv2,secondary_global,-0.8508191394412492
lab_subject_6,format_x_timing,theta_power_db_uv2,secondary_global,-1.1965857851861372
lab_subject_7,any_ad_vs_no_ads,theta_power_db_uv2,secondary_global,-1.8539084755761284
lab_subject_7,inline_vs_block,theta_power_db_uv2,secondary_global,-0.38640289153197216
lab_subject_7,early_vs_late,theta_power_db_uv2,secondary_global,0.09799942768099612
lab_subject_7,format_x_timing,theta_power_db_uv2,secondary_global,0.04415530469208129
lab_subject_8,any_ad_vs_no_ads,theta_power_db_uv2,secondary_global,-0.5573834814334937
lab_subject_8,inline_vs_block,theta_power_db_uv2,secondary_global,0.2917231669138012
lab_subject_8,early_vs_late,theta_power_db_uv2,secondary_global,-0.09541599951956492
lab_subject_8,format_x_timing,theta_power_db_uv2,secondary_global,-0.23151990474986128
lab_subject_9,any_ad_vs_no_ads,theta_power_db_uv2,secondary_global,0.44480685682740706
lab_subject_9,inline_vs_block,theta_power_db_uv2,secondary_global,0.9238120308170785
lab_subject_9,early_vs_late,theta_power_db_uv2,secondary_global,0.12580986432494612
lab_subject_9,format_x_timing,theta_power_db_uv2,secondary_global,-1.101481255739568
lab_subject_1,any_ad_vs_no_ads,alpha_power_db_uv2,secondary_global,0.21906813682529336
lab_subject_1,inline_vs_block,alpha_power_db_uv2,secondary_global,-0.593295839659115
lab_subject_1,early_vs_late,alpha_power_db_uv2,secondary_global,-0.16755208340496885
lab_subject_1,format_x_timing,alpha_power_db_uv2,secondary_global,0.4652751662949983
lab_subject_11,any_ad_vs_no_ads,alpha_power_db_uv2,secondary_global,0.013161754164190853
lab_subject_11,inline_vs_block,alpha_power_db_uv2,secondary_global,-0.1817429110417983
lab_subject_11,early_vs_late,alpha_power_db_uv2,secondary_global,0.32712369948836173
lab_subject_11,format_x_timing,alpha_power_db_uv2,secondary_global,-0.8657783115017761
lab_subject_12,any_ad_vs_no_ads,alpha_power_db_uv2,secondary_global,-0.005148387939126309
lab_subject_12,inline_vs_block,alpha_power_db_uv2,secondary_global,-0.1619482547425779
lab_subject_12,early_vs_late,alpha_power_db_uv2,secondary_global,0.07315827326200441
lab_subject_12,format_x_timing,alpha_power_db_uv2,secondary_global,0.723606397914974
lab_subject_13,any_ad_vs_no_ads,alpha_power_db_uv2,secondary_global,0.2044778837188428
lab_subject_13,inline_vs_block,alpha_power_db_uv2,secondary_global,-1.36353510718806
lab_subject_13,early_vs_late,alpha_power_db_uv2,secondary_global,-0.3419428503797768
lab_subject_13,format_x_timing,alpha_power_db_uv2,secondary_global,2.1631470494611023
lab_subject_15,any_ad_vs_no_ads,alpha_power_db_uv2,secondary_global,-0.3501644414478893
lab_subject_15,inline_vs_block,alpha_power_db_uv2,secondary_global,0.3985294826008987
lab_subject_15,early_vs_late,alpha_power_db_uv2,secondary_global,-0.5409702062171613
lab_subject_15,format_x_timing,alpha_power_db_uv2,secondary_global,-0.6274223235809737
lab_subject_16,any_ad_vs_no_ads,alpha_power_db_uv2,secondary_global,0.1584046685926328
lab_subject_16,inline_vs_block,alpha_power_db_uv2,secondary_global,-0.043333111292190196
lab_subject_16,early_vs_late,alpha_power_db_uv2,secondary_global,-0.7054996628244323
lab_subject_16,format_x_timing,alpha_power_db_uv2,secondary_global,0.5344328815259312
lab_subject_18,any_ad_vs_no_ads,alpha_power_db_uv2,secondary_global,-0.0031880773224033376
lab_subject_18,inline_vs_block,alpha_power_db_uv2,secondary_global,0.1658449607452681
lab_subject_18,early_vs_late,alpha_power_db_uv2,secondary_global,0.25373390574928445
lab_subject_18,format_x_timing,alpha_power_db_uv2,secondary_global,0.12812469319249153
lab_subject_19,any_ad_vs_no_ads,alpha_power_db_uv2,secondary_global,0.25884584385870824
lab_subject_19,inline_vs_block,alpha_power_db_uv2,secondary_global,-0.4407882892978989
lab_subject_19,early_vs_late,alpha_power_db_uv2,secondary_global,-0.01716139725985588
lab_subject_19,format_x_timing,alpha_power_db_uv2,secondary_global,0.11353309470035544
lab_subject_2,any_ad_vs_no_ads,alpha_power_db_uv2,secondary_global,0.4519888447418072
lab_subject_2,inline_vs_block,alpha_power_db_uv2,secondary_global,-0.4293391967194111
lab_subject_2,early_vs_late,alpha_power_db_uv2,secondary_global,0.05070299626727692
lab_subject_2,format_x_timing,alpha_power_db_uv2,secondary_global,1.8049101847874098
lab_subject_3,any_ad_vs_no_ads,alpha_power_db_uv2,secondary_global,-0.1025799409417898
lab_subject_3,inline_vs_block,alpha_power_db_uv2,secondary_global,-0.2937082905890236
lab_subject_3,early_vs_late,alpha_power_db_uv2,secondary_global,-0.3261539348294402
lab_subject_3,format_x_timing,alpha_power_db_uv2,secondary_global,0.698852111465758
lab_subject_5,any_ad_vs_no_ads,alpha_power_db_uv2,secondary_global,-0.43663702878333677
lab_subject_5,inline_vs_block,alpha_power_db_uv2,secondary_global,-0.2425171255177041
lab_subject_5,early_vs_late,alpha_power_db_uv2,secondary_global,0.0985368844805734
lab_subject_5,format_x_timing,alpha_power_db_uv2,secondary_global,-0.13314884689310347
lab_subject_6,any_ad_vs_no_ads,alpha_power_db_uv2,secondary_global,0.4056529870543386
lab_subject_6,inline_vs_block,alpha_power_db_uv2,secondary_global,0.16566319128560814
lab_subject_6,early_vs_late,alpha_power_db_uv2,secondary_global,-0.17410830034918323
lab_subject_6,format_x_timing,alpha_power_db_uv2,secondary_global,-0.7307293993386006
lab_subject_7,any_ad_vs_no_ads,alpha_power_db_uv2,secondary_global,-1.0499387547870156
lab_subject_7,inline_vs_block,alpha_power_db_uv2,secondary_global,-0.4255140539106841
lab_subject_7,early_vs_late,alpha_power_db_uv2,secondary_global,-0.7642324547092669
lab_subject_7,format_x_timing,alpha_power_db_uv2,secondary_global,-0.13088108168776946
lab_subject_8,any_ad_vs_no_ads,alpha_power_db_uv2,secondary_global,-0.29820109975058795
lab_subject_8,inline_vs_block,alpha_power_db_uv2,secondary_global,0.3594064558672754
lab_subject_8,early_vs_late,alpha_power_db_uv2,secondary_global,-0.033108999178897314
lab_subject_8,format_x_timing,alpha_power_db_uv2,secondary_global,-0.07383228808118325
lab_subject_9,any_ad_vs_no_ads,alpha_power_db_uv2,secondary_global,0.17787666066157382
lab_subject_9,inline_vs_block,alpha_power_db_uv2,secondary_global,0.30630437897418794
lab_subject_9,early_vs_late,alpha_power_db_uv2,secondary_global,-0.2771175271304731
lab_subject_9,format_x_timing,alpha_power_db_uv2,secondary_global,-0.4126461041731444
lab_subject_1,any_ad_vs_no_ads,beta_power_db_uv2,secondary,0.7255148141028691
lab_subject_1,inline_vs_block,beta_power_db_uv2,secondary,-0.35412641379839727
lab_subject_1,early_vs_late,beta_power_db_uv2,secondary,0.022356934199354583
lab_subject_1,format_x_timing,beta_power_db_uv2,secondary,-0.06873559810082597
lab_subject_11,any_ad_vs_no_ads,beta_power_db_uv2,secondary,0.16721708003560742
lab_subject_11,inline_vs_block,beta_power_db_uv2,secondary,-0.14762504270072263
lab_subject_11,early_vs_late,beta_power_db_uv2,secondary,-0.40777833865128876
lab_subject_11,format_x_timing,beta_power_db_uv2,secondary,1.0424933051582084
lab_subject_12,any_ad_vs_no_ads,beta_power_db_uv2,secondary,0.0005177360615604698
lab_subject_12,inline_vs_block,beta_power_db_uv2,secondary,0.030900506996575317
lab_subject_12,early_vs_late,beta_power_db_uv2,secondary,0.42867317431509555
lab_subject_12,format_x_timing,beta_power_db_uv2,secondary,0.15052726416016426
lab_subject_13,any_ad_vs_no_ads,beta_power_db_uv2,secondary,-0.00606067019702472
lab_subject_13,inline_vs_block,beta_power_db_uv2,secondary,-0.5154353698282765
lab_subject_13,early_vs_late,beta_power_db_uv2,secondary,-0.6944365126524961
lab_subject_13,format_x_timing,beta_power_db_uv2,secondary,0.3715938753068322
lab_subject_15,any_ad_vs_no_ads,beta_power_db_uv2,secondary,0.21707915215767937
lab_subject_15,inline_vs_block,beta_power_db_uv2,secondary,0.7036377016414663
lab_subject_15,early_vs_late,beta_power_db_uv2,secondary,-0.3249588569279034
lab_subject_15,format_x_timing,beta_power_db_uv2,secondary,-0.11966272229271935
lab_subject_16,any_ad_vs_no_ads,beta_power_db_uv2,secondary,-0.15244778837453588
lab_subject_16,inline_vs_block,beta_power_db_uv2,secondary,-0.0381929609975149
lab_subject_16,early_vs_late,beta_power_db_uv2,secondary,0.5622215150162031
lab_subject_16,format_x_timing,beta_power_db_uv2,secondary,-0.027365663259079298
lab_subject_18,any_ad_vs_no_ads,beta_power_db_uv2,secondary,-0.3619564523459964
lab_subject_18,inline_vs_block,beta_power_db_uv2,secondary,0.6732043678370578
lab_subject_18,early_vs_late,beta_power_db_uv2,secondary,0.75069079934807
lab_subject_18,format_x_timing,beta_power_db_uv2,secondary,0.8397406329165182
lab_subject_19,any_ad_vs_no_ads,beta_power_db_uv2,secondary,-0.5053377249895057
lab_subject_19,inline_vs_block,beta_power_db_uv2,secondary,-0.11000856646164614
lab_subject_19,early_vs_late,beta_power_db_uv2,secondary,0.10305885230007839
lab_subject_19,format_x_timing,beta_power_db_uv2,secondary,0.24084093149991048
lab_subject_2,any_ad_vs_no_ads,beta_power_db_uv2,secondary,0.18126697600906105
lab_subject_2,inline_vs_block,beta_power_db_uv2,secondary,-1.0810276036941158
lab_subject_2,early_vs_late,beta_power_db_uv2,secondary,-0.09340575336982582
lab_subject_2,format_x_timing,beta_power_db_uv2,secondary,2.837440553812554
lab_subject_3,any_ad_vs_no_ads,beta_power_db_uv2,secondary,-0.37869252503211115
lab_subject_3,inline_vs_block,beta_power_db_uv2,secondary,0.24647743131350452
lab_subject_3,early_vs_late,beta_power_db_uv2,secondary,-0.3428972568304687
lab_subject_3,format_x_timing,beta_power_db_uv2,secondary,0.43107823998267847
lab_subject_5,any_ad_vs_no_ads,beta_power_db_uv2,secondary,-0.1115113335362139
lab_subject_5,inline_vs_block,beta_power_db_uv2,secondary,0.4258006140155999
lab_subject_5,early_vs_late,beta_power_db_uv2,secondary,-0.24224327536478896
lab_subject_5,format_x_timing,beta_power_db_uv2,secondary,1.2932723413800105
lab_subject_6,any_ad_vs_no_ads,beta_power_db_uv2,secondary,0.10192182011969564
lab_subject_6,inline_vs_block,beta_power_db_uv2,secondary,0.08993091388104357
lab_subject_6,early_vs_late,beta_power_db_uv2,secondary,-0.21104320360450224
lab_subject_6,format_x_timing,beta_power_db_uv2,secondary,-0.06650097038397629
lab_subject_7,any_ad_vs_no_ads,beta_power_db_uv2,secondary,-0.20834880267076628
lab_subject_7,inline_vs_block,beta_power_db_uv2,secondary,-0.592936736793714
lab_subject_7,early_vs_late,beta_power_db_uv2,secondary,-1.6158713807461496
lab_subject_7,format_x_timing,beta_power_db_uv2,secondary,-0.7686417133505179
lab_subject_8,any_ad_vs_no_ads,beta_power_db_uv2,secondary,0.17389388831009
lab_subject_8,inline_vs_block,beta_power_db_uv2,secondary,-0.1153610414295656
lab_subject_8,early_vs_late,beta_power_db_uv2,secondary,0.532960068622911
lab_subject_8,format_x_timing,beta_power_db_uv2,secondary,-0.7959234416600172
lab_subject_9,any_ad_vs_no_ads,beta_power_db_uv2,secondary,1.4349104242400799
lab_subject_9,inline_vs_block,beta_power_db_uv2,secondary,0.5256714987204489
lab_subject_9,early_vs_late,beta_power_db_uv2,secondary,0.4355430153791833
lab_subject_9,format_x_timing,beta_power_db_uv2,secondary,0.1273559129211268
lab_subject_1,any_ad_vs_no_ads,faa_log_f4_minus_f3,secondary,0.08319809616310403
lab_subject_1,inline_vs_block,faa_log_f4_minus_f3,secondary,-0.0822078829023658
lab_subject_1,early_vs_late,faa_log_f4_minus_f3,secondary,0.01389178273258107
lab_subject_1,format_x_timing,faa_log_f4_minus_f3,secondary,-0.06335023213230961
lab_subject_11,any_ad_vs_no_ads,faa_log_f4_minus_f3,secondary,-0.12017784118751162
lab_subject_11,inline_vs_block,faa_log_f4_minus_f3,secondary,-0.0350456010576945
lab_subject_11,early_vs_late,faa_log_f4_minus_f3,secondary,0.23373178907519865
lab_subject_11,format_x_timing,faa_log_f4_minus_f3,secondary,-0.07043389042394566
lab_subject_12,any_ad_vs_no_ads,faa_log_f4_minus_f3,secondary,0.14080614486839105
lab_subject_12,inline_vs_block,faa_log_f4_minus_f3,secondary,0.12150550487914824
lab_subject_12,early_vs_late,faa_log_f4_minus_f3,secondary,-0.003304260090696509
lab_subject_12,format_x_timing,faa_log_f4_minus_f3,secondary,0.20089356634116307
lab_subject_13,any_ad_vs_no_ads,faa_log_f4_minus_f3,secondary,0.15409366505722755
lab_subject_13,inline_vs_block,faa_log_f4_minus_f3,secondary,0.09122938001799064
lab_subject_13,early_vs_late,faa_log_f4_minus_f3,secondary,-0.2140554407284192
lab_subject_13,format_x_timing,faa_log_f4_minus_f3,secondary,-0.32904908582852244
lab_subject_15,any_ad_vs_no_ads,faa_log_f4_minus_f3,secondary,0.012746487401164242
lab_subject_15,inline_vs_block,faa_log_f4_minus_f3,secondary,0.09496376458704336
lab_subject_15,early_vs_late,faa_log_f4_minus_f3,secondary,-0.020764524710352283
lab_subject_15,format_x_timing,faa_log_f4_minus_f3,secondary,-0.22121706368548466
lab_subject_16,any_ad_vs_no_ads,faa_log_f4_minus_f3,secondary,-0.11596207370640155
lab_subject_16,inline_vs_block,faa_log_f4_minus_f3,secondary,-0.027138959485304426
lab_subject_16,early_vs_late,faa_log_f4_minus_f3,secondary,0.016976425058695455
lab_subject_16,format_x_timing,faa_log_f4_minus_f3,secondary,-0.359822500075051
lab_subject_18,any_ad_vs_no_ads,faa_log_f4_minus_f3,secondary,-0.025271664721217224
lab_subject_18,inline_vs_block,faa_log_f4_minus_f3,secondary,0.06678998513014367
lab_subject_18,early_vs_late,faa_log_f4_minus_f3,secondary,0.0429285884488424
lab_subject_18,format_x_timing,faa_log_f4_minus_f3,secondary,-0.09751587761973646
lab_subject_19,any_ad_vs_no_ads,faa_log_f4_minus_f3,secondary,0.03268500672627539
lab_subject_19,inline_vs_block,faa_log_f4_minus_f3,secondary,-0.041062487054496444
lab_subject_19,early_vs_late,faa_log_f4_minus_f3,secondary,-0.03857808510117877
lab_subject_19,format_x_timing,faa_log_f4_minus_f3,secondary,-0.018752345112886815
lab_subject_2,any_ad_vs_no_ads,faa_log_f4_minus_f3,secondary,0.16444589590571868
lab_subject_2,inline_vs_block,faa_log_f4_minus_f3,secondary,0.028683739598922564
lab_subject_2,early_vs_late,faa_log_f4_minus_f3,secondary,0.08726342360288886
lab_subject_2,format_x_timing,faa_log_f4_minus_f3,secondary,-0.01027193856309161
lab_subject_3,any_ad_vs_no_ads,faa_log_f4_minus_f3,secondary,0.10657153309636502
lab_subject_3,inline_vs_block,faa_log_f4_minus_f3,secondary,-0.044782607619277215
lab_subject_3,early_vs_late,faa_log_f4_minus_f3,secondary,-0.03803759680380203
lab_subject_3,format_x_timing,faa_log_f4_minus_f3,secondary,-0.14959746728316858
lab_subject_5,any_ad_vs_no_ads,faa_log_f4_minus_f3,secondary,0.03584474840646745
lab_subject_5,inline_vs_block,faa_log_f4_minus_f3,secondary,-0.021756506175700352
lab_subject_5,early_vs_late,faa_log_f4_minus_f3,secondary,0.18349946548041807
lab_subject_5,format_x_timing,faa_log_f4_minus_f3,secondary,0.16008934732179014
lab_subject_6,any_ad_vs_no_ads,faa_log_f4_minus_f3,secondary,-0.057197911283764835
lab_subject_6,inline_vs_block,faa_log_f4_minus_f3,secondary,-0.00666315587384414
lab_subject_6,early_vs_late,faa_log_f4_minus_f3,secondary,-0.017047683963206772
lab_subject_6,format_x_timing,faa_log_f4_minus_f3,secondary,0.02717538494233729
lab_subject_7,any_ad_vs_no_ads,faa_log_f4_minus_f3,secondary,-0.13919757092604934
lab_subject_7,inline_vs_block,faa_log_f4_minus_f3,secondary,0.08558954325687917
lab_subject_7,early_vs_late,faa_log_f4_minus_f3,secondary,0.3486139454319792
lab_subject_7,format_x_timing,faa_log_f4_minus_f3,secondary,0.013963593676523445
lab_subject_8,any_ad_vs_no_ads,faa_log_f4_minus_f3,secondary,-0.03329935377599913
lab_subject_8,inline_vs_block,faa_log_f4_minus_f3,secondary,-0.1050445234469688
lab_subject_8,early_vs_late,faa_log_f4_minus_f3,secondary,0.06830463129879227
lab_subject_8,format_x_timing,faa_log_f4_minus_f3,secondary,-0.16079421304301533
lab_subject_9,any_ad_vs_no_ads,faa_log_f4_minus_f3,secondary,-0.00881298117459206
lab_subject_9,inline_vs_block,faa_log_f4_minus_f3,secondary,-0.14192620452777227
lab_subject_9,early_vs_late,faa_log_f4_minus_f3,secondary,-0.016560544076241968
lab_subject_9,format_x_timing,faa_log_f4_minus_f3,secondary,-0.11430550288555708
lab_subject_1,any_ad_vs_no_ads,delta_power_db_uv2,exploratory,-0.4408581151931621
lab_subject_1,inline_vs_block,delta_power_db_uv2,exploratory,0.1641133389556515
lab_subject_1,early_vs_late,delta_power_db_uv2,exploratory,0.27160244979967985
lab_subject_1,format_x_timing,delta_power_db_uv2,exploratory,-0.183435687879701
lab_subject_11,any_ad_vs_no_ads,delta_power_db_uv2,exploratory,-0.4272358814993069
lab_subject_11,inline_vs_block,delta_power_db_uv2,exploratory,-0.8787886343306326
lab_subject_11,early_vs_late,delta_power_db_uv2,exploratory,-0.014580718647419388
lab_subject_11,format_x_timing,delta_power_db_uv2,exploratory,2.988146748700597
lab_subject_12,any_ad_vs_no_ads,delta_power_db_uv2,exploratory,-0.341108413231499
lab_subject_12,inline_vs_block,delta_power_db_uv2,exploratory,-0.07597508571800304
lab_subject_12,early_vs_late,delta_power_db_uv2,exploratory,0.031624363579776826
lab_subject_12,format_x_timing,delta_power_db_uv2,exploratory,-0.7579029764768812
lab_subject_13,any_ad_vs_no_ads,delta_power_db_uv2,exploratory,0.25059041902200363
lab_subject_13,inline_vs_block,delta_power_db_uv2,exploratory,-2.1070667838244326
lab_subject_13,early_vs_late,delta_power_db_uv2,exploratory,0.36595706045854115
lab_subject_13,format_x_timing,delta_power_db_uv2,exploratory,3.404737115572946
lab_subject_15,any_ad_vs_no_ads,delta_power_db_uv2,exploratory,-0.5478735522717315
lab_subject_15,inline_vs_block,delta_power_db_uv2,exploratory,-0.6362878480100314
lab_subject_15,early_vs_late,delta_power_db_uv2,exploratory,-0.026125162004596802
lab_subject_15,format_x_timing,delta_power_db_uv2,exploratory,-3.1062039389570906
lab_subject_16,any_ad_vs_no_ads,delta_power_db_uv2,exploratory,-0.16766398173009378
lab_subject_16,inline_vs_block,delta_power_db_uv2,exploratory,0.7539446236071079
lab_subject_16,early_vs_late,delta_power_db_uv2,exploratory,-1.4541871725750752
lab_subject_16,format_x_timing,delta_power_db_uv2,exploratory,0.402596337350861
lab_subject_18,any_ad_vs_no_ads,delta_power_db_uv2,exploratory,-2.3188474937975414
lab_subject_18,inline_vs_block,delta_power_db_uv2,exploratory,1.133041245139033
lab_subject_18,early_vs_late,delta_power_db_uv2,exploratory,1.1346816415677168
lab_subject_18,format_x_timing,delta_power_db_uv2,exploratory,1.507695584011742
lab_subject_19,any_ad_vs_no_ads,delta_power_db_uv2,exploratory,-0.008234224984672522
lab_subject_19,inline_vs_block,delta_power_db_uv2,exploratory,-0.3350343802969533
lab_subject_19,early_vs_late,delta_power_db_uv2,exploratory,0.45708188238690184
lab_subject_19,format_x_timing,delta_power_db_uv2,exploratory,-1.1435827557929272
lab_subject_2,any_ad_vs_no_ads,delta_power_db_uv2,exploratory,1.2780346911201406
lab_subject_2,inline_vs_block,delta_power_db_uv2,exploratory,0.16600107808498876
lab_subject_2,early_vs_late,delta_power_db_uv2,exploratory,0.37476663952785927
lab_subject_2,format_x_timing,delta_power_db_uv2,exploratory,0.689582733514225
lab_subject_3,any_ad_vs_no_ads,delta_power_db_uv2,exploratory,-0.13814158541885746
lab_subject_3,inline_vs_block,delta_power_db_uv2,exploratory,-0.547472323163035
lab_subject_3,early_vs_late,delta_power_db_uv2,exploratory,-0.40958763752946936
lab_subject_3,format_x_timing,delta_power_db_uv2,exploratory,0.3935057113231686
lab_subject_5,any_ad_vs_no_ads,delta_power_db_uv2,exploratory,-0.2933281581016658
lab_subject_5,inline_vs_block,delta_power_db_uv2,exploratory,-0.8451054449694198
lab_subject_5,early_vs_late,delta_power_db_uv2,exploratory,0.16773501284783876
lab_subject_5,format_x_timing,delta_power_db_uv2,exploratory,-0.5342992856150204
lab_subject_6,any_ad_vs_no_ads,delta_power_db_uv2,exploratory,0.3287228546959504
lab_subject_6,inline_vs_block,delta_power_db_uv2,exploratory,0.40600159213932585
lab_subject_6,early_vs_late,delta_power_db_uv2,exploratory,-1.1269960239734047
lab_subject_6,format_x_timing,delta_power_db_uv2,exploratory,-3.7169788285322625
lab_subject_7,any_ad_vs_no_ads,delta_power_db_uv2,exploratory,-1.2498854206088978
lab_subject_7,inline_vs_block,delta_power_db_uv2,exploratory,0.18030677733901612
lab_subject_7,early_vs_late,delta_power_db_uv2,exploratory,0.17728624895454814
lab_subject_7,format_x_timing,delta_power_db_uv2,exploratory,-0.5777730032513588
lab_subject_8,any_ad_vs_no_ads,delta_power_db_uv2,exploratory,-1.586107983135637
lab_subject_8,inline_vs_block,delta_power_db_uv2,exploratory,0.7973856269350286
lab_subject_8,early_vs_late,delta_power_db_uv2,exploratory,-0.07818448508584908
lab_subject_8,format_x_timing,delta_power_db_uv2,exploratory,0.08031412352100631
lab_subject_9,any_ad_vs_no_ads,delta_power_db_uv2,exploratory,0.3825467114533794
lab_subject_9,inline_vs_block,delta_power_db_uv2,exploratory,0.8684329796228951
lab_subject_9,early_vs_late,delta_power_db_uv2,exploratory,0.37251744627857164
lab_subject_9,format_x_timing,delta_power_db_uv2,exploratory,-3.3911080959036966
lab_subject_1,any_ad_vs_no_ads,gamma_power_db_uv2,exploratory,0.9481467991137018
lab_subject_1,inline_vs_block,gamma_power_db_uv2,exploratory,-0.37409571300527134
lab_subject_1,early_vs_late,gamma_power_db_uv2,exploratory,0.24095384257353025
lab_subject_1,format_x_timing,gamma_power_db_uv2,exploratory,-0.03249674975383776
lab_subject_11,any_ad_vs_no_ads,gamma_power_db_uv2,exploratory,0.3603744227056186
lab_subject_11,inline_vs_block,gamma_power_db_uv2,exploratory,-0.6030856857421063
lab_subject_11,early_vs_late,gamma_power_db_uv2,exploratory,-1.5818089099396893
lab_subject_11,format_x_timing,gamma_power_db_uv2,exploratory,3.721782403396722
lab_subject_12,any_ad_vs_no_ads,gamma_power_db_uv2,exploratory,-0.2848839216370307
lab_subject_12,inline_vs_block,gamma_power_db_uv2,exploratory,0.03518166268986045
lab_subject_12,early_vs_late,gamma_power_db_uv2,exploratory,0.6773949879552374
lab_subject_12,format_x_timing,gamma_power_db_uv2,exploratory,0.7871547472737033
lab_subject_13,any_ad_vs_no_ads,gamma_power_db_uv2,exploratory,0.42405577917653847
lab_subject_13,inline_vs_block,gamma_power_db_uv2,exploratory,-0.7721449189475604
lab_subject_13,early_vs_late,gamma_power_db_uv2,exploratory,-1.2677545388775193
lab_subject_13,format_x_timing,gamma_power_db_uv2,exploratory,0.41651856536841025
lab_subject_15,any_ad_vs_no_ads,gamma_power_db_uv2,exploratory,0.5985339613587866
lab_subject_15,inline_vs_block,gamma_power_db_uv2,exploratory,0.8611685460066355
lab_subject_15,early_vs_late,gamma_power_db_uv2,exploratory,-0.5263282277275936
lab_subject_15,format_x_timing,gamma_power_db_uv2,exploratory,0.238900363049523
lab_subject_16,any_ad_vs_no_ads,gamma_power_db_uv2,exploratory,-0.0787073122699411
lab_subject_16,inline_vs_block,gamma_power_db_uv2,exploratory,0.2846617668583944
lab_subject_16,early_vs_late,gamma_power_db_uv2,exploratory,0.5826935780663476
lab_subject_16,format_x_timing,gamma_power_db_uv2,exploratory,0.4636890361864401
lab_subject_18,any_ad_vs_no_ads,gamma_power_db_uv2,exploratory,-0.17604441545897398
lab_subject_18,inline_vs_block,gamma_power_db_uv2,exploratory,1.712275983994901
lab_subject_18,early_vs_late,gamma_power_db_uv2,exploratory,1.2369190711609002
lab_subject_18,format_x_timing,gamma_power_db_uv2,exploratory,0.5657461257502412
lab_subject_19,any_ad_vs_no_ads,gamma_power_db_uv2,exploratory,-1.1492694415043325
lab_subject_19,inline_vs_block,gamma_power_db_uv2,exploratory,0.8139082470518685
lab_subject_19,early_vs_late,gamma_power_db_uv2,exploratory,-0.012844304360615899
lab_subject_19,format_x_timing,gamma_power_db_uv2,exploratory,0.31664169228451955
lab_subject_2,any_ad_vs_no_ads,gamma_power_db_uv2,exploratory,0.05259497950523695
lab_subject_2,inline_vs_block,gamma_power_db_uv2,exploratory,-1.6196710716134115
lab_subject_2,early_vs_late,gamma_power_db_uv2,exploratory,-0.17198627306385728
lab_subject_2,format_x_timing,gamma_power_db_uv2,exploratory,6.066606891019436
lab_subject_3,any_ad_vs_no_ads,gamma_power_db_uv2,exploratory,-0.19457144263311132
lab_subject_3,inline_vs_block,gamma_power_db_uv2,exploratory,0.022548663514010414
lab_subject_3,early_vs_late,gamma_power_db_uv2,exploratory,-0.46886252212882207
lab_subject_3,format_x_timing,gamma_power_db_uv2,exploratory,1.009796075556773
lab_subject_5,any_ad_vs_no_ads,gamma_power_db_uv2,exploratory,-0.22978481521882888
lab_subject_5,inline_vs_block,gamma_power_db_uv2,exploratory,0.8948297671845591
lab_subject_5,early_vs_late,gamma_power_db_uv2,exploratory,-0.16397449948272147
lab_subject_5,format_x_timing,gamma_power_db_uv2,exploratory,1.7813008102624628
lab_subject_6,any_ad_vs_no_ads,gamma_power_db_uv2,exploratory,0.5811207981893638
lab_subject_6,inline_vs_block,gamma_power_db_uv2,exploratory,0.26749298480318484
lab_subject_6,early_vs_late,gamma_power_db_uv2,exploratory,-0.31303757190585846
lab_subject_6,format_x_timing,gamma_power_db_uv2,exploratory,0.029268816918308627
lab_subject_7,any_ad_vs_no_ads,gamma_power_db_uv2,exploratory,-0.21903306899814012
lab_subject_7,inline_vs_block,gamma_power_db_uv2,exploratory,-1.0895068794427125
lab_subject_7,early_vs_late,gamma_power_db_uv2,exploratory,-2.02898977819979
lab_subject_7,format_x_timing,gamma_power_db_uv2,exploratory,-1.6060300572359676
lab_subject_8,any_ad_vs_no_ads,gamma_power_db_uv2,exploratory,0.4902368497929004
lab_subject_8,inline_vs_block,gamma_power_db_uv2,exploratory,-0.4581326168313473
lab_subject_8,early_vs_late,gamma_power_db_uv2,exploratory,1.031672756865532
lab_subject_8,format_x_timing,gamma_power_db_uv2,exploratory,-2.0032579794974796
lab_subject_9,any_ad_vs_no_ads,gamma_power_db_uv2,exploratory,2.181013388989416
lab_subject_9,inline_vs_block,gamma_power_db_uv2,exploratory,0.5095206467329483
lab_subject_9,early_vs_late,gamma_power_db_uv2,exploratory,0.6130290991828291
lab_subject_9,format_x_timing,gamma_power_db_uv2,exploratory,1.3267609613509936
lab_subject_1,any_ad_vs_no_ads,delta_relative_power,exploratory,-0.028668196670725954
lab_subject_1,inline_vs_block,delta_relative_power,exploratory,0.02866248921422765
lab_subject_1,early_vs_late,delta_relative_power,exploratory,0.011840477098273627
lab_subject_1,format_x_timing,delta_relative_power,exploratory,0.009252903163432968
lab_subject_11,any_ad_vs_no_ads,delta_relative_power,exploratory,-0.01686449560882919
lab_subject_11,inline_vs_block,delta_relative_power,exploratory,-0.037763340897285946
lab_subject_11,early_vs_late,delta_relative_power,exploratory,0.012352767776482532
lab_subject_11,format_x_timing,delta_relative_power,exploratory,0.06644035967989326
lab_subject_12,any_ad_vs_no_ads,delta_relative_power,exploratory,0.010737067691697355
lab_subject_12,inline_vs_block,delta_relative_power,exploratory,0.00858044269216185
lab_subject_12,early_vs_late,delta_relative_power,exploratory,-0.0013909619146401653
lab_subject_12,format_x_timing,delta_relative_power,exploratory,-0.019999660787541895
lab_subject_13,any_ad_vs_no_ads,delta_relative_power,exploratory,0.03185964202521396
lab_subject_13,inline_vs_block,delta_relative_power,exploratory,-0.02598943488054306
lab_subject_13,early_vs_late,delta_relative_power,exploratory,0.007171725858354683
lab_subject_13,format_x_timing,delta_relative_power,exploratory,0.02846246741478542
lab_subject_15,any_ad_vs_no_ads,delta_relative_power,exploratory,-0.0043232937216033385
lab_subject_15,inline_vs_block,delta_relative_power,exploratory,-0.026965207668228297
lab_subject_15,early_vs_late,delta_relative_power,exploratory,-0.0006244228754432868
lab_subject_15,format_x_timing,delta_relative_power,exploratory,-0.05538141484563974
lab_subject_16,any_ad_vs_no_ads,delta_relative_power,exploratory,-0.008756025842238668
lab_subject_16,inline_vs_block,delta_relative_power,exploratory,0.0010630627100398637
lab_subject_16,early_vs_late,delta_relative_power,exploratory,-0.041644785925053385
lab_subject_16,format_x_timing,delta_relative_power,exploratory,0.018219902015109146
lab_subject_18,any_ad_vs_no_ads,delta_relative_power,exploratory,-0.023307631668350037
lab_subject_18,inline_vs_block,delta_relative_power,exploratory,0.020718270447224407
lab_subject_18,early_vs_late,delta_relative_power,exploratory,0.021906421769190776
lab_subject_18,format_x_timing,delta_relative_power,exploratory,0.011804382554460147
lab_subject_19,any_ad_vs_no_ads,delta_relative_power,exploratory,0.010840082650241056
lab_subject_19,inline_vs_block,delta_relative_power,exploratory,-0.0019190664139099312
lab_subject_19,early_vs_late,delta_relative_power,exploratory,0.01834959240316436
lab_subject_19,format_x_timing,delta_relative_power,exploratory,-0.020299531548206518
lab_subject_2,any_ad_vs_no_ads,delta_relative_power,exploratory,0.041346795305359896
lab_subject_2,inline_vs_block,delta_relative_power,exploratory,0.02596218885287571
lab_subject_2,early_vs_late,delta_relative_power,exploratory,-0.0018265545693346708
lab_subject_2,format_x_timing,delta_relative_power,exploratory,-0.036240598374271626
lab_subject_3,any_ad_vs_no_ads,delta_relative_power,exploratory,-0.018310184258209516
lab_subject_3,inline_vs_block,delta_relative_power,exploratory,-0.012629272538972725
lab_subject_3,early_vs_late,delta_relative_power,exploratory,0.0056846630757871885
lab_subject_3,format_x_timing,delta_relative_power,exploratory,0.01948866835183838
lab_subject_5,any_ad_vs_no_ads,delta_relative_power,exploratory,0.001345323093331463
lab_subject_5,inline_vs_block,delta_relative_power,exploratory,-0.005287976784377535
lab_subject_5,early_vs_late,delta_relative_power,exploratory,0.00863561225243481
lab_subject_5,format_x_timing,delta_relative_power,exploratory,-0.024281399315069452
lab_subject_6,any_ad_vs_no_ads,delta_relative_power,exploratory,-0.0028237436935228954
lab_subject_6,inline_vs_block,delta_relative_power,exploratory,0.0248339278869818
lab_subject_6,early_vs_late,delta_relative_power,exploratory,-0.021633371061389628
lab_subject_6,format_x_timing,delta_relative_power,exploratory,-0.10863911349436539
lab_subject_7,any_ad_vs_no_ads,delta_relative_power,exploratory,-0.00046165532501551976
lab_subject_7,inline_vs_block,delta_relative_power,exploratory,0.0004983281996822075
lab_subject_7,early_vs_late,delta_relative_power,exploratory,0.036699108695392946
lab_subject_7,format_x_timing,delta_relative_power,exploratory,0.026343287606421018
lab_subject_8,any_ad_vs_no_ads,delta_relative_power,exploratory,-0.03324134311228388
lab_subject_8,inline_vs_block,delta_relative_power,exploratory,0.021368525455522702
lab_subject_8,early_vs_late,delta_relative_power,exploratory,-0.011495666516857073
lab_subject_8,format_x_timing,delta_relative_power,exploratory,0.029952158283599317
lab_subject_9,any_ad_vs_no_ads,delta_relative_power,exploratory,-0.007050675513658677
lab_subject_9,inline_vs_block,delta_relative_power,exploratory,-0.004154274683885073
lab_subject_9,early_vs_late,delta_relative_power,exploratory,0.017448649434537944
lab_subject_9,format_x_timing,delta_relative_power,exploratory,-0.06799779089431168
lab_subject_1,any_ad_vs_no_ads,theta_relative_power,exploratory,-0.002106339278063113
lab_subject_1,inline_vs_block,theta_relative_power,exploratory,-0.0031472445537093496
lab_subject_1,early_vs_late,theta_relative_power,exploratory,-0.00038558206919975246
lab_subject_1,format_x_timing,theta_relative_power,exploratory,-0.006394362828988212
lab_subject_11,any_ad_vs_no_ads,theta_relative_power,exploratory,0.0063087013924331
lab_subject_11,inline_vs_block,theta_relative_power,exploratory,0.004380766329208391
lab_subject_11,early_vs_late,theta_relative_power,exploratory,0.0009250341428429509
lab_subject_11,format_x_timing,theta_relative_power,exploratory,-0.007215296053677572
lab_subject_12,any_ad_vs_no_ads,theta_relative_power,exploratory,-0.01698281416990899
lab_subject_12,inline_vs_block,theta_relative_power,exploratory,-0.014954728259750374
lab_subject_12,early_vs_late,theta_relative_power,exploratory,0.011191676008489762
lab_subject_12,format_x_timing,theta_relative_power,exploratory,0.002426700351361194
lab_subject_13,any_ad_vs_no_ads,theta_relative_power,exploratory,-0.005617140170598639
lab_subject_13,inline_vs_block,theta_relative_power,exploratory,0.014313372885183168
lab_subject_13,early_vs_late,theta_relative_power,exploratory,0.0020450467777764214
lab_subject_13,format_x_timing,theta_relative_power,exploratory,-0.012929886290104706
lab_subject_15,any_ad_vs_no_ads,theta_relative_power,exploratory,-0.003012156710250069
lab_subject_15,inline_vs_block,theta_relative_power,exploratory,0.013221731245169663
lab_subject_15,early_vs_late,theta_relative_power,exploratory,0.0063734526901314675
lab_subject_15,format_x_timing,theta_relative_power,exploratory,0.030658791551515706
lab_subject_16,any_ad_vs_no_ads,theta_relative_power,exploratory,-0.008402974311194383
lab_subject_16,inline_vs_block,theta_relative_power,exploratory,0.0045851373515837235
lab_subject_16,early_vs_late,theta_relative_power,exploratory,-0.012469790629310529
lab_subject_16,format_x_timing,theta_relative_power,exploratory,0.009223281356684598
lab_subject_18,any_ad_vs_no_ads,theta_relative_power,exploratory,0.015200400867819167
lab_subject_18,inline_vs_block,theta_relative_power,exploratory,-0.013989453903186719
lab_subject_18,early_vs_late,theta_relative_power,exploratory,-0.0007145389879501113
lab_subject_18,format_x_timing,theta_relative_power,exploratory,-0.01845609661430256
lab_subject_19,any_ad_vs_no_ads,theta_relative_power,exploratory,0.007096265210730854
lab_subject_19,inline_vs_block,theta_relative_power,exploratory,-0.003841435024421025
lab_subject_19,early_vs_late,theta_relative_power,exploratory,-0.006213610763046773
lab_subject_19,format_x_timing,theta_relative_power,exploratory,0.00659769848514119
lab_subject_2,any_ad_vs_no_ads,theta_relative_power,exploratory,-0.006408515024482572
lab_subject_2,inline_vs_block,theta_relative_power,exploratory,0.001718665017474516
lab_subject_2,early_vs_late,theta_relative_power,exploratory,-0.006626442007603733
lab_subject_2,format_x_timing,theta_relative_power,exploratory,0.018862459113144228
lab_subject_3,any_ad_vs_no_ads,theta_relative_power,exploratory,0.008500945848551184
lab_subject_3,inline_vs_block,theta_relative_power,exploratory,-0.012601785415811959
lab_subject_3,early_vs_late,theta_relative_power,exploratory,-0.0006407171420715063
lab_subject_3,format_x_timing,theta_relative_power,exploratory,-0.01177189760257348
lab_subject_5,any_ad_vs_no_ads,theta_relative_power,exploratory,0.001010749892915358
lab_subject_5,inline_vs_block,theta_relative_power,exploratory,-0.0074094971856081965
lab_subject_5,early_vs_late,theta_relative_power,exploratory,-0.005033675851080804
lab_subject_5,format_x_timing,theta_relative_power,exploratory,0.0016458510864277298
lab_subject_6,any_ad_vs_no_ads,theta_relative_power,exploratory,-0.0009119492575844768
lab_subject_6,inline_vs_block,theta_relative_power,exploratory,-0.009459782746477824
lab_subject_6,early_vs_late,theta_relative_power,exploratory,0.0023331141258698673
lab_subject_6,format_x_timing,theta_relative_power,exploratory,0.019616235344319208
lab_subject_7,any_ad_vs_no_ads,theta_relative_power,exploratory,-0.010471518136400779
lab_subject_7,inline_vs_block,theta_relative_power,exploratory,0.0010384173135403463
lab_subject_7,early_vs_late,theta_relative_power,exploratory,-0.004021211772162664
lab_subject_7,format_x_timing,theta_relative_power,exploratory,-0.0005316905038798558
lab_subject_8,any_ad_vs_no_ads,theta_relative_power,exploratory,0.004472457827893114
lab_subject_8,inline_vs_block,theta_relative_power,exploratory,-0.0023150408167137704
lab_subject_8,early_vs_late,theta_relative_power,exploratory,-0.001627145324732876
lab_subject_8,format_x_timing,theta_relative_power,exploratory,0.0020526023323123033
lab_subject_9,any_ad_vs_no_ads,theta_relative_power,exploratory,-0.00795559734779698
lab_subject_9,inline_vs_block,theta_relative_power,exploratory,0.007362912059748261
lab_subject_9,early_vs_late,theta_relative_power,exploratory,-0.006116578102124404
lab_subject_9,format_x_timing,theta_relative_power,exploratory,0.017718864929442246
lab_subject_1,any_ad_vs_no_ads,alpha_relative_power,exploratory,0.0029586090559908275
lab_subject_1,inline_vs_block,alpha_relative_power,exploratory,-0.0024034484338969764
lab_subject_1,early_vs_late,alpha_relative_power,exploratory,-0.0025707573333006474
lab_subject_1,format_x_timing,alpha_relative_power,exploratory,-0.002042239220787185
lab_subject_11,any_ad_vs_no_ads,alpha_relative_power,exploratory,0.004695845910192842
lab_subject_11,inline_vs_block,alpha_relative_power,exploratory,0.014529027591151537
lab_subject_11,early_vs_late,alpha_relative_power,exploratory,-0.007861122015314088
lab_subject_11,format_x_timing,alpha_relative_power,exploratory,-0.04144153109839703
lab_subject_12,any_ad_vs_no_ads,alpha_relative_power,exploratory,0.004383461335691098
lab_subject_12,inline_vs_block,alpha_relative_power,exploratory,-0.0015980929226161178
lab_subject_12,early_vs_late,alpha_relative_power,exploratory,-0.002464773317085542
lab_subject_12,format_x_timing,alpha_relative_power,exploratory,0.019760000407884004
lab_subject_13,any_ad_vs_no_ads,alpha_relative_power,exploratory,-0.004319754039388449
lab_subject_13,inline_vs_block,alpha_relative_power,exploratory,0.0028519337693628626
lab_subject_13,early_vs_late,alpha_relative_power,exploratory,-0.0022679244889316115
lab_subject_13,format_x_timing,alpha_relative_power,exploratory,-0.008111360912838827
lab_subject_15,any_ad_vs_no_ads,alpha_relative_power,exploratory,0.0005939848411260894
lab_subject_15,inline_vs_block,alpha_relative_power,exploratory,0.00267696813972664
lab_subject_15,early_vs_late,alpha_relative_power,exploratory,-0.0018997163335604597
lab_subject_15,format_x_timing,alpha_relative_power,exploratory,0.007645101649376131
lab_subject_16,any_ad_vs_no_ads,alpha_relative_power,exploratory,0.0036750905238968207
lab_subject_16,inline_vs_block,alpha_relative_power,exploratory,-0.004158125693719816
lab_subject_16,early_vs_late,alpha_relative_power,exploratory,0.004418963506080748
lab_subject_16,format_x_timing,alpha_relative_power,exploratory,-0.0006426674190432857
lab_subject_18,any_ad_vs_no_ads,alpha_relative_power,exploratory,0.008582823471512527
lab_subject_18,inline_vs_block,alpha_relative_power,exploratory,-0.005844698356385493
lab_subject_18,early_vs_late,alpha_relative_power,exploratory,-0.005010465196527494
lab_subject_18,format_x_timing,alpha_relative_power,exploratory,-0.0045475080405472205
lab_subject_19,any_ad_vs_no_ads,alpha_relative_power,exploratory,0.0003590762538427314
lab_subject_19,inline_vs_block,alpha_relative_power,exploratory,-0.003606942015507014
lab_subject_19,early_vs_late,alpha_relative_power,exploratory,-0.0021898864077041016
lab_subject_19,format_x_timing,alpha_relative_power,exploratory,0.006192922667045825
lab_subject_2,any_ad_vs_no_ads,alpha_relative_power,exploratory,-0.007815924340924991
lab_subject_2,inline_vs_block,alpha_relative_power,exploratory,-0.0039375086996522035
lab_subject_2,early_vs_late,alpha_relative_power,exploratory,-0.0008197849436554425
lab_subject_2,format_x_timing,alpha_relative_power,exploratory,0.003146537590198832
lab_subject_3,any_ad_vs_no_ads,alpha_relative_power,exploratory,-0.0017559769876526743
lab_subject_3,inline_vs_block,alpha_relative_power,exploratory,0.0006834013743642134
lab_subject_3,early_vs_late,alpha_relative_power,exploratory,0.003250285996868156
lab_subject_3,format_x_timing,alpha_relative_power,exploratory,0.005578193905877986
lab_subject_5,any_ad_vs_no_ads,alpha_relative_power,exploratory,-0.0015253310882091323
lab_subject_5,inline_vs_block,alpha_relative_power,exploratory,0.0024774240390545606
lab_subject_5,early_vs_late,alpha_relative_power,exploratory,0.0008944349384067234
lab_subject_5,format_x_timing,alpha_relative_power,exploratory,0.0026687579149421506
lab_subject_6,any_ad_vs_no_ads,alpha_relative_power,exploratory,-0.001764925342400088
lab_subject_6,inline_vs_block,alpha_relative_power,exploratory,-0.0018466254898478474
lab_subject_6,early_vs_late,alpha_relative_power,exploratory,0.0074550267011089105
lab_subject_6,format_x_timing,alpha_relative_power,exploratory,0.030060163633108997
lab_subject_7,any_ad_vs_no_ads,alpha_relative_power,exploratory,0.0010397746923378089
lab_subject_7,inline_vs_block,alpha_relative_power,exploratory,-0.0017650839370152265
lab_subject_7,early_vs_late,alpha_relative_power,exploratory,-0.0035490851600211946
lab_subject_7,format_x_timing,alpha_relative_power,exploratory,0.0018964944364688683
lab_subject_8,any_ad_vs_no_ads,alpha_relative_power,exploratory,0.007757704321228749
lab_subject_8,inline_vs_block,alpha_relative_power,exploratory,-0.0030271987619114246
lab_subject_8,early_vs_late,alpha_relative_power,exploratory,-0.00011636682574050344
lab_subject_8,format_x_timing,alpha_relative_power,exploratory,-0.0006837536694654853
lab_subject_9,any_ad_vs_no_ads,alpha_relative_power,exploratory,-0.0019895677423020265
lab_subject_9,inline_vs_block,alpha_relative_power,exploratory,-0.005321074881058062
lab_subject_9,early_vs_late,alpha_relative_power,exploratory,-0.0027872485353063574
lab_subject_9,format_x_timing,alpha_relative_power,exploratory,0.014864952348192458
lab_subject_1,any_ad_vs_no_ads,beta_relative_power,exploratory,0.02576621054301792
lab_subject_1,inline_vs_block,beta_relative_power,exploratory,-0.012114746857119302
lab_subject_1,early_vs_late,beta_relative_power,exploratory,-0.0021801771517943325
lab_subject_1,format_x_timing,beta_relative_power,exploratory,0.0026760394979270796
lab_subject_11,any_ad_vs_no_ads,beta_relative_power,exploratory,0.002408817343337477
lab_subject_11,inline_vs_block,beta_relative_power,exploratory,0.012054377277980692
lab_subject_11,early_vs_late,beta_relative_power,exploratory,-0.004636777546577826
lab_subject_11,format_x_timing,beta_relative_power,exploratory,-0.0254228642450239
lab_subject_12,any_ad_vs_no_ads,beta_relative_power,exploratory,0.0005542701446185419
lab_subject_12,inline_vs_block,beta_relative_power,exploratory,0.0008356658676226814
lab_subject_12,early_vs_late,beta_relative_power,exploratory,0.0006653124896976031
lab_subject_12,format_x_timing,beta_relative_power,exploratory,0.012934984452791565
lab_subject_13,any_ad_vs_no_ads,beta_relative_power,exploratory,-6.888243361481e-05
lab_subject_13,inline_vs_block,beta_relative_power,exploratory,0.005477056537529078
lab_subject_13,early_vs_late,beta_relative_power,exploratory,-0.004155855163095351
lab_subject_13,format_x_timing,beta_relative_power,exploratory,-0.012638573700390652
lab_subject_15,any_ad_vs_no_ads,beta_relative_power,exploratory,0.003680419527570058
lab_subject_15,inline_vs_block,beta_relative_power,exploratory,0.006307297721510695
lab_subject_15,early_vs_late,beta_relative_power,exploratory,0.003127154576729664
lab_subject_15,format_x_timing,beta_relative_power,exploratory,0.010192786026939505
lab_subject_16,any_ad_vs_no_ads,beta_relative_power,exploratory,0.006053242012588306
lab_subject_16,inline_vs_block,beta_relative_power,exploratory,-0.013949776789228
lab_subject_16,early_vs_late,beta_relative_power,exploratory,0.028851624646695384
lab_subject_16,format_x_timing,beta_relative_power,exploratory,-0.014938535758136147
lab_subject_18,any_ad_vs_no_ads,beta_relative_power,exploratory,0.0030818439969140105
lab_subject_18,inline_vs_block,beta_relative_power,exploratory,-0.004170944870201865
lab_subject_18,early_vs_late,beta_relative_power,exploratory,-0.013149966457856946
lab_subject_18,format_x_timing,beta_relative_power,exploratory,0.001031542403517327
lab_subject_19,any_ad_vs_no_ads,beta_relative_power,exploratory,-0.0029315237988323736
lab_subject_19,inline_vs_block,beta_relative_power,exploratory,0.0016415107040423024
lab_subject_19,early_vs_late,beta_relative_power,exploratory,-0.0017702330539398764
lab_subject_19,format_x_timing,beta_relative_power,exploratory,0.0066854564393031
lab_subject_2,any_ad_vs_no_ads,beta_relative_power,exploratory,-0.013144537815454327
lab_subject_2,inline_vs_block,beta_relative_power,exploratory,-0.01410295313900569
lab_subject_2,early_vs_late,beta_relative_power,exploratory,0.006312517222277228
lab_subject_2,format_x_timing,beta_relative_power,exploratory,0.004318630067862532
lab_subject_3,any_ad_vs_no_ads,beta_relative_power,exploratory,0.0016153037504957335
lab_subject_3,inline_vs_block,beta_relative_power,exploratory,0.008599891168117803
lab_subject_3,early_vs_late,beta_relative_power,exploratory,0.0010167241557397996
lab_subject_3,format_x_timing,beta_relative_power,exploratory,-0.004031636143255281
lab_subject_5,any_ad_vs_no_ads,beta_relative_power,exploratory,-0.0014404944337043576
lab_subject_5,inline_vs_block,beta_relative_power,exploratory,0.009141446821194901
lab_subject_5,early_vs_late,beta_relative_power,exploratory,-0.0018383339152545503
lab_subject_5,format_x_timing,beta_relative_power,exploratory,0.007581514993062661
lab_subject_6,any_ad_vs_no_ads,beta_relative_power,exploratory,-0.0020434038872500643
lab_subject_6,inline_vs_block,beta_relative_power,exploratory,-0.005194828898477957
lab_subject_6,early_vs_late,beta_relative_power,exploratory,0.011546333766712893
lab_subject_6,format_x_timing,beta_relative_power,exploratory,0.047650758520718345
lab_subject_7,any_ad_vs_no_ads,beta_relative_power,exploratory,0.009377712461230599
lab_subject_7,inline_vs_block,beta_relative_power,exploratory,0.001447737616510264
lab_subject_7,early_vs_late,beta_relative_power,exploratory,-0.016984141255145017
lab_subject_7,format_x_timing,beta_relative_power,exploratory,-0.0184251627634427
lab_subject_8,any_ad_vs_no_ads,beta_relative_power,exploratory,0.016937220352517886
lab_subject_8,inline_vs_block,beta_relative_power,exploratory,-0.012939377952394554
lab_subject_8,early_vs_late,beta_relative_power,exploratory,0.004455597428318914
lab_subject_8,format_x_timing,beta_relative_power,exploratory,-0.01056175243940912
lab_subject_9,any_ad_vs_no_ads,beta_relative_power,exploratory,0.011500768102182604
lab_subject_9,inline_vs_block,beta_relative_power,exploratory,-0.00022499713630097506
lab_subject_9,early_vs_late,beta_relative_power,exploratory,-0.0006656775167341103
lab_subject_9,format_x_timing,beta_relative_power,exploratory,0.0385488586908809
lab_subject_1,any_ad_vs_no_ads,gamma_relative_power,exploratory,0.011770619161159929
lab_subject_1,inline_vs_block,gamma_relative_power,exploratory,-0.003681990057032271
lab_subject_1,early_vs_late,gamma_relative_power,exploratory,0.00012116593142563747
lab_subject_1,format_x_timing,gamma_relative_power,exploratory,0.003634878817988803
lab_subject_11,any_ad_vs_no_ads,gamma_relative_power,exploratory,0.0002797385945976019
lab_subject_11,inline_vs_block,gamma_relative_power,exploratory,0.000540012494111633
lab_subject_11,early_vs_late,gamma_relative_power,exploratory,-0.0023095992260391343
lab_subject_11,format_x_timing,gamma_relative_power,exploratory,0.0019663918584275786
lab_subject_12,any_ad_vs_no_ads,gamma_relative_power,exploratory,-0.000801183245289383
lab_subject_12,inline_vs_block,gamma_relative_power,exploratory,0.00034091366545658565
lab_subject_12,early_vs_late,gamma_relative_power,exploratory,0.0007885573332959035
lab_subject_12,format_x_timing,gamma_relative_power,exploratory,0.003454380293254235
lab_subject_13,any_ad_vs_no_ads,gamma_relative_power,exploratory,0.0004112234548889499
lab_subject_13,inline_vs_block,gamma_relative_power,exploratory,0.001986855924620363
lab_subject_13,early_vs_late,gamma_relative_power,exploratory,-0.002369762013873045
lab_subject_13,format_x_timing,gamma_relative_power,exploratory,-0.005210022956781152
lab_subject_15,any_ad_vs_no_ads,gamma_relative_power,exploratory,0.0025973230338612414
lab_subject_15,inline_vs_block,gamma_relative_power,exploratory,0.0016797857867498576
lab_subject_15,early_vs_late,gamma_relative_power,exploratory,3.755463980083078e-05
lab_subject_15,format_x_timing,gamma_relative_power,exploratory,0.006115456637953375
lab_subject_16,any_ad_vs_no_ads,gamma_relative_power,exploratory,0.0028395073074976504
lab_subject_16,inline_vs_block,gamma_relative_power,exploratory,-0.008729081178034226
lab_subject_16,early_vs_late,gamma_relative_power,exploratory,0.018931914690036203
lab_subject_16,format_x_timing,gamma_relative_power,exploratory,-0.008796195611489841
lab_subject_18,any_ad_vs_no_ads,gamma_relative_power,exploratory,-0.0003196968363486513
lab_subject_18,inline_vs_block,gamma_relative_power,exploratory,0.005275696688943489
lab_subject_18,early_vs_late,gamma_relative_power,exploratory,0.003993499347881735
lab_subject_18,format_x_timing,gamma_relative_power,exploratory,-0.001132993945073206
lab_subject_19,any_ad_vs_no_ads,gamma_relative_power,exploratory,-0.0018017342405568341
lab_subject_19,inline_vs_block,gamma_relative_power,exploratory,0.0015203921740205226
lab_subject_19,early_vs_late,gamma_relative_power,exploratory,-0.0010581589706782288
lab_subject_19,format_x_timing,gamma_relative_power,exploratory,0.00140512297989338
lab_subject_2,any_ad_vs_no_ads,gamma_relative_power,exploratory,-0.0050614785734387074
lab_subject_2,inline_vs_block,gamma_relative_power,exploratory,-0.007674678534760004
lab_subject_2,early_vs_late,gamma_relative_power,exploratory,0.0014993621953189977
lab_subject_2,format_x_timing,gamma_relative_power,exploratory,0.01920646432042133
lab_subject_3,any_ad_vs_no_ads,gamma_relative_power,exploratory,0.0008470644237965133
lab_subject_3,inline_vs_block,gamma_relative_power,exploratory,0.0032071636873240994
lab_subject_3,early_vs_late,gamma_relative_power,exploratory,-0.002700749083354173
lab_subject_3,format_x_timing,gamma_relative_power,exploratory,-0.007528464764475551
lab_subject_5,any_ad_vs_no_ads,gamma_relative_power,exploratory,7.071056910958051e-05
lab_subject_5,inline_vs_block,gamma_relative_power,exploratory,0.003457819192578492
lab_subject_5,early_vs_late,gamma_relative_power,exploratory,-0.001042002757769108
lab_subject_5,format_x_timing,gamma_relative_power,exploratory,0.004279730762353632
lab_subject_6,any_ad_vs_no_ads,gamma_relative_power,exploratory,0.00036563279660957806
lab_subject_6,inline_vs_block,gamma_relative_power,exploratory,0.0002876886553966236
lab_subject_6,early_vs_late,gamma_relative_power,exploratory,0.003142619918600372
lab_subject_6,format_x_timing,gamma_relative_power,exploratory,0.01360332234267116
lab_subject_7,any_ad_vs_no_ads,gamma_relative_power,exploratory,0.006804669081030012
lab_subject_7,inline_vs_block,gamma_relative_power,exploratory,-0.0009500507556360199
lab_subject_7,early_vs_late,gamma_relative_power,exploratory,-0.01372425561491486
lab_subject_7,format_x_timing,gamma_relative_power,exploratory,-0.004248833274574589
lab_subject_8,any_ad_vs_no_ads,gamma_relative_power,exploratory,0.004931715464912417
lab_subject_8,inline_vs_block,gamma_relative_power,exploratory,-0.002793501152642191
lab_subject_8,early_vs_late,gamma_relative_power,exploratory,0.001022445768970065
lab_subject_8,format_x_timing,gamma_relative_power,exploratory,-0.008125453613682023
lab_subject_9,any_ad_vs_no_ads,gamma_relative_power,exploratory,0.009325348742114877
lab_subject_9,inline_vs_block,gamma_relative_power,exploratory,0.002047387741120201
lab_subject_9,early_vs_late,gamma_relative_power,exploratory,0.0023755437375245665
lab_subject_9,format_x_timing,gamma_relative_power,exploratory,0.02680577050930564
lab_subject_1,any_ad_vs_no_ads,engagement_beta_over_alpha_theta,exploratory,0.17791744424525613
lab_subject_1,inline_vs_block,engagement_beta_over_alpha_theta,exploratory,0.013188726099609527
lab_subject_1,early_vs_late,engagement_beta_over_alpha_theta,exploratory,-0.03490675420188116
lab_subject_1,format_x_timing,engagement_beta_over_alpha_theta,exploratory,-0.0028012376068886624
lab_subject_11,any_ad_vs_no_ads,engagement_beta_over_alpha_theta,exploratory,-0.011417496358246515
lab_subject_11,inline_vs_block,engagement_beta_over_alpha_theta,exploratory,0.024707104450941098
lab_subject_11,early_vs_late,engagement_beta_over_alpha_theta,exploratory,-0.014950541188936073
lab_subject_11,format_x_timing,engagement_beta_over_alpha_theta,exploratory,-0.03448617786074987
lab_subject_12,any_ad_vs_no_ads,engagement_beta_over_alpha_theta,exploratory,-0.011203437050379461
lab_subject_12,inline_vs_block,engagement_beta_over_alpha_theta,exploratory,0.010516000539075365
lab_subject_12,early_vs_late,engagement_beta_over_alpha_theta,exploratory,0.003716433494283772
lab_subject_12,format_x_timing,engagement_beta_over_alpha_theta,exploratory,0.04316268888228933
lab_subject_13,any_ad_vs_no_ads,engagement_beta_over_alpha_theta,exploratory,0.009062089692214587
lab_subject_13,inline_vs_block,engagement_beta_over_alpha_theta,exploratory,0.023172077131829907
lab_subject_13,early_vs_late,engagement_beta_over_alpha_theta,exploratory,-0.021268479120044217
lab_subject_13,format_x_timing,engagement_beta_over_alpha_theta,exploratory,-0.07251842132461803
lab_subject_15,any_ad_vs_no_ads,engagement_beta_over_alpha_theta,exploratory,0.053843559052857676
lab_subject_15,inline_vs_block,engagement_beta_over_alpha_theta,exploratory,0.0109465717578614
lab_subject_15,early_vs_late,engagement_beta_over_alpha_theta,exploratory,0.027714990509187964
lab_subject_15,format_x_timing,engagement_beta_over_alpha_theta,exploratory,0.03703845675248224
lab_subject_16,any_ad_vs_no_ads,engagement_beta_over_alpha_theta,exploratory,-0.18626804773231853
lab_subject_16,inline_vs_block,engagement_beta_over_alpha_theta,exploratory,-0.16266113743721822
lab_subject_16,early_vs_late,engagement_beta_over_alpha_theta,exploratory,0.32336672865144567
lab_subject_16,format_x_timing,engagement_beta_over_alpha_theta,exploratory,-0.17868315943970048
lab_subject_18,any_ad_vs_no_ads,engagement_beta_over_alpha_theta,exploratory,-0.019617074149888114
lab_subject_18,inline_vs_block,engagement_beta_over_alpha_theta,exploratory,0.07186933910650994
lab_subject_18,early_vs_late,engagement_beta_over_alpha_theta,exploratory,0.00018118042433745707
lab_subject_18,format_x_timing,engagement_beta_over_alpha_theta,exploratory,0.008351644504948519
lab_subject_19,any_ad_vs_no_ads,engagement_beta_over_alpha_theta,exploratory,-0.0838813417574652
lab_subject_19,inline_vs_block,engagement_beta_over_alpha_theta,exploratory,0.015315735324542556
lab_subject_19,early_vs_late,engagement_beta_over_alpha_theta,exploratory,0.011348927256671026
lab_subject_19,format_x_timing,engagement_beta_over_alpha_theta,exploratory,0.016940510746309756
lab_subject_2,any_ad_vs_no_ads,engagement_beta_over_alpha_theta,exploratory,-0.04504046600763445
lab_subject_2,inline_vs_block,engagement_beta_over_alpha_theta,exploratory,-0.1402347125457739
lab_subject_2,early_vs_late,engagement_beta_over_alpha_theta,exploratory,0.025910923906038996
lab_subject_2,format_x_timing,engagement_beta_over_alpha_theta,exploratory,0.09785225825049065
lab_subject_3,any_ad_vs_no_ads,engagement_beta_over_alpha_theta,exploratory,-0.043783900433437495
lab_subject_3,inline_vs_block,engagement_beta_over_alpha_theta,exploratory,0.0945837469309243
lab_subject_3,early_vs_late,engagement_beta_over_alpha_theta,exploratory,0.002202868216951037
lab_subject_3,format_x_timing,engagement_beta_over_alpha_theta,exploratory,0.04811266709741768
lab_subject_5,any_ad_vs_no_ads,engagement_beta_over_alpha_theta,exploratory,-0.008363317901168121
lab_subject_5,inline_vs_block,engagement_beta_over_alpha_theta,exploratory,0.05536950323597384
lab_subject_5,early_vs_late,engagement_beta_over_alpha_theta,exploratory,-9.957251664199918e-05
lab_subject_5,format_x_timing,engagement_beta_over_alpha_theta,exploratory,0.06642506327845818
lab_subject_6,any_ad_vs_no_ads,engagement_beta_over_alpha_theta,exploratory,-0.015808269815774156
lab_subject_6,inline_vs_block,engagement_beta_over_alpha_theta,exploratory,0.018998194650657607
lab_subject_6,early_vs_late,engagement_beta_over_alpha_theta,exploratory,0.030991133706821217
lab_subject_6,format_x_timing,engagement_beta_over_alpha_theta,exploratory,0.135963837225687
lab_subject_7,any_ad_vs_no_ads,engagement_beta_over_alpha_theta,exploratory,0.202629507711365
lab_subject_7,inline_vs_block,engagement_beta_over_alpha_theta,exploratory,0.0004111926430947488
lab_subject_7,early_vs_late,engagement_beta_over_alpha_theta,exploratory,-0.16876408793131703
lab_subject_7,format_x_timing,engagement_beta_over_alpha_theta,exploratory,-0.11650048414155778
lab_subject_8,any_ad_vs_no_ads,engagement_beta_over_alpha_theta,exploratory,0.07591263099360496
lab_subject_8,inline_vs_block,engagement_beta_over_alpha_theta,exploratory,-0.030205135965346797
lab_subject_8,early_vs_late,engagement_beta_over_alpha_theta,exploratory,0.030942064523785007
lab_subject_8,format_x_timing,engagement_beta_over_alpha_theta,exploratory,-0.08202241263033938
lab_subject_9,any_ad_vs_no_ads,engagement_beta_over_alpha_theta,exploratory,0.18083506739345206
lab_subject_9,inline_vs_block,engagement_beta_over_alpha_theta,exploratory,-0.009505718096281757
lab_subject_9,early_vs_late,engagement_beta_over_alpha_theta,exploratory,0.06291769309819639
lab_subject_9,format_x_timing,engagement_beta_over_alpha_theta,exploratory,0.14165227275362224
lab_subject_1,any_ad_vs_no_ads,engagement_pope_frontocentral_beta_over_alpha_theta,exploratory,0.3623808876528898
lab_subject_1,inline_vs_block,engagement_pope_frontocentral_beta_over_alpha_theta,exploratory,-0.09753270955156701
lab_subject_1,early_vs_late,engagement_pope_frontocentral_beta_over_alpha_theta,exploratory,-0.05929963954415096
lab_subject_1,format_x_timing,engagement_pope_frontocentral_beta_over_alpha_theta,exploratory,-0.06449570672370375
lab_subject_11,any_ad_vs_no_ads,engagement_pope_frontocentral_beta_over_alpha_theta,exploratory,0.00835881248569631
lab_subject_11,inline_vs_block,engagement_pope_frontocentral_beta_over_alpha_theta,exploratory,0.004025564045755048
lab_subject_11,early_vs_late,engagement_pope_frontocentral_beta_over_alpha_theta,exploratory,-0.012949955771759725
lab_subject_11,format_x_timing,engagement_pope_frontocentral_beta_over_alpha_theta,exploratory,0.03759258824594397
lab_subject_12,any_ad_vs_no_ads,engagement_pope_frontocentral_beta_over_alpha_theta,exploratory,-0.013070977193990474
lab_subject_12,inline_vs_block,engagement_pope_frontocentral_beta_over_alpha_theta,exploratory,0.02162166499946072
lab_subject_12,early_vs_late,engagement_pope_frontocentral_beta_over_alpha_theta,exploratory,-0.01733339310585258
lab_subject_12,format_x_timing,engagement_pope_frontocentral_beta_over_alpha_theta,exploratory,0.06329634094834002
lab_subject_13,any_ad_vs_no_ads,engagement_pope_frontocentral_beta_over_alpha_theta,exploratory,-0.018143064346307303
lab_subject_13,inline_vs_block,engagement_pope_frontocentral_beta_over_alpha_theta,exploratory,0.047800323145310936
lab_subject_13,early_vs_late,engagement_pope_frontocentral_beta_over_alpha_theta,exploratory,-0.02901367101073754
lab_subject_13,format_x_timing,engagement_pope_frontocentral_beta_over_alpha_theta,exploratory,-0.07489165843407784
lab_subject_15,any_ad_vs_no_ads,engagement_pope_frontocentral_beta_over_alpha_theta,exploratory,0.0626624579682441
lab_subject_15,inline_vs_block,engagement_pope_frontocentral_beta_over_alpha_theta,exploratory,0.016672825625055787
lab_subject_15,early_vs_late,engagement_pope_frontocentral_beta_over_alpha_theta,exploratory,0.025458662354354455
lab_subject_15,format_x_timing,engagement_pope_frontocentral_beta_over_alpha_theta,exploratory,0.07815558047684135
lab_subject_16,any_ad_vs_no_ads,engagement_pope_frontocentral_beta_over_alpha_theta,exploratory,-0.14329825739780866
lab_subject_16,inline_vs_block,engagement_pope_frontocentral_beta_over_alpha_theta,exploratory,-0.20342141738689723
lab_subject_16,early_vs_late,engagement_pope_frontocentral_beta_over_alpha_theta,exploratory,0.2480956785638717
lab_subject_16,format_x_timing,engagement_pope_frontocentral_beta_over_alpha_theta,exploratory,-0.05995996686012439
lab_subject_18,any_ad_vs_no_ads,engagement_pope_frontocentral_beta_over_alpha_theta,exploratory,0.05946159101513682
lab_subject_18,inline_vs_block,engagement_pope_frontocentral_beta_over_alpha_theta,exploratory,0.21404046419093958
lab_subject_18,early_vs_late,engagement_pope_frontocentral_beta_over_alpha_theta,exploratory,0.1043870980223528
lab_subject_18,format_x_timing,engagement_pope_frontocentral_beta_over_alpha_theta,exploratory,0.05566244701327405
lab_subject_19,any_ad_vs_no_ads,engagement_pope_frontocentral_beta_over_alpha_theta,exploratory,-0.06784782734642814
lab_subject_19,inline_vs_block,engagement_pope_frontocentral_beta_over_alpha_theta,exploratory,0.028867194751879655
lab_subject_19,early_vs_late,engagement_pope_frontocentral_beta_over_alpha_theta,exploratory,0.021339650491823625
lab_subject_19,format_x_timing,engagement_pope_frontocentral_beta_over_alpha_theta,exploratory,0.027300076959310526
lab_subject_2,any_ad_vs_no_ads,engagement_pope_frontocentral_beta_over_alpha_theta,exploratory,-0.01800571816290919
lab_subject_2,inline_vs_block,engagement_pope_frontocentral_beta_over_alpha_theta,exploratory,-0.0823936995939123
lab_subject_2,early_vs_late,engagement_pope_frontocentral_beta_over_alpha_theta,exploratory,-0.0070551496285664594
lab_subject_2,format_x_timing,engagement_pope_frontocentral_beta_over_alpha_theta,exploratory,0.08697535359115494
lab_subject_3,any_ad_vs_no_ads,engagement_pope_frontocentral_beta_over_alpha_theta,exploratory,-0.034770081155896415
lab_subject_3,inline_vs_block,engagement_pope_frontocentral_beta_over_alpha_theta,exploratory,0.10163679127067304
lab_subject_3,early_vs_late,engagement_pope_frontocentral_beta_over_alpha_theta,exploratory,-0.007541608940824007
lab_subject_3,format_x_timing,engagement_pope_frontocentral_beta_over_alpha_theta,exploratory,-0.10131037254062725
lab_subject_5,any_ad_vs_no_ads,engagement_pope_frontocentral_beta_over_alpha_theta,exploratory,0.0170052442583129
lab_subject_5,inline_vs_block,engagement_pope_frontocentral_beta_over_alpha_theta,exploratory,0.036042209793936464
lab_subject_5,early_vs_late,engagement_pope_frontocentral_beta_over_alpha_theta,exploratory,-0.021623659044402777
lab_subject_5,format_x_timing,engagement_pope_frontocentral_beta_over_alpha_theta,exploratory,-0.027662486311853418
lab_subject_6,any_ad_vs_no_ads,engagement_pope_frontocentral_beta_over_alpha_theta,exploratory,-0.004443946449777969
lab_subject_6,inline_vs_block,engagement_pope_frontocentral_beta_over_alpha_theta,exploratory,0.0482681273607225
lab_subject_6,early_vs_late,engagement_pope_frontocentral_beta_over_alpha_theta,exploratory,0.009353952692996326
lab_subject_6,format_x_timing,engagement_pope_frontocentral_beta_over_alpha_theta,exploratory,0.11573948684314372
lab_subject_7,any_ad_vs_no_ads,engagement_pope_frontocentral_beta_over_alpha_theta,exploratory,0.10481303342363435
lab_subject_7,inline_vs_block,engagement_pope_frontocentral_beta_over_alpha_theta,exploratory,-0.05613852964171695
lab_subject_7,early_vs_late,engagement_pope_frontocentral_beta_over_alpha_theta,exploratory,-0.16012079051203765
lab_subject_7,format_x_timing,engagement_pope_frontocentral_beta_over_alpha_theta,exploratory,-0.04568740333057275
lab_subject_8,any_ad_vs_no_ads,engagement_pope_frontocentral_beta_over_alpha_theta,exploratory,-0.0007154762842793705
lab_subject_8,inline_vs_block,engagement_pope_frontocentral_beta_over_alpha_theta,exploratory,-0.03227746320521441
lab_subject_8,early_vs_late,engagement_pope_frontocentral_beta_over_alpha_theta,exploratory,0.016471519243812294
lab_subject_8,format_x_timing,engagement_pope_frontocentral_beta_over_alpha_theta,exploratory,0.023093847181140603
lab_subject_9,any_ad_vs_no_ads,engagement_pope_frontocentral_beta_over_alpha_theta,exploratory,0.22440317775341856
lab_subject_9,inline_vs_block,engagement_pope_frontocentral_beta_over_alpha_theta,exploratory,0.20066909455862247
lab_subject_9,early_vs_late,engagement_pope_frontocentral_beta_over_alpha_theta,exploratory,0.15728963920197025
lab_subject_9,format_x_timing,engagement_pope_frontocentral_beta_over_alpha_theta,exploratory,0.5433504302985654
lab_subject_1,any_ad_vs_no_ads,engagement_kislov_central_beta16_24_over_alpha8_12,exploratory,1.4755624219115127
lab_subject_1,inline_vs_block,engagement_kislov_central_beta16_24_over_alpha8_12,exploratory,-0.2929140650536213
lab_subject_1,early_vs_late,engagement_kislov_central_beta16_24_over_alpha8_12,exploratory,-0.23558399241459949
lab_subject_1,format_x_timing,engagement_kislov_central_beta16_24_over_alpha8_12,exploratory,-1.1632200697179838
lab_subject_11,any_ad_vs_no_ads,engagement_kislov_central_beta16_24_over_alpha8_12,exploratory,0.04768905202248208
lab_subject_11,inline_vs_block,engagement_kislov_central_beta16_24_over_alpha8_12,exploratory,-0.038909429361611125
lab_subject_11,early_vs_late,engagement_kislov_central_beta16_24_over_alpha8_12,exploratory,-0.043966175884659675
lab_subject_11,format_x_timing,engagement_kislov_central_beta16_24_over_alpha8_12,exploratory,0.17333435445617085
lab_subject_12,any_ad_vs_no_ads,engagement_kislov_central_beta16_24_over_alpha8_12,exploratory,-0.058675679626522925
lab_subject_12,inline_vs_block,engagement_kislov_central_beta16_24_over_alpha8_12,exploratory,-0.020960710681209527
lab_subject_12,early_vs_late,engagement_kislov_central_beta16_24_over_alpha8_12,exploratory,-0.01846778996317211
lab_subject_12,format_x_timing,engagement_kislov_central_beta16_24_over_alpha8_12,exploratory,-0.009488853507425454
lab_subject_13,any_ad_vs_no_ads,engagement_kislov_central_beta16_24_over_alpha8_12,exploratory,-0.04614438019325284
lab_subject_13,inline_vs_block,engagement_kislov_central_beta16_24_over_alpha8_12,exploratory,0.11356618752784381
lab_subject_13,early_vs_late,engagement_kislov_central_beta16_24_over_alpha8_12,exploratory,-0.05048889559551928
lab_subject_13,format_x_timing,engagement_kislov_central_beta16_24_over_alpha8_12,exploratory,-0.27695815470040863
lab_subject_15,any_ad_vs_no_ads,engagement_kislov_central_beta16_24_over_alpha8_12,exploratory,0.05749560893412109
lab_subject_15,inline_vs_block,engagement_kislov_central_beta16_24_over_alpha8_12,exploratory,0.028142071006795333
lab_subject_15,early_vs_late,engagement_kislov_central_beta16_24_over_alpha8_12,exploratory,-0.0012336865109422446
lab_subject_15,format_x_timing,engagement_kislov_central_beta16_24_over_alpha8_12,exploratory,0.0178221051361922
lab_subject_16,any_ad_vs_no_ads,engagement_kislov_central_beta16_24_over_alpha8_12,exploratory,-0.11031974731363281
lab_subject_16,inline_vs_block,engagement_kislov_central_beta16_24_over_alpha8_12,exploratory,-0.14513159866087566
lab_subject_16,early_vs_late,engagement_kislov_central_beta16_24_over_alpha8_12,exploratory,0.27836005326294444
lab_subject_16,format_x_timing,engagement_kislov_central_beta16_24_over_alpha8_12,exploratory,-0.02516660643202373
lab_subject_18,any_ad_vs_no_ads,engagement_kislov_central_beta16_24_over_alpha8_12,exploratory,-0.060740332022131804
lab_subject_18,inline_vs_block,engagement_kislov_central_beta16_24_over_alpha8_12,exploratory,0.23305461515032544
lab_subject_18,early_vs_late,engagement_kislov_central_beta16_24_over_alpha8_12,exploratory,0.19276802704320994
lab_subject_18,format_x_timing,engagement_kislov_central_beta16_24_over_alpha8_12,exploratory,0.5835708756952935
lab_subject_19,any_ad_vs_no_ads,engagement_kislov_central_beta16_24_over_alpha8_12,exploratory,-0.31857941073394014
lab_subject_19,inline_vs_block,engagement_kislov_central_beta16_24_over_alpha8_12,exploratory,-0.021548692199877095
lab_subject_19,early_vs_late,engagement_kislov_central_beta16_24_over_alpha8_12,exploratory,0.03263769825649354
lab_subject_19,format_x_timing,engagement_kislov_central_beta16_24_over_alpha8_12,exploratory,0.37460951835144374
lab_subject_2,any_ad_vs_no_ads,engagement_kislov_central_beta16_24_over_alpha8_12,exploratory,-0.04471889267813056
lab_subject_2,inline_vs_block,engagement_kislov_central_beta16_24_over_alpha8_12,exploratory,0.1256411766943073
lab_subject_2,early_vs_late,engagement_kislov_central_beta16_24_over_alpha8_12,exploratory,0.15217474972316458
lab_subject_2,format_x_timing,engagement_kislov_central_beta16_24_over_alpha8_12,exploratory,0.23874066472481825
lab_subject_3,any_ad_vs_no_ads,engagement_kislov_central_beta16_24_over_alpha8_12,exploratory,-0.028419280267449998
lab_subject_3,inline_vs_block,engagement_kislov_central_beta16_24_over_alpha8_12,exploratory,0.059200238301288954
lab_subject_3,early_vs_late,engagement_kislov_central_beta16_24_over_alpha8_12,exploratory,-0.11850108877116128
lab_subject_3,format_x_timing,engagement_kislov_central_beta16_24_over_alpha8_12,exploratory,-0.16015789315119777
lab_subject_5,any_ad_vs_no_ads,engagement_kislov_central_beta16_24_over_alpha8_12,exploratory,-0.015473668180208677
lab_subject_5,inline_vs_block,engagement_kislov_central_beta16_24_over_alpha8_12,exploratory,0.023235151658971387
lab_subject_5,early_vs_late,engagement_kislov_central_beta16_24_over_alpha8_12,exploratory,-0.012824475751119446
lab_subject_5,format_x_timing,engagement_kislov_central_beta16_24_over_alpha8_12,exploratory,-0.0016567457578361422
lab_subject_6,any_ad_vs_no_ads,engagement_kislov_central_beta16_24_over_alpha8_12,exploratory,0.027766021067785696
lab_subject_6,inline_vs_block,engagement_kislov_central_beta16_24_over_alpha8_12,exploratory,-0.014422214252689747
lab_subject_6,early_vs_late,engagement_kislov_central_beta16_24_over_alpha8_12,exploratory,0.0005804457518432393
lab_subject_6,format_x_timing,engagement_kislov_central_beta16_24_over_alpha8_12,exploratory,0.006191844747898578
lab_subject_7,any_ad_vs_no_ads,engagement_kislov_central_beta16_24_over_alpha8_12,exploratory,-0.5430374810615521
lab_subject_7,inline_vs_block,engagement_kislov_central_beta16_24_over_alpha8_12,exploratory,-0.1980743448886748
lab_subject_7,early_vs_late,engagement_kislov_central_beta16_24_over_alpha8_12,exploratory,0.03861619074074829
lab_subject_7,format_x_timing,engagement_kislov_central_beta16_24_over_alpha8_12,exploratory,0.3441750186414625
lab_subject_8,any_ad_vs_no_ads,engagement_kislov_central_beta16_24_over_alpha8_12,exploratory,-0.013381574360570081
lab_subject_8,inline_vs_block,engagement_kislov_central_beta16_24_over_alpha8_12,exploratory,-0.16544237342732804
lab_subject_8,early_vs_late,engagement_kislov_central_beta16_24_over_alpha8_12,exploratory,0.22644562007107338
lab_subject_8,format_x_timing,engagement_kislov_central_beta16_24_over_alpha8_12,exploratory,-0.2221176212731275
lab_subject_9,any_ad_vs_no_ads,engagement_kislov_central_beta16_24_over_alpha8_12,exploratory,1.1208136053853237
lab_subject_9,inline_vs_block,engagement_kislov_central_beta16_24_over_alpha8_12,exploratory,1.1667459821586181
lab_subject_9,early_vs_late,engagement_kislov_central_beta16_24_over_alpha8_12,exploratory,0.5186580995464984
lab_subject_9,format_x_timing,engagement_kislov_central_beta16_24_over_alpha8_12,exploratory,1.4063885636054978
