family,outcome,pair,pair_label,a,b,n,mean,sd,ci95_lo,ci95_hi,dz,t,p_t,p_t_holm10,q_t_bh10,wilcoxon_w,p_wilcoxon,p_wilcoxon_holm10,q_wilcoxon_bh10,sig_t_holm10,sig_wilcoxon_holm10,verdict
surveys,trust,no_ads_vs_inline_early,no ad − implicit early,no_ads,inline_early,54,0.4444444444444444,1.8496982585813129,-0.04891117482289509,0.9378000637117839,0.24027943064904314,1.7656860023298395,0.0832085754260781,0.5824600279825467,0.20802143856519523,237.0,0.12486979882064485,0.8740885917445139,0.3121744970516121,False,False,neither
surveys,trust,no_ads_vs_inline_late,no ad − implicit late,no_ads,inline_late,54,0.09259259259259259,1.7832397749709472,-0.3830370726251887,0.5682222578103738,0.05192380401794319,0.3815604760447075,0.7043128858709821,1.0,0.7825698731899801,262.0,0.5353053436060997,1.0,0.6691316795076246,False,False,neither
surveys,trust,no_ads_vs_block_early,no ad − explicit early,no_ads,block_early,54,0.6851851851851852,1.8204713682986742,0.1996250268735743,1.170745343496796,0.3763778970198947,2.7658013944816062,0.007798221858170842,0.07798221858170842,0.07798221858170841,169.0,0.0029287215336978242,0.029287215336978242,0.029287215336978242,False,True,Wilcoxon only
surveys,trust,no_ads_vs_block_late,no ad − explicit late,no_ads,block_late,54,0.14814814814814814,1.9073582185484799,-0.36058666344126766,0.6568829597375639,0.07767190594165918,0.5707696107195419,0.5705680463134839,1.0,0.7132100578918549,420.5,0.894387225421358,1.0,0.9040984947328817,False,False,neither
surveys,trust,inline_early_vs_inline_late,implicit early − implicit late,inline_early,inline_late,54,-0.35185185185185186,1.9048835690404493,-0.8599266194395826,0.15622291573587888,-0.1847104240754677,-1.3573388674739675,0.18042564600853173,1.0,0.36085129201706345,309.0,0.1671930925892765,1.0,0.334386185178553,False,False,neither
surveys,trust,inline_early_vs_block_early,implicit early − explicit early,inline_early,block_early,54,0.24074074074074073,1.8827437343548035,-0.26142884106809927,0.7429103225495807,0.12786697220014387,0.9396265105349826,0.35167197670182015,1.0,0.5023885381454574,327.5,0.37048939831096095,1.0,0.5292705690156585,False,False,neither
surveys,trust,inline_early_vs_block_late,implicit early − explicit late,inline_early,block_late,54,-0.2962962962962963,2.015315225398219,-0.8338256400325131,0.24123304743992058,-0.14702230825341442,-1.0803889080811355,0.28486090917809637,1.0,0.47476818196349396,301.0,0.3050933965307747,1.0,0.5084889942179579,False,False,neither
surveys,trust,inline_late_vs_block_early,implicit late − explicit early,inline_late,block_early,54,0.5925925925925926,1.7539015109557246,0.1247880941793475,1.0603970910058376,0.3378710770764322,2.482835213045476,0.01623442470436918,0.1461098223393226,0.08117212352184588,146.5,0.02536389477487828,0.22827505297390452,0.1268194738743914,False,False,neither
surveys,trust,inline_late_vs_block_late,implicit late − explicit late,inline_late,block_late,54,0.05555555555555555,2.068785685815831,-0.496235547897121,0.6073466590082321,0.026854185978015928,0.1973371593118256,0.8443185688445909,1.0,0.8443185688445909,381.5,0.9040984947328817,1.0,0.9040984947328817,False,False,neither
surveys,trust,block_early_vs_block_late,explicit early − explicit late,block_early,block_late,54,-0.5370370370370371,2.143115022252043,-1.1086534258502263,0.03457935177615212,-0.25058712736412253,-1.8414317944557603,0.07115753512975008,0.5692602810380006,0.20802143856519523,172.5,0.08425895086891241,0.6740716069512993,0.2808631695630414,False,False,neither
surveys,credibility,no_ads_vs_inline_early,no ad − implicit early,no_ads,inline_early,54,0.3518518518518518,1.5573140704130173,-0.06351840869628528,0.7672221123999889,0.22593506251345735,1.66027685448537,0.10276464160112968,0.6460543691686855,0.20552928320225936,258.0,0.06475521173661264,0.5180416938929011,0.17993056213747355,False,False,neither
surveys,credibility,no_ads_vs_inline_late,no ad − implicit late,no_ads,inline_late,54,-0.0061728395061729,1.2396163955584316,-0.33680607206040714,0.3244603930480613,-0.004979636868542799,-0.036592708296841595,0.9709472373021223,1.0,0.9709472373021223,379.0,0.8775988361651534,1.0,0.9335379574899828,False,False,neither
surveys,credibility,no_ads_vs_block_early,no ad − explicit early,no_ads,block_early,54,0.2592592592592592,1.2211735543138067,-0.06645485780082422,0.5849733763193425,0.2123033686271894,1.5601047714318492,0.12468704150719304,0.6460543691686855,0.20781173584532173,243.5,0.039948378407803686,0.3595354056702332,0.17993056213747355,False,False,neither
surveys,credibility,no_ads_vs_block_late,no ad − explicit late,no_ads,block_late,54,-0.04320987654320992,1.149325381008795,-0.3497604895724747,0.2633407364860549,-0.037595860369222335,-0.2762720230365561,0.7834136308859377,1.0,0.903036897845156,344.0,0.9096344387149768,1.0,0.9335379574899828,False,False,neither
surveys,credibility,inline_early_vs_inline_late,implicit early − implicit late,inline_early,inline_late,54,-0.3580246913580247,1.477790650574703,-0.752184289108285,0.036134906392235544,-0.24227023714001122,-1.780315382568317,0.08075679614608569,0.6460543691686855,0.20552928320225936,353.0,0.09654445545416884,0.5792667327250131,0.1927146281786487,False,False,neither
surveys,credibility,inline_early_vs_block_early,implicit early − explicit early,inline_early,block_early,54,-0.09259259259259263,1.3355589391502327,-0.4488158330241771,0.26363064783899187,-0.06932872064149105,-0.5094599702748381,0.6125446495255924,1.0,0.8750637850365607,394.0,0.4704558327143805,1.0,0.6720797610205437,False,False,neither
surveys,credibility,inline_early_vs_block_late,implicit early − explicit late,inline_early,block_late,54,-0.39506172839506165,1.001202786241882,-0.6621047546437862,-0.1280187021463372,-0.3945871244305728,-2.8996113417809926,0.005426363421076937,0.05426363421076937,0.05426363421076937,162.0,0.004140355949268096,0.04140355949268096,0.04140355949268095,False,True,Wilcoxon only
surveys,credibility,inline_late_vs_block_early,implicit late − explicit early,inline_late,block_early,54,0.26543209876543217,1.1315554490594535,-0.03637887862838046,0.5672430761592449,0.23457277236043428,1.7237507994992916,0.09058228850166898,0.6460543691686855,0.20552928320225936,247.5,0.11562877690718922,0.5792667327250131,0.1927146281786487,False,False,neither
surveys,credibility,inline_late_vs_block_late,implicit late − explicit late,inline_late,block_late,54,-0.03703703703703704,1.1431441189061846,-0.3419389701379193,0.2678648960638452,-0.032399271819266204,-0.2380850519848099,0.8127332080606404,1.0,0.903036897845156,346.0,0.9335379574899828,1.0,0.9335379574899828,False,False,neither
surveys,credibility,block_early_vs_block_late,explicit early − explicit late,block_early,block_late,54,-0.3024691358024692,1.1979516384062612,-0.6219894519817926,0.017051180376854158,-0.2524886031333202,-1.8554047306341617,0.06910335320558683,0.6219301788502815,0.20552928320225936,261.5,0.07197222485498943,0.5180416938929011,0.17993056213747355,False,False,neither
surveys,manipulation,no_ads_vs_inline_early,no ad − implicit early,no_ads,inline_early,54,-1.2037037037037037,2.8541900984516135,-1.9649796128935177,-0.4424277945138898,-0.42173214193291053,-3.0990856675999314,0.0031044596779717017,0.02173121774580191,0.007761149194929254,307.5,0.003948427164616206,0.027638990152313442,0.009871067911540514,True,True,both
surveys,manipulation,no_ads_vs_inline_late,no ad − implicit late,no_ads,inline_late,54,-0.7222222222222222,2.5134856400809378,-1.3926246831256495,-0.051819761318794844,-0.2873389092443614,-2.1115011326897095,0.03946157324312786,0.19730786621563928,0.06576928873854643,290.0,0.016546328408180353,0.09927797044908213,0.032907434035201286,False,False,neither
surveys,manipulation,no_ads_vs_block_early,no ad − explicit early,no_ads,block_early,54,-1.9166666666666667,1.9708967406396896,-2.4423486136973427,-1.3909847196359908,-0.9724845686459345,-7.14627292773942,2.62272143389703e-09,2.62272143389703e-08,2.62272143389703e-08,65.0,1.2023050043215631e-07,1.2023050043215632e-06,1.202305004321563e-06,True,True,both
surveys,manipulation,no_ads_vs_block_late,no ad − explicit late,no_ads,block_late,54,-1.2407407407407407,2.3265099392768898,-1.861272628305965,-0.6202088531755164,-0.533305583524126,-3.9189796698340325,0.0002566222792669201,0.002052978234135361,0.0008554075975564004,189.5,0.0005995261635408541,0.004796209308326833,0.0019984205451361804,True,True,both
surveys,manipulation,inline_early_vs_inline_late,implicit early − implicit late,inline_early,inline_late,54,0.48148148148148145,2.3168027801891347,-0.1364612910965562,1.0994242540595192,0.20782152265985074,1.5271700642546588,0.1326650566632723,0.3979951699898169,0.16583132082909036,437.0,0.1776593151019199,0.5329779453057597,0.21475486852614023,False,False,neither
surveys,manipulation,inline_early_vs_block_early,implicit early − explicit early,inline_early,block_early,54,-0.7129629629629629,2.636109647581844,-1.4160719709353446,-0.009853954990581282,-0.27046028362931646,-1.987469071740719,0.05204846403052348,0.20819385612209393,0.07435494861503356,395.5,0.0479474405263931,0.1917897621055724,0.068496343609133,False,False,neither
surveys,manipulation,inline_early_vs_block_late,implicit early − explicit late,inline_early,block_late,54,-0.037037037037037035,2.665028322713762,-0.7478592981370078,0.6737852240629336,-0.013897427176054447,-0.10212481595646465,0.9190430111230419,0.9190430111230419,0.9190430111230419,505.5,0.8920434995319686,0.8920434995319686,0.8920434995319686,False,False,neither
surveys,manipulation,inline_late_vs_block_early,implicit late − explicit early,inline_late,block_early,54,-1.1944444444444444,2.0429738467158067,-1.739350956962063,-0.6495379319268257,-0.5846596843932094,-4.29635369982005,7.450523446933902e-05,0.0006705471102240512,0.0003725261723466951,179.0,0.00012192595899498317,0.0010973336309548485,0.0006096297949749157,True,True,both
surveys,manipulation,inline_late_vs_block_late,implicit late − explicit late,inline_late,block_late,54,-0.5185185185185185,2.640331173773048,-1.2227535013133624,0.18571646427632538,-0.19638389444061768,-1.443121005240322,0.15487108069390537,0.3979951699898169,0.17207897854878373,461.5,0.1932793816735262,0.5329779453057597,0.21475486852614023,False,False,neither
surveys,manipulation,block_early_vs_block_late,explicit early − explicit late,block_early,block_late,54,0.6759259259259259,2.255302781428458,0.07438656932817134,1.2774652825236805,0.29970517993943574,2.202374292361904,0.03201078176693015,0.19206469060158093,0.0640215635338603,344.5,0.01974446042112077,0.09927797044908213,0.032907434035201286,False,False,neither
surveys,notice,no_ads_vs_inline_early,no ad − implicit early,no_ads,inline_early,54,-1.6018518518518519,2.725455872599494,-2.3287914829911656,-0.874912220712538,-0.5877372178196495,-4.318968859503461,6.908023624660765e-05,0.0005526418899728612,0.00023026745415535886,172.5,0.00016327096915593487,0.001306167753247479,0.0005442365638531162,True,True,both
surveys,notice,no_ads_vs_inline_late,no ad − implicit late,no_ads,inline_late,54,-1.3981481481481481,2.6783190124320506,-2.1125153314677494,-0.6837809648285471,-0.522024501808154,-3.836080987981715,0.00033446062947958366,0.002006763776877502,0.000563055867143367,302.5,0.0006950035790044807,0.0035305728828909193,0.0011583392983408013,True,True,both
surveys,notice,no_ads_vs_block_early,no ad − explicit early,no_ads,block_early,54,-2.8055555555555554,2.3720396976113247,-3.4382312411775535,-2.172879869933557,-1.182760793750959,-8.691481297377193,8.94195746517352e-12,8.941957465173519e-11,8.941957465173519e-11,71.5,1.7871398133054602e-08,1.78713981330546e-07,1.78713981330546e-07,True,True,both
surveys,notice,no_ads_vs_block_late,no ad − explicit late,no_ads,block_late,54,-2.490740740740741,2.509398824383703,-3.160053157103235,-1.821428324378247,-0.9925647197003272,-7.2938312998632355,1.5181792186638873e-09,1.3663612967974986e-08,7.590896093319436e-09,115.5,2.760311216784896e-07,2.4842800951064064e-06,1.380155608392448e-06,True,True,both
surveys,notice,inline_early_vs_inline_late,implicit early − implicit late,inline_early,inline_late,54,0.2037037037037037,2.380182564978479,-0.43114386555060924,0.8385512729580167,0.08558322655621399,0.6289057068112051,0.5321121368748027,0.6203353272288005,0.5321121368748027,470.0,0.5905414855595781,0.7734293820463292,0.5905414855595781,False,False,neither
surveys,notice,inline_early_vs_block_early,implicit early − explicit early,inline_early,block_early,54,-1.2037037037037037,2.307736207004193,-1.819228219786371,-0.5881791876210365,-0.5215950159512822,-3.8329249243784824,0.0003378335202860202,0.002006763776877502,0.000563055867143367,201.0,0.0005884288138151532,0.0035305728828909193,0.0011583392983408013,True,True,both
surveys,notice,inline_early_vs_block_late,implicit early − explicit late,inline_early,block_late,54,-0.8888888888888888,2.6110553542376462,-1.5853153602092585,-0.19246241756851912,-0.3404328014135185,-2.5016599655080682,0.015484229693363495,0.04645268908009049,0.019355287116704367,314.5,0.01318710507485573,0.03956131522456719,0.01648388134356966,True,True,both
surveys,notice,inline_late_vs_block_early,implicit late − explicit early,inline_late,block_early,54,-1.4074074074074074,2.6297895641366833,-2.108830708715233,-0.705984106099582,-0.5351787179478888,-3.932744340507616,0.00024551779633731884,0.001718624574361232,0.000563055867143367,243.0,0.0003913349784847128,0.00273934484939299,0.000978337446211782,True,True,both
surveys,notice,inline_late_vs_block_late,implicit late − explicit late,inline_late,block_late,54,-1.0925925925925926,3.02516812892209,-1.8994721410314208,-0.2857130441537643,-0.36116756029090474,-2.654028703075789,0.010476159556127716,0.04190463822451086,0.014965942223039595,305.5,0.0061292132954594136,0.024516853181837654,0.008756018993513448,True,True,both
surveys,notice,block_early_vs_block_late,explicit early − explicit late,block_early,block_late,54,0.3148148148148148,2.257683518724397,-0.28735953731126546,0.9169891669408952,0.1394415170256843,1.0246816970176187,0.31016766361440024,0.6203353272288005,0.3446307373493336,247.0,0.3867146910231646,0.7734293820463292,0.4296829900257384,False,False,neither
secondary,helpfulness,no_ads_vs_inline_early,no ad − implicit early,no_ads,inline_early,54,0.16666666666666666,1.3868958446319761,-0.20324926697999388,0.5365826003133272,0.12017244648309765,0.8830835250765243,0.38117924243453377,1.0,0.6637056236899277,383.0,0.39085829114330595,1.0,0.5731227395576469,False,False,neither
secondary,helpfulness,no_ads_vs_inline_late,no ad − implicit late,no_ads,inline_late,54,-0.16666666666666674,1.8162439644400143,-0.6510992824513242,0.31776594911799066,-0.0917644710346242,-0.6743283916537081,0.5030333439124385,1.0,0.6637056236899277,472.5,0.4566961012305817,1.0,0.5731227395576469,False,False,neither
secondary,helpfulness,no_ads_vs_block_early,no ad − explicit early,no_ads,block_early,54,0.14814814814814814,1.7261907343722371,-0.31226527051557557,0.6085615668118718,0.08582374195284109,0.6306731268022637,0.5309644989519422,1.0,0.6637056236899277,494.0,0.4584981916461176,1.0,0.5731227395576469,False,False,neither
secondary,helpfulness,no_ads_vs_block_late,no ad − explicit late,no_ads,block_late,54,-0.17283950617283955,1.6993533617142615,-0.6260948013178986,0.28041578897221947,-0.10170898535104185,-0.7474053490987845,0.45812221521028823,1.0,0.6637056236899277,288.0,0.15419053614499453,1.0,0.3181086033672633,False,False,neither
secondary,helpfulness,inline_early_vs_inline_late,implicit early − implicit late,inline_early,inline_late,54,-0.3333333333333334,1.6508685218121621,-0.773656644516141,0.10698997784947412,-0.20191391920625676,-1.4837582220626317,0.14379607847501089,1.0,0.47932026158336966,346.0,0.05244305831639106,0.5244305831639106,0.3181086033672633,False,False,neither
secondary,helpfulness,inline_early_vs_block_early,implicit early − explicit early,inline_early,block_early,54,-0.01851851851851847,1.7087966595705903,-0.4742925509982866,0.4372555139612496,-0.010837169194356955,-0.07963660434714959,0.936826219618861,1.0,0.9813592948555158,606.0,0.9483807391724154,1.0,0.9580419384112034,False,False,neither
secondary,helpfulness,inline_early_vs_block_late,implicit early − explicit late,inline_early,block_late,54,-0.3395061728395061,1.5880723395759955,-0.7630803471125398,0.08406800143352755,-0.21378508042659566,-1.5709930849950684,0.12213573619377688,1.0,0.47932026158336966,293.5,0.07477330868501114,0.6729597781651002,0.3181086033672633,False,False,neither
secondary,helpfulness,inline_late_vs_block_early,implicit late − explicit early,inline_late,block_early,54,0.314814814814815,1.4177915129819751,-0.06334167997244095,0.6929713096020709,0.2220459157303598,1.631697579025243,0.10867173117646568,1.0,0.47932026158336966,339.0,0.15905430168363166,1.0,0.3181086033672633,False,False,neither
secondary,helpfulness,inline_late_vs_block_late,implicit late − explicit late,inline_late,block_late,54,-0.0061728395061728175,1.9322820181472213,-0.5215553821665815,0.5092097031542357,-0.003194585183839612,-0.02347531092078673,0.9813592948555158,1.0,0.9813592948555158,490.5,0.9580419384112034,1.0,0.9580419384112034,False,False,neither
secondary,helpfulness,block_early_vs_block_late,explicit early − explicit late,block_early,block_late,54,-0.32098765432098775,1.9999611767332126,-0.8544217321660018,0.21244642352402632,-0.16049694266830575,-1.1794068444422243,0.24350345479467714,1.0,0.6087586369866929,367.5,0.1364400719106761,1.0,0.3181086033672633,False,False,neither
secondary,convincingness,no_ads_vs_inline_early,no ad − implicit early,no_ads,inline_early,54,0.2654320987654322,1.5786569533071024,-0.15563078281335757,0.686494980344222,0.16813792142072595,1.2355563416788566,0.22207227369884794,1.0,0.3701204561647466,516.0,0.16764035937983457,0.8844489905761788,0.27940059896639097,False,False,neither
secondary,convincingness,no_ads_vs_inline_late,no ad − implicit late,no_ads,inline_late,54,-0.2530864197530864,1.657123856767334,-0.6950781677396894,0.1889053282335167,-0.1527263147649081,-1.1223046244091524,0.26679167516626834,1.0,0.3811309645232405,550.0,0.39748755646704614,1.0,0.44165284051894016,False,False,neither
secondary,convincingness,no_ads_vs_block_early,no ad − explicit early,no_ads,block_early,54,0.05555555555555553,1.6568895614578314,-0.3863737006667963,0.4974848117779074,0.03353002930785224,0.2463943885944102,0.8063287655973064,1.0,0.8063287655973064,483.5,0.7008785295716122,1.0,0.7008785295716122,False,False,neither
secondary,convincingness,no_ads_vs_block_late,no ad − explicit late,no_ads,block_late,54,-0.4012345679012346,1.6411628919336687,-0.8389691719709391,0.036500036168469974,-0.24448186701838454,-1.7965674766740414,0.0781041019670834,0.6248328157366672,0.21251112094065813,384.5,0.057294829864756765,0.4583586389180541,0.1909827662158559,False,False,neither
secondary,convincingness,inline_early_vs_inline_late,implicit early − implicit late,inline_early,inline_late,54,-0.5185185185185186,1.5111974324832926,-0.921588447183445,-0.11544858985359224,-0.34311765449896053,-2.5213895257890786,0.014731777527175263,0.13258599774457736,0.07365888763587632,320.0,0.02561649309267244,0.23054843783405196,0.1280824654633622,False,False,neither
secondary,convincingness,inline_early_vs_block_early,implicit early − explicit early,inline_early,block_early,54,-0.20987654320987664,1.6950987383921083,-0.661997035792349,0.24224394937259575,-0.12381375695492272,-0.9098415830295978,0.3670253242096427,1.0,0.45878165526205333,408.0,0.1474081650960298,0.8844489905761788,0.27940059896639097,False,False,neither
secondary,convincingness,inline_early_vs_block_late,implicit early − explicit late,inline_early,block_late,54,-0.6666666666666665,1.5979546675349887,-1.0928766773564742,-0.24045665597685884,-0.4171999870904155,-3.0657812672017415,0.0034127426974110042,0.034127426974110045,0.03412742697411004,247.5,0.006439579729559157,0.06439579729559157,0.06439579729559157,True,False,t only
secondary,convincingness,inline_late_vs_block_early,implicit late − explicit early,inline_late,block_early,54,0.30864197530864196,1.4447938082044074,-0.07671663150921082,0.6940005821264947,0.21362354514255763,1.569806047931022,0.12241182373990821,0.7344709424394492,0.24482364747981641,414.5,0.24431867780760008,0.9772747112304003,0.34902668258228586,False,False,neither
secondary,convincingness,inline_late_vs_block_late,implicit late − explicit late,inline_late,block_late,54,-0.14814814814814814,1.7201075811836777,-0.6069390547104971,0.31064275841420086,-0.08612725725341042,-0.6329034996488306,0.5295180976335984,1.0,0.5883534418151093,412.5,0.3351006027228741,1.0,0.4188757534035926,False,False,neither
secondary,convincingness,block_early_vs_block_late,explicit early − explicit late,block_early,block_late,54,-0.45679012345679,1.912440017059985,-0.9668803636086776,0.053300116695097655,-0.23885200026248063,-1.7551965740585738,0.08500444837626325,0.6248328157366672,0.21251112094065813,421.5,0.08733909274049173,0.6113736491834421,0.21834773185122933,False,False,neither
secondary,relevance,no_ads_vs_inline_early,no ad − implicit early,no_ads,inline_early,54,0.17901234567901234,1.1899526318690539,-0.13837445774741794,0.4963991491054426,0.150436530736386,1.1054782169359916,0.2739455037670492,1.0,0.39135071966721313,355.5,0.22845520440777867,0.9138208176311147,0.3263645777253981,False,False,neither
secondary,relevance,no_ads_vs_inline_late,no ad − implicit late,no_ads,inline_late,54,-0.17901234567901234,1.5319284827154893,-0.5876117060109244,0.22958701465289968,-0.11685424463268408,-0.8586998208853076,0.39437319981969304,1.0,0.49296649977461626,410.5,0.44965242589909493,1.0,0.48419970719949046,False,False,neither
secondary,relevance,no_ads_vs_block_early,no ad − explicit early,no_ads,block_early,54,0.35185185185185197,1.6853253257246807,-0.09766185444181663,0.8013655581455206,0.20877384709124786,1.5341681910341858,0.13093666848730884,0.785620010923853,0.2618733369746177,305.5,0.06763265403249043,0.3668151881047116,0.11272109005415072,False,False,neither
secondary,relevance,no_ads_vs_block_late,no ad − explicit late,no_ads,block_late,54,-0.29012345679012347,1.6188697254026163,-0.7219119780712802,0.14166506449103317,-0.1792135909626509,-1.3169455584910603,0.19352281382815964,0.9676140691407982,0.32253802304693274,227.5,0.0611358646841186,0.3668151881047116,0.11272109005415072,False,False,neither
secondary,relevance,inline_early_vs_inline_late,implicit early − implicit late,inline_early,inline_late,54,-0.3580246913580246,1.4763713404183256,-0.7518057275575653,0.03575634484151602,-0.24250314372573728,-1.7820268894466047,0.08047394184126384,0.5633175928888469,0.2011848546031596,290.0,0.026934898350047153,0.18854428845033008,0.06733724587511788,False,False,neither
secondary,relevance,inline_early_vs_block_early,implicit early − explicit early,inline_early,block_early,54,0.1728395061728395,1.6606693868227203,-0.270097913448578,0.6157769257942569,0.10407821541380076,0.7648155633098491,0.44777353963910627,1.0,0.4975261551545625,358.0,0.48419970719949046,1.0,0.48419970719949046,False,False,neither
secondary,relevance,inline_early_vs_block_late,implicit early − explicit late,inline_early,block_late,54,-0.46913580246913583,1.4529930340132617,-0.8566813249677887,-0.08159027997048296,-0.32287546566782366,-2.372640424049029,0.02132219197686126,0.17057753581489007,0.0710739732562042,229.0,0.005306419621447553,0.05306419621447553,0.031657865114319075,False,False,neither
secondary,relevance,inline_late_vs_block_early,implicit late − explicit early,inline_late,block_early,54,0.5308641975308643,1.3544220897278054,0.16960973576825633,0.8921186592934723,0.3919488625865152,2.880224155803607,0.005722567277709195,0.057225672777091945,0.057225672777091945,218.0,0.009697574751656538,0.0775805980132523,0.03232524917218846,False,False,neither
secondary,relevance,inline_late_vs_block_late,implicit late − explicit late,inline_late,block_late,54,-0.11111111111111115,1.5926982234645877,-0.5359191113878875,0.31369688916566524,-0.069762814746796,-0.5126498974498797,0.610326298866888,1.0,0.610326298866888,395.0,0.47849071569325996,1.0,0.48419970719949046,False,False,neither
secondary,relevance,block_early_vs_block_late,explicit early − explicit late,block_early,block_late,54,-0.6419753086419754,1.8998530803307254,-1.1487083331312902,-0.13524228415266049,-0.3379078705023973,-2.483105588403986,0.01622342128631999,0.1460107915768799,0.0710739732562042,194.5,0.006331573022863816,0.05698415720577434,0.031657865114319075,False,False,neither
secondary,neutrality,no_ads_vs_inline_early,no ad − implicit early,no_ads,inline_early,54,0.5555555555555556,1.7290222149256782,0.09438691812282157,1.0167241929882895,0.3213119824371002,2.3611512156390164,0.02192748376395574,0.2192748376395574,0.19217954404595547,267.5,0.013021951817540667,0.13021951817540667,0.13021951817540667,False,False,neither
secondary,neutrality,no_ads_vs_inline_late,no ad − implicit late,no_ads,inline_late,54,0.2962962962962963,1.6389732771508314,-0.14085428886538803,0.7334468814579806,0.18078165179811453,1.3284684052886448,0.1897154357942988,1.0,0.316192392990498,396.0,0.16985054252317588,1.0,0.3143074360079797,False,False,neither
secondary,neutrality,no_ads_vs_block_early,no ad − explicit early,no_ads,block_early,54,0.462962962962963,1.6024308927058208,0.03555904357432266,0.8903668823516033,0.2889129041822306,2.123067586056219,0.038435908809191094,0.3459231792827199,0.19217954404595547,449.5,0.045137529456131566,0.3611002356490525,0.15045843152043856,False,False,neither
secondary,neutrality,no_ads_vs_block_late,no ad − explicit late,no_ads,block_late,54,0.15432098765432103,1.7238163538056028,-0.3054591309620065,0.6141011062706485,0.08952287017908407,0.6578560567445294,0.5134779311297367,1.0,0.6270512908091953,488.0,0.4199156860625578,1.0,0.4665729845139531,False,False,neither
secondary,neutrality,inline_early_vs_inline_late,implicit early − implicit late,inline_early,inline_late,54,-0.25925925925925924,1.2863851920533105,-0.6023667688746701,0.08384825035615162,-0.2015409232482171,-1.4810172727426785,0.1445228918253696,1.0,0.3123186257921518,382.5,0.1885844616047878,1.0,0.3143074360079797,False,False,neither
secondary,neutrality,inline_early_vs_block_early,implicit early − explicit early,inline_early,block_early,54,-0.09259259259259256,1.4898913987783602,-0.48997972872427087,0.30479454353908575,-0.06214720929895566,-0.4566868551611737,0.6497623509785928,1.0,0.6497623509785928,589.0,0.8150106159846233,1.0,0.8150106159846233,False,False,neither
secondary,neutrality,inline_early_vs_block_late,implicit early − explicit late,inline_early,block_late,54,-0.4012345679012346,1.648809531317819,-0.8410087005757695,0.03853956477330034,-0.2433480400738258,-1.7882355842616784,0.0794547920134977,0.6356383361079816,0.264849306711659,392.0,0.02813864661210583,0.2532478195089525,0.14069323306052914,False,False,neither
secondary,neutrality,inline_late_vs_block_early,implicit late − explicit early,inline_late,block_early,54,0.16666666666666666,1.2417442253435302,-0.16453410536404847,0.4978674386973818,0.13421980409899478,0.9863101002565658,0.328462418328934,1.0,0.4692320261841915,434.0,0.3453891254736574,1.0,0.43456259713555934,False,False,neither
secondary,neutrality,inline_late_vs_block_late,implicit late − explicit late,inline_late,block_late,54,-0.14197530864197536,1.7986739255251791,-0.6217216047043943,0.33777098742044354,-0.07893332228103614,-0.5800390898735908,0.5643461617282758,1.0,0.6270512908091953,586.0,0.34765007770844747,1.0,0.43456259713555934,False,False,neither
secondary,neutrality,block_early_vs_block_late,explicit early − explicit late,block_early,block_late,54,-0.30864197530864196,1.5766267787205803,-0.7291633642219617,0.11187941360467779,-0.1957609622482135,-1.4385434071930916,0.1561593128960759,1.0,0.3123186257921518,411.0,0.10503468706036803,0.7352428094225762,0.26258671765092007,False,False,neither
