estimate_lmm,se,ci95_lo_lmm,ci95_hi_lmm,z,p_raw_lmm,family,outcome,trait,trait_label,contrast,contrast_label,n,converged,p_holm_lmm,p_holm_sig_lmm,estimate_ols,ci95_lo_ols,ci95_hi_ols,p_raw_ols,p_holm_ols,p_holm_sig_ols,verdict
0.04366146022520894,0.16812494495330085,-0.28586343188326074,0.37318635233367864,0.25969650272502126,0.7950978905328729,personality,trust,bfi_e,Extraversion,any_ad_vs_no_ads,any ad − no ad,54,True,1.0,False,0.08211482907461566,-0.3359930000775715,0.5002226582268028,0.6945577784294261,1.0,False,neither
0.09607700690156183,0.18796940281449542,-0.27234302261484916,0.46449703641797285,0.5111310961411043,0.6092592628952309,personality,trust,bfi_e,Extraversion,inline_vs_block,implicit − explicit,54,True,1.0,False,0.13620851082032595,-0.24944949976619743,0.5218665214068493,0.48089520028010463,1.0,False,neither
-0.4647657101343987,0.18796940281449542,-0.8331857396508098,-0.0963456806179877,-2.4725604442818283,0.013414902616973128,personality,trust,bfi_e,Extraversion,early_vs_late,early − late,54,True,0.20122353925459693,False,-0.4154092163050186,-0.821360146038572,-0.009458286571465135,0.0450982624079926,0.6313756737118964,False,neither
-0.015712309820193678,0.17139488903316155,-0.3516462923251903,0.32022167268480295,-0.09167315261748356,0.9269577286565709,personality,trust,bfi_a,Agreeableness,any_ad_vs_no_ads,any ad − no ad,54,True,1.0,False,-0.12494086729650514,-0.541882028672298,0.2920002940792876,0.549513417007874,1.0,False,neither
0.2246196403872751,0.19162531143709122,-0.1509659700294237,0.6002052508039739,1.172181475937304,0.241124203905711,personality,trust,bfi_a,Agreeableness,inline_vs_block,implicit − explicit,54,True,1.0,False,0.17203407398793047,-0.21215422048024324,0.5562223684561042,0.37227225207311093,1.0,False,neither
-0.05643153526970954,0.19162531143709122,-0.43201714568640837,0.31915407514698924,-0.29448894223055433,0.7683843118253565,personality,trust,bfi_a,Agreeableness,early_vs_late,early − late,54,True,1.0,False,-0.06684834572532959,-0.4899971106912077,0.3563004192405485,0.7520357188955158,1.0,False,neither
0.08946236559139792,0.18064868675877965,-0.2646090604558102,0.443533791638606,0.4952284303669314,0.6204388842031976,personality,trust,bfi_c,Conscientiousness,any_ad_vs_no_ads,any ad − no ad,54,True,1.0,False,0.10178946078677122,-0.3219569865743296,0.525535908147872,0.6311643772684944,1.0,False,neither
0.10752688172043001,0.2019713718193487,-0.2883370070454935,0.5033907704863535,0.5323867474475856,0.5944581619718446,personality,trust,bfi_c,Conscientiousness,inline_vs_block,implicit − explicit,54,True,1.0,False,0.12483040740893617,-0.266734942119337,0.5163957569372093,0.5244173911682375,1.0,False,neither
-0.18986175115207357,0.2019713718193487,-0.5857256399179971,0.20600213761384992,-0.9400428854931655,0.347195563324753,personality,trust,bfi_c,Conscientiousness,early_vs_late,early − late,54,True,1.0,False,-0.15537653988796649,-0.5828785547814103,0.27212547500547735,0.46830418334120394,1.0,False,neither
-0.26892523364485993,0.13543131570094322,-0.5343706124187086,-0.003479854871011212,-1.9856946102384132,0.04706724384272206,personality,trust,bfi_n,Neuroticism,any_ad_vs_no_ads,any ad − no ad,54,True,0.6589414137981089,False,-0.3558142447479357,-0.6930354545799493,-0.018593034915922124,0.03907926812716729,0.5861890219075093,False,neither
-0.10876168224299064,0.1514168140947718,-0.4055386378687434,0.18801527338276208,-0.7182932945274934,0.47257646381459695,personality,trust,bfi_n,Neuroticism,inline_vs_block,implicit − explicit,54,True,1.0,False,-0.20215192210446575,-0.5235425240894713,0.11923867988053988,0.2119770145097817,1.0,False,neither
-0.045911214953271,0.1514168140947718,-0.34268817057902373,0.25086574067248174,-0.3032108106866861,0.7617292108542625,personality,trust,bfi_n,Neuroticism,early_vs_late,early − late,54,True,1.0,False,-0.11883707947350078,-0.47440847928964935,0.23673432034264782,0.5046513531033707,1.0,False,neither
-0.1275354107648725,0.14964310037876008,-0.4208358875072422,0.16576506597749727,-0.8522638894948644,0.39406764343356115,personality,trust,bfi_o,Openness,any_ad_vs_no_ads,any ad − no ad,54,True,1.0,False,-0.09308540188827258,-0.4879707643066971,0.30179996053015196,0.6375368281732675,1.0,False,neither
-0.17096317280453258,0.1673060724053661,-0.49888307471905013,0.15695672910998495,-1.0218587427616237,0.30684776178424755,personality,trust,bfi_o,Openness,inline_vs_block,implicit − explicit,54,True,1.0,False,-0.17352746363567167,-0.5364282169254483,0.18937328965410494,0.3409980817955637,1.0,False,neither
-0.19079320113314466,0.1673060724053661,-0.5187131030476622,0.13712670078137287,-1.1403841975972728,0.25412627347211014,personality,trust,bfi_o,Openness,early_vs_late,early − late,54,True,1.0,False,-0.1612202119971385,-0.5590248377314239,0.2365844137371468,0.4190086546890061,1.0,False,neither
-0.11008596682407082,0.10979761225008616,-0.3252892868342397,0.10511735318609805,-1.0026262372020247,0.3160412317254996,personality,credibility,bfi_e,Extraversion,any_ad_vs_no_ads,any ad − no ad,54,True,1.0,False,-0.10598616198389545,-0.42977789208345624,0.21780556811566537,0.5134303066142701,1.0,False,neither
-0.06175081729022885,0.12275746237917814,-0.302355443553418,0.1788538089729603,-0.5030310670604322,0.6149424299462273,personality,credibility,bfi_e,Extraversion,inline_vs_block,implicit − explicit,54,True,1.0,False,-0.046893546278069645,-0.24735902024721612,0.15357192769107686,0.6401081057470314,1.0,False,neither
-0.3088751664850467,0.12275746237917814,-0.5494797927482359,-0.06827054022185755,-2.5161416707277704,0.011864747987419806,personality,credibility,bfi_e,Extraversion,early_vs_late,early − late,54,True,0.1779712198112971,False,-0.2689329991190722,-0.5079887972066446,-0.02987720103149985,0.028285227381028306,0.4242784107154246,False,neither
-0.20245274319963094,0.11143436111878004,-0.4208640909924398,0.01595860459317794,-1.8167891947065828,0.06924939795392673,personality,credibility,bfi_a,Agreeableness,any_ad_vs_no_ads,any ad − no ad,54,True,0.9694915713549743,False,-0.28500555132797806,-0.5991501416432499,0.029139038987293697,0.07433883045974152,1.0,False,neither
0.12807745504840934,0.12458740324542586,-0.11611385531262533,0.372268765409444,1.0280128786062617,0.30394376970367853,personality,credibility,bfi_a,Agreeableness,inline_vs_block,implicit − explicit,54,True,1.0,False,0.08764210346242748,-0.1115207751158854,0.28680498204074034,0.380517223136281,1.0,False,neither
-0.046565237436606705,0.12458740324542586,-0.2907565477976414,0.19762607292442796,-0.37375558221465954,0.7085861685761111,personality,credibility,bfi_a,Agreeableness,early_vs_late,early − late,54,True,1.0,False,-0.08750575357749832,-0.3377855829992915,0.16277407584429485,0.48529623532911176,1.0,False,neither
-0.06582693292370713,0.1183252224786606,-0.2977443689818819,0.16609050313446766,-0.5563220718691546,0.5779907011002916,personality,credibility,bfi_c,Conscientiousness,any_ad_vs_no_ads,any ad − no ad,54,True,1.0,False,-0.06427643076936963,-0.3936761108076599,0.26512324926892067,0.6964228631080913,1.0,False,neither
0.022427035330261125,0.13229162045753562,-0.23686454076650865,0.2817186114270309,0.16952725541267366,0.8653819358975923,personality,credibility,bfi_c,Conscientiousness,inline_vs_block,implicit − explicit,54,True,1.0,False,0.02868711894916628,-0.17495312655518291,0.23232736445351548,0.7781171083552186,1.0,False,neither
-0.12852022529441873,0.13229162045753562,-0.38781180139118854,0.13077135080235106,-0.9714918061319879,0.33130343147564345,personality,credibility,bfi_c,Conscientiousness,early_vs_late,early − late,54,True,1.0,False,-0.11456471766642706,-0.3676912920686859,0.13856185673583177,0.3671993258905126,1.0,False,neither
-0.15605919003115276,0.0888370600220791,-0.3301798276744278,0.018061447612122278,-1.7566901695347261,0.07897063404391558,personality,credibility,bfi_n,Neuroticism,any_ad_vs_no_ads,any ad − no ad,54,True,1.0,False,-0.16275725140963598,-0.43275154957273654,0.10723704675346457,0.23130035146006758,1.0,False,neither
-0.08049065420560753,0.0993228525652989,-0.2751634452335934,0.1141821368223783,-0.8103941049487045,0.4177137048897511,personality,credibility,bfi_n,Neuroticism,inline_vs_block,implicit − explicit,54,True,1.0,False,-0.0847303210339621,-0.25226898362980343,0.08280834156187926,0.31416756660484485,1.0,False,neither
-0.02270249221183804,0.0993228525652989,-0.21737528323982386,0.17197029881614778,-0.2285726962675835,0.8192010480062246,personality,credibility,bfi_n,Neuroticism,early_vs_late,early − late,54,True,1.0,False,-0.0006566612214261025,-0.21285678201275862,0.21154345956990642,0.9950592258828225,1.0,False,neither
-0.11890462700661,0.0983247996553947,-0.3116212343311836,0.0738119803179636,-1.2093045439537407,0.22654586578903835,personality,credibility,bfi_o,Openness,any_ad_vs_no_ads,any ad − no ad,54,True,1.0,False,-0.10184305600017375,-0.40782627677882,0.20414016477847252,0.5063986254313955,1.0,False,neither
-0.011331444759206853,0.10993046795175526,-0.22679516194464716,0.20413227242623344,-0.10307829094459817,0.9179008345486983,personality,credibility,bfi_o,Openness,inline_vs_block,implicit − explicit,54,True,1.0,False,0.04716559182711631,-0.14224456086018078,0.23657574451441343,0.6187447369790352,1.0,False,neither
-0.040132200188857416,0.10993046795175526,-0.2555959173742977,0.1753315169965829,-0.3650689470954501,0.7150599401613364,personality,credibility,bfi_o,Openness,early_vs_late,early − late,54,True,1.0,False,-0.0295394713229575,-0.26731735365286047,0.20823841100694546,0.8037373979007508,1.0,False,neither
-0.05753723211042497,0.21637624148144965,-0.4816346654140663,0.3665602011932163,-0.265912891898336,0.790306296146215,personality,manipulation,bfi_e,Extraversion,any_ad_vs_no_ads,any ad − no ad,54,True,1.0,False,-0.1973990947055997,-0.764675232763486,0.36987704335228666,0.4873533725442035,1.0,False,neither
-0.24990918997457337,0.2419159923342156,-0.724064534949636,0.2242461550004892,-1.0330412122126877,0.30158461269562153,personality,manipulation,bfi_e,Extraversion,inline_vs_block,implicit − explicit,54,True,1.0,False,-0.20761786532663706,-0.7765348359260025,0.36129910527272835,0.46650117157504234,1.0,False,neither
-0.0793679622230295,0.2419159923342156,-0.5535233071980921,0.39478738275203307,-0.3280806756809191,0.7428506646529414,personality,manipulation,bfi_e,Extraversion,early_vs_late,early − late,54,True,1.0,False,-0.03643054410557538,-0.46895283538478033,0.39609174717362955,0.8661737283508516,1.0,False,neither
0.10705394190871374,0.21725349646821787,-0.31876291116899325,0.5328707949864208,0.49276050166757485,0.622181822568874,personality,manipulation,bfi_a,Agreeableness,any_ad_vs_no_ads,any ad − no ad,54,True,1.0,False,0.12412282486961157,-0.4445953629877356,0.6928410127269587,0.6626281130870585,1.0,False,neither
-0.3550484094052556,0.24289679322622282,-0.8311261241286523,0.1210293053181411,-1.4617253883404708,0.14381647713904705,personality,manipulation,bfi_a,Agreeableness,inline_vs_block,implicit − explicit,54,True,1.0,False,-0.24889674150741528,-0.8160392618156074,0.31824577880077687,0.3817976399744552,1.0,False,neither
-0.151728907330567,0.24289679322622282,-0.6278066220539638,0.32434880739282973,-0.6246641024579263,0.5321915381612741,personality,manipulation,bfi_a,Agreeableness,early_vs_late,early − late,54,True,1.0,False,-0.14513421783790176,-0.5754262051490522,0.28515776947324867,0.5007538865849646,1.0,False,neither
0.16423963133640565,0.23004525723164318,-0.286649072837615,0.6151283355104262,0.7139448702957836,0.47526126996287577,personality,manipulation,bfi_c,Conscientiousness,any_ad_vs_no_ads,any ad − no ad,54,True,1.0,False,0.17825928711411396,-0.3977606918797745,0.7542792661080024,0.5365776859283871,1.0,False,neither
-0.10215053763440823,0.2571984165356896,-0.6062594340443599,0.40195835877554337,-0.3971662773446101,0.6912448481918445,personality,manipulation,bfi_c,Conscientiousness,inline_vs_block,implicit − explicit,54,True,1.0,False,-0.06783163930628845,-0.6478521283179524,0.5121888497053755,0.8150236220854297,1.0,False,neither
-0.07542242703533042,0.2571984165356896,-0.579531323445282,0.4286864693746212,-0.29324607846045814,0.7693340658404322,personality,manipulation,bfi_c,Conscientiousness,early_vs_late,early − late,54,True,1.0,False,-0.0567957869397008,-0.49532820253590687,0.3817366286565053,0.7955798918892579,1.0,False,neither
0.13668224299065426,0.1735922915489542,-0.20355864844529595,0.4769231344266045,0.787375071617791,0.43106233514377057,personality,manipulation,bfi_n,Neuroticism,any_ad_vs_no_ads,any ad − no ad,54,True,1.0,False,0.15610260304008958,-0.32236319927731705,0.6345684053574963,0.5148038451817268,1.0,False,neither
0.029672897196261816,0.19408208213671188,-0.35072798379169345,0.4100737781842171,0.1528883906725617,0.8784862911753588,personality,manipulation,bfi_n,Neuroticism,inline_vs_block,implicit − explicit,54,True,1.0,False,-0.02962441166205939,-0.5118381293091482,0.4525893059850294,0.9021672061700619,1.0,False,neither
-0.1325934579439253,0.19408208213671188,-0.5129943389318805,0.24780742304402997,-0.6831823756431371,0.4944916078979361,personality,manipulation,bfi_n,Neuroticism,early_vs_late,early − late,54,True,1.0,False,-0.1536299556715905,-0.5155249112207857,0.20826499987760472,0.3974288266561878,1.0,False,neither
0.3087535410764873,0.18978071349928347,-0.0632166573821083,0.6807237395350829,1.6268963024931036,0.10375912341612956,personality,manipulation,bfi_o,Openness,any_ad_vs_no_ads,any ad − no ad,54,True,1.0,False,0.3030304198533156,-0.22853039389074148,0.8345912335973726,0.25725009175169344,1.0,False,neither
0.2601274787535413,0.212181288101405,-0.15574784592521246,0.6760028034322951,1.2259680440304521,0.22021070076981164,personality,manipulation,bfi_o,Openness,inline_vs_block,implicit − explicit,54,True,1.0,False,0.15202597332826587,-0.3869152439979108,0.6909671906544425,0.573090872960791,1.0,False,neither
-0.01947592067988672,0.212181288101405,-0.4353512453586405,0.39639940399886703,-0.09178905856476303,0.9268656373625024,personality,manipulation,bfi_o,Openness,early_vs_late,early − late,54,True,1.0,False,0.08357082321288029,-0.3246150657779609,0.49175671220372147,0.6823012533967848,1.0,False,neither
-0.053759535052669935,0.22693916055333482,-0.4985602897372062,0.3910412196318663,-0.23688963562564808,0.8127424107463571,personality,notice,bfi_e,Extraversion,any_ad_vs_no_ads,any ad − no ad,54,True,1.0,False,-0.08496336083775287,-0.713593989632148,0.5436672679566422,0.7868903002039815,1.0,False,neither
0.021612786051580325,0.25372569487699764,-0.475689575907335,0.5189151480104957,0.08518170011144467,0.9321169388933409,personality,notice,bfi_e,Extraversion,inline_vs_block,implicit − explicit,54,True,1.0,False,0.0463730197159584,-0.597947137597714,0.6906931770296308,0.8854965699944357,1.0,False,neither
-0.3136578278241919,0.25372569487699764,-0.8109601897831072,0.18364453413472348,-1.2362083705249025,0.21638112008147237,personality,notice,bfi_e,Extraversion,early_vs_late,early − late,54,True,1.0,False,-0.30902324717857965,-0.7850103686804288,0.1669638743232696,0.19788348174924958,1.0,False,neither
0.09183955739972353,0.22745449821690214,-0.3539712591054046,0.5376503739048517,0.40377111958517836,0.6863810357433359,personality,notice,bfi_a,Agreeableness,any_ad_vs_no_ads,any ad − no ad,54,True,1.0,False,-0.03173782268278952,-0.6604157467962952,0.5969401014307163,0.9195383076043813,1.0,False,neither
-0.27441217150760716,0.254301859900549,-0.7728438169126832,0.22401947389746885,-1.0790804739490416,0.2805518548925793,personality,notice,bfi_a,Agreeableness,inline_vs_block,implicit − explicit,54,True,1.0,False,-0.18132046183677988,-0.823195666030371,0.46055474235681126,0.5725449909106473,1.0,False,neither
-0.4060857538035961,0.254301859900549,-0.9045173992086721,0.09234589160147993,-1.5968650562068478,0.11029579052530705,personality,notice,bfi_a,Agreeableness,early_vs_late,early − late,54,True,1.0,False,-0.3895466450596762,-0.8601186656527025,0.0810253755333501,0.10249603148907457,1.0,False,neither
0.42015360983102923,0.23903383239725134,-0.048352701667583375,0.8886599213296418,1.757716075659006,0.07879583117832599,personality,notice,bfi_c,Conscientiousness,any_ad_vs_no_ads,any ad − no ad,54,True,1.0,False,0.5111177271213899,-0.10913862449278833,1.1313740787355682,0.1040267128660481,1.0,False,neither
0.29339477726574537,0.26724794908127275,-0.23041120293354922,0.81720075746504,1.0978373389743812,0.2722755236801707,personality,notice,bfi_c,Conscientiousness,inline_vs_block,implicit − explicit,54,True,1.0,False,0.3154581307894524,-0.3316454481244232,0.962561709703328,0.33175803273211796,1.0,False,neither
-0.23625192012288784,0.26724794908127275,-0.7600579003221825,0.2875540600764067,-0.8840177106505738,0.3766866523458311,personality,notice,bfi_c,Conscientiousness,early_vs_late,early − late,54,True,1.0,False,-0.20033475160165562,-0.6882918889842645,0.28762238578095334,0.4130132471065814,1.0,False,neither
0.1034813084112149,0.18118155191044968,-0.25163453333326646,0.45859715015569624,0.5711470473680527,0.5678999692352935,personality,notice,bfi_n,Neuroticism,any_ad_vs_no_ads,any ad − no ad,54,True,1.0,False,0.13809647082300205,-0.39065346001321244,0.6668464016592165,0.6017633983988062,1.0,False,neither
0.09456775700934587,0.20256713317033617,-0.302463824004513,0.49159933802320477,0.4668464993767031,0.6406097048753712,personality,notice,bfi_n,Neuroticism,inline_vs_block,implicit − explicit,54,True,1.0,False,-0.015200706158394839,-0.5584124181240788,0.5280110058072891,0.9553457757900911,1.0,False,neither
0.34982476635514037,0.20256713317033617,-0.04720681465871851,0.7468563473689993,1.7269571863910276,0.08417535283610658,personality,notice,bfi_n,Neuroticism,early_vs_late,early − late,54,True,1.0,False,0.3401993726337584,-0.05584679721396146,0.7362455424814782,0.09054277290786146,1.0,False,neither
0.17637393767705373,0.19868636043597418,-0.21305132877745564,0.5657992041315631,0.8877002794255193,0.3747019955675607,personality,notice,bfi_o,Openness,any_ad_vs_no_ads,any ad − no ad,54,True,1.0,False,0.348548137352027,-0.23720470899789575,0.9343009837019498,0.2372815298962109,1.0,False,neither
0.4616147308781872,0.2221381040684316,0.02622404690406127,0.8970054148523132,2.0780528978314443,0.03770448729467944,personality,notice,bfi_o,Openness,inline_vs_block,implicit − explicit,54,True,0.5655673094201916,False,0.6177580547620756,0.03624505289904456,1.1992710566251066,0.037821166359862525,0.5673174953979379,False,neither
0.09376770538243634,0.2221381040684316,-0.3416229785916896,0.5291583893565623,0.4221144579209624,0.6729414754282037,personality,notice,bfi_o,Openness,early_vs_late,early − late,54,True,1.0,False,0.2855776326680191,-0.16465894981789742,0.7358142151539356,0.2082206534266541,1.0,False,neither
