measure,ceiling,condition,n,mean,sd,ci_low,ci_high,q25,median,q75,min,max
Genre shifts N_shift,3.0,No ad,54,2.4814814814814814,0.7707076077422138,2.2711187991657855,2.6918441637971773,2.0,3.0,3.0,0.0,3.0
Genre shifts N_shift,3.0,Implicit early,54,2.5555555555555554,0.6635145607498332,2.374450942920744,2.7366601681903666,2.0,3.0,3.0,0.0,3.0
Genre shifts N_shift,3.0,Explicit early,54,2.4074074074074074,0.7142357973972725,2.2124585621682473,2.6023562526465676,2.0,3.0,3.0,0.0,3.0
Genre shifts N_shift,3.0,Implicit late,54,2.462962962962963,0.8175657140044361,2.2398104796610907,2.686115446264835,2.0,3.0,3.0,0.0,3.0
Genre shifts N_shift,3.0,Explicit late,54,2.3518518518518516,0.7808415249408663,2.1387231425982374,2.564980561105466,2.0,3.0,3.0,0.0,3.0
Genre shifts N_shift,3.0,All,270,2.4518518518518517,0.7489126543490513,2.362118118938882,2.5415855847648214,2.0,3.0,3.0,0.0,3.0
Diversity D,4.0,No ad,54,3.111111111111111,0.743948331201069,2.908052305302504,3.3141699169197185,3.0,3.0,4.0,1.0,4.0
Diversity D,4.0,Implicit early,54,3.1666666666666665,0.6936368469679924,2.97734025258254,3.355993080750793,3.0,3.0,4.0,1.0,4.0
Diversity D,4.0,Explicit early,54,3.1296296296296298,0.7535149407264422,2.923959642070371,3.3352996171888885,3.0,3.0,4.0,1.0,4.0
Diversity D,4.0,Implicit late,54,3.0,0.8009428406336273,2.7813846877276465,3.2186153122723535,3.0,3.0,3.75,1.0,4.0
Diversity D,4.0,Explicit late,54,3.111111111111111,0.6913663438320149,2.922404425086099,3.2998177971361233,3.0,3.0,4.0,1.0,4.0
Diversity D,4.0,All,270,3.1037037037037036,0.7344327307832291,3.01570493625875,3.1917024711486572,3.0,3.0,4.0,1.0,4.0
Entropy H (nats),1.386,No ad,54,1.0548537777777778,0.30548695693187433,0.9714718894623023,1.1382356660932533,1.039721,1.039721,1.386294,0.0,1.386294
Entropy H (nats),1.386,Implicit early,54,1.0837976666666667,0.27684415156143993,1.0082337592641113,1.159361574069222,1.039721,1.039721,1.386294,0.0,1.386294
Entropy H (nats),1.386,Explicit early,54,1.0636942407407406,0.3052911152443965,0.9803658069160126,1.1470226745654686,1.039721,1.039721,1.386294,0.0,1.386294
Entropy H (nats),1.386,Implicit late,54,1.008354462962963,0.3467188043038821,0.91371844672287,1.1029904792030563,1.039721,1.039721,1.2996507499999999,0.0,1.386294
Entropy H (nats),1.386,Explicit late,54,1.0572762592592593,0.2866056462772619,0.979047976688738,1.1355045418297804,1.039721,1.039721,1.386294,0.0,1.386294
Entropy H (nats),1.386,All,270,1.0535952814814813,0.3038715300395705,1.0171857929275365,1.090004770035426,1.039721,1.039721,1.386294,0.0,1.386294
Max persistence R,4.0,No ad,54,1.5185185185185186,0.7707076077422138,1.3081558362028227,1.7288812008342145,1.0,1.0,2.0,1.0,4.0
Max persistence R,4.0,Implicit early,54,1.4259259259259258,0.6325107755619319,1.2532837176433602,1.5985681342084914,1.0,1.0,2.0,1.0,4.0
Max persistence R,4.0,Explicit early,54,1.5740740740740742,0.6895952286052769,1.385850809447844,1.7622973387003045,1.0,1.0,2.0,1.0,4.0
Max persistence R,4.0,Implicit late,54,1.537037037037037,0.8175657140044361,1.3138845537351647,1.7601895203389093,1.0,1.0,2.0,1.0,4.0
Max persistence R,4.0,Explicit late,54,1.6296296296296295,0.7597491218567644,1.4222580381787755,1.8370012210804836,1.0,1.0,2.0,1.0,4.0
Max persistence R,4.0,All,270,1.537037037037037,0.734517087468365,1.4490281620846064,1.6250459119894676,1.0,1.0,2.0,1.0,4.0
