condition,label,beh,eeg,primary,n,spearman_r,spearman_p,pearson_r,pearson_p
inline_early,implicit early − no ad,trust,eeg_fz_theta,True,18,-0.02636356468969875,0.9172974839667257,-0.04479239924338537,0.8599147665023437
inline_early,implicit early − no ad,trust,eeg_posterior_alpha,True,18,0.3342900002653802,0.1751485162713977,0.33607465704016354,0.17271364677274872
inline_early,implicit early − no ad,trust,eeg_theta,False,18,-0.13603599379884554,0.5904180527166408,0.01615884303336962,0.9492583821782505
inline_early,implicit early − no ad,trust,eeg_alpha,False,18,0.06854526819321674,0.7869659243933607,0.07956437335773234,0.7536525895759411
inline_early,implicit early − no ad,trust,eeg_beta,False,18,-0.2509811358459321,0.3151004815006084,-0.1554009369615691,0.5380681887705131
inline_early,implicit early − no ad,trust,eeg_delta,False,18,0.1877085805906551,0.4557424960441729,0.19488941742799665,0.43836258369704784
inline_early,implicit early − no ad,trust,eeg_gamma,False,18,-0.09807246064567936,0.6986448553487861,-0.07683361604121546,0.7618722266877133
inline_early,implicit early − no ad,trust,eeg_faa,False,18,-0.06432709784286496,0.7998155539182233,-0.02591197543843077,0.9187096459504931
inline_early,implicit early − no ad,trust,eeg_rel_delta,False,18,0.016872681401407203,0.9470197177141372,0.03901273967271177,0.8778526025686535
inline_early,implicit early − no ad,trust,eeg_rel_theta,False,18,-0.0991270032332673,0.6955504110292071,-0.05977075599172317,0.8137504209275632
inline_early,implicit early − no ad,trust,eeg_rel_alpha,False,18,-0.04323624609110595,0.8647384103271457,-0.2624534308157811,0.29273363358025767
inline_early,implicit early − no ad,trust,eeg_rel_beta,False,18,0.0010545425875879502,0.996686541043529,0.07249744663026178,0.7749738403591883
inline_early,implicit early − no ad,trust,eeg_rel_gamma,False,18,-0.06432709784286496,0.7998155539182233,-0.06961553083393802,0.7837138049926989
inline_early,implicit early − no ad,trust,eeg_engagement,False,18,-0.09385429029532755,0.7110674734997496,-0.1042129657575341,0.6806911244703859
inline_early,implicit early − no ad,trust,eeg_pope,False,18,0.07803615148150829,0.7582495250048561,-0.04665612928841086,0.8541439374344199
inline_early,implicit early − no ad,trust,eeg_kislov,False,18,-0.15818138813819252,0.5307287432027784,-0.02891371805747116,0.9093274514800309
inline_early,implicit early − no ad,credibility,eeg_fz_theta,True,18,0.24570838455261773,0.3257107634326879,0.22555121307697157,0.36816890002392
inline_early,implicit early − no ad,credibility,eeg_posterior_alpha,True,18,0.2917133586816184,0.24017506560401117,0.21109775319406854,0.4004311457190711
inline_early,implicit early − no ad,credibility,eeg_theta,False,18,0.07737200194422854,0.7602497233880093,0.2627945891190028,0.29208362993499315
inline_early,implicit early − no ad,credibility,eeg_alpha,False,18,0.13801492238700228,0.5849727108373887,0.09053972353796165,0.7208779702327452
inline_early,implicit early − no ad,credibility,eeg_beta,False,18,-0.15997184185766172,0.5260269758051827,-0.08075706467887112,0.7500703993519892
inline_early,implicit early − no ad,credibility,eeg_delta,False,18,0.2059768159866625,0.41221801567615035,0.14806446846934943,0.5576515215963616
inline_early,implicit early − no ad,credibility,eeg_gamma,False,18,-0.08782767788263782,0.7289361581301771,-0.013976159945051475,0.9561056579019419
inline_early,implicit early − no ad,credibility,eeg_faa,False,18,-0.04182270375363706,0.8691239517221825,0.05279402930804908,0.8351898442385761
inline_early,implicit early − no ad,credibility,eeg_rel_delta,False,18,-0.013592378719932043,0.9573099299371021,0.003976733349053397,0.9875052075979345
inline_early,implicit early − no ad,credibility,eeg_rel_theta,False,18,-0.10246562419641078,0.6857839205797975,-0.03482861968863957,0.8908744173713563
inline_early,implicit early − no ad,credibility,eeg_rel_alpha,False,18,-0.035549298190591494,0.8886295364516121,-0.029919683586443698,0.906185716035899
inline_early,implicit early − no ad,credibility,eeg_rel_beta,False,18,0.03241259540906872,0.8984058946535889,-0.005481528480022322,0.9827777525062832
inline_early,implicit early − no ad,credibility,eeg_rel_gamma,False,18,0.07318973156886484,0.7728781395561063,-0.002478696266063029,0.9922118252871229
inline_early,implicit early − no ad,credibility,eeg_engagement,False,18,-0.05332394728588725,0.8335573315636252,-0.06165342235767101,0.8079858782165229
inline_early,implicit early − no ad,credibility,eeg_pope,False,18,-0.07109859638118299,0.7792129772574058,-0.09478497292318315,0.708320502848119
inline_early,implicit early − no ad,credibility,eeg_kislov,False,18,0.06900746119350114,0.7855610815902687,0.005177737737913472,0.9837321004810483
inline_early,implicit early − no ad,manipulation,eeg_fz_theta,True,18,-0.2055041266477996,0.413315272483634,-0.1605376742394658,0.524545096923469
inline_early,implicit early − no ad,manipulation,eeg_posterior_alpha,True,18,-0.11728265813738058,0.6430268553580893,-0.0882318047756092,0.7277336544648365
inline_early,implicit early − no ad,manipulation,eeg_theta,False,18,0.1266237548031897,0.6166000339837161,0.11306012129396614,0.6551103801313537
inline_early,implicit early − no ad,manipulation,eeg_alpha,False,18,0.2833465988628753,0.25454467925262325,0.20722366220317265,0.4093311963403224
inline_early,implicit early − no ad,manipulation,eeg_beta,False,18,0.16191234220735726,0.5209529916702991,0.36678620760637415,0.13434642937713692
inline_early,implicit early − no ad,manipulation,eeg_delta,False,18,-0.28438449849240954,0.2527334527847571,-0.3798480175081711,0.11999153537913444
inline_early,implicit early − no ad,manipulation,eeg_gamma,False,18,0.2117315244250057,0.3989852340220019,0.31223101210531096,0.20716158933314813
inline_early,implicit early − no ad,manipulation,eeg_faa,False,18,0.11935845739644928,0.6371174715900569,0.1668632400982066,0.5081115065785724
inline_early,implicit early − no ad,manipulation,eeg_rel_delta,False,18,-0.5096087181013618,0.03074685041565503,-0.5048944010707168,0.0325933036848096
inline_early,implicit early − no ad,manipulation,eeg_rel_theta,False,18,-0.09652466554669377,0.703194884021592,0.009217571020429232,0.9710433045923437
inline_early,implicit early − no ad,manipulation,eeg_rel_alpha,False,18,0.2075799259068683,0.40850833913850815,0.26290469874454264,0.29187402670797613
inline_early,implicit early − no ad,manipulation,eeg_rel_beta,False,18,0.5417836066169263,0.020210156224574442,0.5260380940239863,0.024937220510001964
inline_early,implicit early − no ad,manipulation,eeg_rel_gamma,False,18,0.4836612273630031,0.04199209247900735,0.49121004617203856,0.038440234408879365
inline_early,implicit early − no ad,manipulation,eeg_engagement,False,18,0.27296760256753183,0.2731040232866798,0.37980024395783873,0.12004197552287979
inline_early,implicit early − no ad,manipulation,eeg_pope,False,18,0.3259004836737832,0.18690386469255338,0.44205816149012367,0.06623816470449667
inline_early,implicit early − no ad,manipulation,eeg_kislov,False,18,0.060198178512991814,0.8124408842262953,0.2662276700424494,0.28559140352247353
inline_early,implicit early − no ad,notice,eeg_fz_theta,True,18,-0.15536093795110087,0.5381741069198679,-0.11713380833226852,0.643451390529826
inline_early,implicit early − no ad,notice,eeg_posterior_alpha,True,18,0.10771691697942994,0.6705182121359973,-0.012906897962200927,0.959461126076238
inline_early,implicit early − no ad,notice,eeg_theta,False,18,0.2444345423763987,0.32830515170028013,0.2196118961457377,0.38124506337945535
inline_early,implicit early − no ad,notice,eeg_alpha,False,18,0.36354459480557605,0.13808670290952962,0.27386938284580054,0.2714592434495755
inline_early,implicit early − no ad,notice,eeg_beta,False,18,0.36561607397825735,0.13568831988547547,0.4526205084317603,0.05928388421580789
inline_early,implicit early − no ad,notice,eeg_delta,False,18,-0.22786270899494793,0.3631488765965639,-0.3879324182751896,0.11166996104260572
inline_early,implicit early − no ad,notice,eeg_gamma,False,18,0.46193985550793987,0.05361502466182739,0.4635000726202899,0.05270733233595392
inline_early,implicit early − no ad,notice,eeg_faa,False,18,0.029000708417538826,0.9090557202821656,0.14640216209309997,0.5621317790752623
inline_early,implicit early − no ad,notice,eeg_rel_delta,False,18,-0.4577968971625772,0.05608239614738428,-0.5210886612440261,0.026588664525495187
inline_early,implicit early − no ad,notice,eeg_rel_theta,False,18,0.010357395863406725,0.9674642761278558,0.1579425749594773,0.531357322906584
inline_early,implicit early − no ad,notice,eeg_rel_alpha,False,18,0.1356818858106281,0.5913946546757631,0.18054129261566607,0.47343193100223907
inline_early,implicit early − no ad,notice,eeg_rel_beta,False,18,0.5012979597888855,0.034058577437147027,0.5509059420596282,0.01781312465527701
inline_early,implicit early − no ad,notice,eeg_rel_gamma,False,18,0.5634423349693258,0.014891419324980261,0.60894164633694,0.007314308499269927
inline_early,implicit early − no ad,notice,eeg_engagement,False,18,0.2651493341032122,0.2876210611912377,0.3647464355811011,0.13669163626856098
inline_early,implicit early − no ad,notice,eeg_pope,False,18,0.26100637575784946,0.2955004178966016,0.42594441687576223,0.07799023996434168
inline_early,implicit early − no ad,notice,eeg_kislov,False,18,-0.027964968831198152,0.9122916686771467,0.19751638473370592,0.4320916628049332
inline_late,implicit late − no ad,trust,eeg_fz_theta,True,18,-0.0254050198212771,0.9202952193980921,-0.037045070551969296,0.8839728642595222
inline_late,implicit late − no ad,trust,eeg_posterior_alpha,True,18,0.06457109204574597,0.7990709173938427,-0.04593906448935964,0.8563634295609319
inline_late,implicit late − no ad,trust,eeg_theta,False,18,-0.16301554385319475,0.5180785446118927,-0.13008079846878703,0.6069301564894383
inline_late,implicit late − no ad,trust,eeg_alpha,False,18,0.16830825631596083,0.5043919684776732,0.18382781954922703,0.46527854028862525
inline_late,implicit late − no ad,trust,eeg_beta,False,18,-0.3980119772000079,0.10188061660495855,-0.38802527931217745,0.1115768294376566
inline_late,implicit late − no ad,trust,eeg_delta,False,18,0.24452331577979214,0.32812395913663467,0.09745804398284397,0.7004498864991121
inline_late,implicit late − no ad,trust,eeg_gamma,False,18,-0.48692954657447785,0.04042480428739147,-0.4852274211708877,0.04123535946946967
inline_late,implicit late − no ad,trust,eeg_faa,False,18,-0.22652809340638752,0.36604261018741474,0.040339454181601675,0.8737296700529544
inline_late,implicit late − no ad,trust,eeg_rel_delta,False,18,0.08997611186702308,0.7225503358883004,0.034931622136842214,0.8905535206471169
inline_late,implicit late − no ad,trust,eeg_rel_theta,False,18,-0.09421028183723593,0.7100163390567201,-0.03920157368365988,0.8772655920664643
inline_late,implicit late − no ad,trust,eeg_rel_alpha,False,18,0.20641578604787647,0.4112004293774196,0.18413866551018826,0.46451104407043026
inline_late,implicit late − no ad,trust,eeg_rel_beta,False,18,-0.3863680097819226,0.11324725377291939,-0.2754505409522878,0.2685901423596725
inline_late,implicit late − no ad,trust,eeg_rel_gamma,False,18,-0.5229199913212871,0.02596798377312288,-0.46190984122256146,0.05363260076120488
inline_late,implicit late − no ad,trust,eeg_engagement,False,18,-0.5536177236053302,0.01714569052871814,-0.47586948499521564,0.045915376594198164
inline_late,implicit late − no ad,trust,eeg_pope,False,18,-0.43294387945426394,0.07271105527948198,-0.31707973094371655,0.1998182391113059
inline_late,implicit late − no ad,trust,eeg_kislov,False,18,-0.6615890578457579,0.002786859770742855,-0.29155254346270787,0.24044628953960065
inline_late,implicit late − no ad,credibility,eeg_fz_theta,True,18,-0.082556124726506,0.7446762235344562,-0.19075701410803067,0.44832195922590584
inline_late,implicit late − no ad,credibility,eeg_posterior_alpha,True,18,0.04493561219290833,0.8594710804821083,-0.048946473421865054,0.847061811176122
inline_late,implicit late − no ad,credibility,eeg_theta,False,18,0.011495156607488177,0.9638923188008891,-0.05017538526213463,0.8432663678572406
inline_late,implicit late − no ad,credibility,eeg_alpha,False,18,0.02612535592610949,0.9180423560364099,0.09323487018367028,0.7128976139113626
inline_late,implicit late − no ad,credibility,eeg_beta,False,18,-0.23512820333498544,0.34762379066455357,-0.2013174318719954,0.42310173922740935
inline_late,implicit late − no ad,credibility,eeg_delta,False,18,0.40651053821026367,0.09411859012118358,0.16589635151225102,0.5106075515887144
inline_late,implicit late − no ad,credibility,eeg_gamma,False,18,-0.22885811791271915,0.360999056010396,-0.29095781115968555,0.2414510301697694
inline_late,implicit late − no ad,credibility,eeg_faa,False,18,0.1389868935269025,0.5823059183703697,0.2485369387728607,0.319993128730105
inline_late,implicit late − no ad,credibility,eeg_rel_delta,False,18,0.35216979788395597,0.15178261424493725,0.20934262211387536,0.40445017105081815
inline_late,implicit late − no ad,credibility,eeg_rel_theta,False,18,-0.39188033889164237,0.1077591521081824,-0.27990758433116525,0.26060414163090295
inline_late,implicit late − no ad,credibility,eeg_rel_alpha,False,18,-0.25602848807587303,0.3051383533211577,-0.12941307411014086,0.6087931136116752
inline_late,implicit late − no ad,credibility,eeg_rel_beta,False,18,-0.48802164869972525,0.03991119399169122,-0.3531943059811862,0.15051225122494316
inline_late,implicit late − no ad,credibility,eeg_rel_gamma,False,18,-0.34798974093577845,0.15704206757209038,-0.3916673624851303,0.1079675946841022
inline_late,implicit late − no ad,credibility,eeg_engagement,False,18,-0.2978290575576482,0.23000490898363635,-0.21068724986418447,0.40136919916734815
inline_late,implicit late − no ad,credibility,eeg_pope,False,18,-0.0616558399856184,0.8079784816548863,-0.05797079347618285,0.819270265164134
inline_late,implicit late − no ad,credibility,eeg_kislov,False,18,-0.30200911450582574,0.22321516170594846,-0.03515780376060285,0.8898489249076352
inline_late,implicit late − no ad,manipulation,eeg_fz_theta,True,18,0.39067693138487064,0.10894072480782696,0.23603056752591017,0.34572261740573057
inline_late,implicit late − no ad,manipulation,eeg_posterior_alpha,True,18,0.2290175115014759,0.3606554785749005,-0.08290695804490175,0.7436256168944143
inline_late,implicit late − no ad,manipulation,eeg_theta,False,18,0.47150664132656805,0.048230345254176375,0.2869721146405251,0.24825320882132362
inline_late,implicit late − no ad,manipulation,eeg_alpha,False,18,0.14404268822943506,0.5685178457094673,0.11042017637663723,0.6627069092236908
inline_late,implicit late − no ad,manipulation,eeg_beta,False,18,-0.06424925662032356,0.8000531491539615,-0.08215183765922834,0.7458874348947061
inline_late,implicit late − no ad,manipulation,eeg_delta,False,18,0.07253948328101047,0.7748465436855169,-0.21820475758968247,0.38438027324237944
inline_late,implicit late − no ad,manipulation,eeg_gamma,False,18,-0.02176184498430314,0.9316978218805954,-0.041470836422648275,0.8702161967891552
inline_late,implicit late − no ad,manipulation,eeg_faa,False,18,-0.04870508163153559,0.8478077188130013,-0.0713749341722908,0.7783750771300109
inline_late,implicit late − no ad,manipulation,eeg_rel_delta,False,18,-0.32331883976678943,0.19062448243081911,-0.26115434599867376,0.29521677443191924
inline_late,implicit late − no ad,manipulation,eeg_rel_theta,False,18,0.25077935648577904,0.3155027020195617,0.2418532278905314,0.33359937349053853
inline_late,implicit late − no ad,manipulation,eeg_rel_alpha,False,18,0.24145285149250623,0.33442496363659696,0.24141744473891888,0.33449803075467144
inline_late,implicit late − no ad,manipulation,eeg_rel_beta,False,18,0.07875715327652565,0.7560797592790673,0.1015446323226756,0.6884734513160459
inline_late,implicit late − no ad,manipulation,eeg_rel_gamma,False,18,0.13575246156874815,0.5911999588299662,0.3005865245500935,0.22551120489656618
inline_late,implicit late − no ad,manipulation,eeg_engagement,False,18,-0.3077746647780015,0.21406455880000913,-0.2721674028637057,0.274568665915621
inline_late,implicit late − no ad,manipulation,eeg_pope,False,18,0.07875715327652565,0.7560797592790673,0.2442174732799153,0.32874845112949413
inline_late,implicit late − no ad,manipulation,eeg_kislov,False,18,-0.07979343160911151,0.7529642504137058,0.09571918243931662,0.7055665630115907
inline_late,implicit late − no ad,notice,eeg_fz_theta,True,18,0.1930214933066622,0.4428501152192879,0.05138810401786884,0.8395241545475953
inline_late,implicit late − no ad,notice,eeg_posterior_alpha,True,18,0.18154453965059036,0.4709355314970776,-0.1519102955977923,0.5473468366654459
inline_late,implicit late − no ad,notice,eeg_theta,False,18,0.4402976766238457,0.067453765152289,0.18353889164920612,0.4659924896588273
inline_late,implicit late − no ad,notice,eeg_alpha,False,18,0.05842812770363828,0.8178670070946898,0.1449489966267779,0.5660611642313094
inline_late,implicit late − no ad,notice,eeg_beta,False,18,-0.151287116375492,0.5490108198175123,-0.13766305219642722,0.5859393967371341
inline_late,implicit late − no ad,notice,eeg_delta,False,18,0.2900539196716329,0.24298316316476945,-0.1746683224085915,0.4881764914602652
inline_late,implicit late − no ad,notice,eeg_gamma,False,18,-0.04382109577772872,0.8629249954678648,-0.059805851819767726,0.813642876603614
inline_late,implicit late − no ad,notice,eeg_faa,False,18,0.11476953656071806,0.6502085560168772,0.14779274753515614,0.5583827915484386
inline_late,implicit late − no ad,notice,eeg_rel_delta,False,18,-0.155460554068609,0.5379103390540206,-0.17249507461201108,0.49368862658191726
inline_late,implicit late − no ad,notice,eeg_rel_theta,False,18,0.05947148712691755,0.8146676006010986,0.03311208715076896,0.8962244901686311
inline_late,implicit late − no ad,notice,eeg_rel_alpha,False,18,0.07512187847610637,0.767037045906876,0.2241817702203837,0.37116129688870203
inline_late,implicit late − no ad,notice,eeg_rel_beta,False,18,-0.1095527394443218,0.6652098836293939,-0.014966586023137099,0.9529982111203447
inline_late,implicit late − no ad,notice,eeg_rel_gamma,False,18,0.09911914521152923,0.6955734527200678,0.31287146149845757,0.20618164894969607
inline_late,implicit late − no ad,notice,eeg_engagement,False,18,-0.30570431102082174,0.21732188913678796,-0.21435905655447246,0.3930210212132293
inline_late,implicit late − no ad,notice,eeg_pope,False,18,0.17945782080403186,0.4761353138326276,0.3294481484224253,0.18187046348460756
inline_late,implicit late − no ad,notice,eeg_kislov,False,18,-0.06677500308987233,0.7923524300731613,0.10232710208104122,0.686188211825339
block_early,explicit early − no ad,trust,eeg_fz_theta,True,18,-0.09194357336281231,0.7167176742004597,-0.08939079465441156,0.7242883742896974
block_early,explicit early − no ad,trust,eeg_posterior_alpha,True,18,0.11202320432710465,0.6580903518831919,-0.04550599395774438,0.8577043874320941
block_early,explicit early − no ad,trust,eeg_theta,False,18,0.027477389740610578,0.9138154636521278,0.10051801779642953,0.6914756221728032
block_early,explicit early − no ad,trust,eeg_alpha,False,18,0.22827369938353398,0.36226037099797903,0.20127006940612144,0.4232131448233696
block_early,explicit early − no ad,trust,eeg_beta,False,18,0.2716034293591122,0.27560383506161235,0.25300932933684,0.31107445097692554
block_early,explicit early − no ad,trust,eeg_delta,False,18,-0.09194357336281231,0.7167176742004597,0.11082366165794894,0.6615438150072829
block_early,explicit early − no ad,trust,eeg_gamma,False,18,0.24729650766549516,0.3224931972685384,0.18038746290377622,0.47381528842219944
block_early,explicit early − no ad,trust,eeg_faa,False,18,-0.03804561656392234,0.880859951424672,0.15330134940028667,0.5436406596226595
block_early,explicit early − no ad,trust,eeg_rel_delta,False,18,-0.18177350136096226,0.4703667220890985,0.06123789952267497,0.8092573706133029
block_early,explicit early − no ad,trust,eeg_rel_theta,False,18,-0.07397758776318232,0.7704949416931983,-0.15351334835866412,0.5430768236548016
block_early,explicit early − no ad,trust,eeg_rel_alpha,False,18,0.05389795679888998,0.8317897173576344,0.036470628841290764,0.8857608092754574
block_early,explicit early − no ad,trust,eeg_rel_beta,False,18,0.252580621077151,0.31192288670182866,0.007293778795249465,0.9770851362617183
block_early,explicit early − no ad,trust,eeg_rel_gamma,False,18,0.28639894691174866,0.24924124873975606,0.046918297317820906,0.8533327220261574
block_early,explicit early − no ad,trust,eeg_engagement,False,18,0.10039815482146172,0.6918264289844834,0.05464905764028249,0.8294779259333583
block_early,explicit early − no ad,trust,eeg_pope,False,18,0.33818325834597635,0.16986636698802413,0.1070846277182221,0.6723499512456138
block_early,explicit early − no ad,trust,eeg_kislov,False,18,-0.008454581458649408,0.9734393755892489,0.011950063474157802,0.9624643351134166
block_early,explicit early − no ad,credibility,eeg_fz_theta,True,18,0.19238443726673043,0.4443859898720201,0.10844846504927975,0.6684011252026162
block_early,explicit early − no ad,credibility,eeg_posterior_alpha,True,18,0.06064292044277373,0.8110787868960535,-0.06682563492990294,0.7921982435772368
block_early,explicit early − no ad,credibility,eeg_theta,False,18,0.15683513907613894,0.5342766478172566,0.15699079644290032,0.5338658766398983
block_early,explicit early − no ad,credibility,eeg_alpha,False,18,0.10037448900872892,0.6918956995376825,0.07883955150631473,0.7558319021912059
block_early,explicit early − no ad,credibility,eeg_beta,False,18,0.044959406535159833,0.8593973674425811,0.004940318399699068,0.9844779597087379
block_early,explicit early − no ad,credibility,eeg_delta,False,18,0.2070223835805034,0.40979647981606565,0.2013974093385118,0.4229136520828903
block_early,explicit early − no ad,credibility,eeg_gamma,False,18,0.04600497412900076,0.8561593799412445,-0.02914962137176833,0.908590584207097
block_early,explicit early − no ad,credibility,eeg_faa,False,18,-0.1150124353225019,0.6495131345994252,0.06027733581592466,0.81219841401261
block_early,explicit early − no ad,credibility,eeg_rel_delta,False,18,0.22584260026964006,0.36753393816249935,0.2567575377255071,0.30371517767727796
block_early,explicit early − no ad,credibility,eeg_rel_theta,False,18,-0.10142005660256985,0.6888375181277586,-0.17587887531551918,0.4851191476408327
block_early,explicit early − no ad,credibility,eeg_rel_alpha,False,18,-0.11396686772866096,0.6525085581878689,-0.08983868541203441,0.7229582936776029
block_early,explicit early − no ad,credibility,eeg_rel_beta,False,18,-0.16415411223302542,0.515119734090945,-0.192565886319983,0.4439482562359903
block_early,explicit early − no ad,credibility,eeg_rel_gamma,False,18,-0.024048054658341304,0.9245407069016773,-0.12821110510123115,0.6121523921621443
block_early,explicit early − no ad,credibility,eeg_engagement,False,18,-0.15683513907613894,0.5342766478172566,-0.10937668253299153,0.6657183053065187
block_early,explicit early − no ad,credibility,eeg_pope,False,18,0.030321460221386865,0.9049312933734265,-0.04912485327386974,0.8465106916836875
block_early,explicit early − no ad,credibility,eeg_kislov,False,18,0.03136702781522779,0.9016678442440169,-0.027374090319271346,0.9141383346068424
block_early,explicit early − no ad,manipulation,eeg_fz_theta,True,18,-0.2200347214612804,0.3803057535791246,-0.09408840932833046,0.7103761354443877
block_early,explicit early − no ad,manipulation,eeg_posterior_alpha,True,18,-0.18889773257525014,0.45284045526235656,-0.2953397113976827,0.23411067037608613
block_early,explicit early − no ad,manipulation,eeg_theta,False,18,-0.10897946110110587,0.6668659209383758,-0.1089263942574321,0.667019290145159
block_early,explicit early − no ad,manipulation,eeg_alpha,False,18,-0.35496167330074485,0.14833798655893887,-0.35786221069192126,0.14481674384714333
block_early,explicit early − no ad,manipulation,eeg_beta,False,18,-0.05604657999485444,0.8251800910705025,-0.0570074666899707,0.8222277870409047
block_early,explicit early − no ad,manipulation,eeg_delta,False,18,0.01868219333161815,0.9413466456743257,-0.0739399152729093,0.770608853426485
block_early,explicit early − no ad,manipulation,eeg_gamma,False,18,-0.01972009296115249,0.9380938809180861,-0.04858830725312123,0.8481685992381837
block_early,explicit early − no ad,manipulation,eeg_faa,False,18,0.036326487033701955,0.8862095321888893,0.11593247883943651,0.6468815443379056
block_early,explicit early − no ad,manipulation,eeg_rel_delta,False,18,0.1048278625829685,0.6789020565707818,0.004570300504942827,0.9856404050640033
block_early,explicit early − no ad,manipulation,eeg_rel_theta,False,18,-0.15360914517108254,0.5428221271227452,-0.17049516098018555,0.49878754496163563
block_early,explicit early − no ad,manipulation,eeg_rel_alpha,False,18,-0.28438449849240954,0.2527334527847571,-0.3381719222519129,0.16988158887835655
block_early,explicit early − no ad,manipulation,eeg_rel_beta,False,18,-0.13492695183946438,0.5934789364369858,0.04859031738720604,0.8481623868612979
block_early,explicit early − no ad,manipulation,eeg_rel_gamma,False,18,0.05916027888345748,0.8156216145708851,0.10604079919764807,0.6753777587120077
block_early,explicit early − no ad,manipulation,eeg_engagement,False,18,0.19720092961152488,0.43284220767335496,0.28037062919191236,0.2597830684057494
block_early,explicit early − no ad,manipulation,eeg_pope,False,18,0.2293758181270895,0.3598838147614191,0.32869519028695887,0.1829310869289352
block_early,explicit early − no ad,manipulation,eeg_kislov,False,18,-0.13804065072806743,0.5849020541441095,0.11694885974509794,0.6439790295790013
block_early,explicit early − no ad,notice,eeg_fz_theta,True,18,0.09880695815194987,0.6964890685958114,0.2351655462085985,0.34754499489897056
block_early,explicit early − no ad,notice,eeg_posterior_alpha,True,18,-0.2860201420188022,0.24989560073815587,-0.21678556860642767,0.38755669776640733
block_early,explicit early − no ad,notice,eeg_theta,False,18,0.1622514260179387,0.5200687035094803,0.17809630961492973,0.4795432288053256
block_early,explicit early − no ad,notice,eeg_alpha,False,18,-0.2558580179513649,0.3054717025161218,-0.11179806067903493,0.6587380373656778
block_early,explicit early − no ad,notice,eeg_beta,False,18,-0.14353010763125348,0.5699093035901714,-0.020121278476935494,0.9368368175666413
block_early,explicit early − no ad,notice,eeg_delta,False,18,0.41914951721300836,0.08337923161937297,0.3764938183134321,0.12356944658917902
block_early,explicit early − no ad,notice,eeg_gamma,False,18,0.016641171899275768,0.9477457127543686,0.13614898504244274,0.5901065728686838
block_early,explicit early − no ad,notice,eeg_faa,False,18,0.10192717788306407,0.6873558869693234,-0.009700484698100175,0.9695268967216754
block_early,explicit early − no ad,notice,eeg_rel_delta,False,18,0.46179252020490247,0.053701344525966664,0.3944844071722919,0.10523371530659657
block_early,explicit early − no ad,notice,eeg_rel_theta,False,18,-0.3338635112292201,0.1757337932448234,-0.48133758583108793,0.04313426077480961
block_early,explicit early − no ad,notice,eeg_rel_alpha,False,18,-0.5408380867264624,0.020472427952248486,-0.4998724331151547,0.03465321248213218
block_early,explicit early − no ad,notice,eeg_rel_beta,False,18,-0.34322417042256265,0.16318868079156387,-0.2661929185237934,0.2856566766723098
block_early,explicit early − no ad,notice,eeg_rel_gamma,False,18,-0.18617311062314765,0.45950362401277783,-0.12886887554375293,0.6103131294168036
block_early,explicit early − no ad,notice,eeg_engagement,False,18,0.021841538117799444,0.9314482508489537,0.110494151157719,0.6624936130704414
block_early,explicit early − no ad,notice,eeg_pope,False,18,0.07696542003415041,0.7614749287742739,0.09777320547630759,0.6995238146997197
block_early,explicit early − no ad,notice,eeg_kislov,False,18,-0.24233706578320333,0.33260326800574075,0.033738412152266126,0.8942718606531754
block_late,explicit late − no ad,trust,eeg_fz_theta,True,18,0.2548486689265047,0.3074499176227121,0.2971922548123533,0.23105078032526155
block_late,explicit late − no ad,trust,eeg_posterior_alpha,True,18,0.46896332929508444,0.049620021068967506,0.5128671596233189,0.029518696778231185
block_late,explicit late − no ad,trust,eeg_theta,False,18,0.18800311642119197,0.45502282380383785,0.1683404850769002,0.5043091582291634
block_late,explicit late − no ad,trust,eeg_alpha,False,18,0.2934937539686386,0.2371853307556233,0.40803597762787064,0.09277196956369495
block_late,explicit late − no ad,trust,eeg_beta,False,18,0.3237831449476084,0.1899517345364519,0.2321006302841861,0.3540462270815558
block_late,explicit late − no ad,trust,eeg_delta,False,18,0.28827144517916103,0.2460225614880553,0.20468316574583564,0.4152246787535518
block_late,explicit late − no ad,trust,eeg_gamma,False,18,0.21307019861068427,0.39594047053573966,0.3586974282630268,0.14381360050851308
block_late,explicit late − no ad,trust,eeg_faa,False,18,0.31124960385286227,0.2086691325889215,0.3797427003143633,0.12010275098252432
block_late,explicit late − no ad,trust,eeg_rel_delta,False,18,-0.010444617578955111,0.9671904251304679,-0.10532156226772622,0.6774667973637867
block_late,explicit late − no ad,trust,eeg_rel_theta,False,18,-0.4000288532739807,0.09999832991386338,-0.455636700698447,0.05740224717544325
block_late,explicit late − no ad,trust,eeg_rel_alpha,False,18,-0.29453821572653416,0.23544250990695084,-0.301533081730739,0.22398178602917987
block_late,explicit late − no ad,trust,eeg_rel_beta,False,18,-0.006266770547373066,0.9803110481572919,0.11399469443412678,0.6524287722646746
block_late,explicit late − no ad,trust,eeg_rel_gamma,False,18,0.17651403708434138,0.48351875133425376,0.2416804518175444,0.333955498127366
block_late,explicit late − no ad,trust,eeg_engagement,False,18,0.22455927794753486,0.37033504088958474,0.16715562015511906,0.5073578604325042
block_late,explicit late − no ad,trust,eeg_pope,False,18,-0.04491185558950697,0.8595446777126065,-0.07427272562014194,0.7696026770091239
block_late,explicit late − no ad,trust,eeg_kislov,False,18,-0.08042355535795434,0.7510715918035668,-0.1499263377466027,0.552652114393619
block_late,explicit late − no ad,credibility,eeg_fz_theta,True,18,0.03136702781522779,0.9016678442440169,0.03360836393364025,0.8946772514918199
block_late,explicit late − no ad,credibility,eeg_posterior_alpha,True,18,0.42554601069325704,0.07829896409113159,0.5900530620405461,0.009946687421295973
block_late,explicit late − no ad,credibility,eeg_theta,False,18,0.30007789943234586,0.22633579823661154,0.2693089520815718,0.2798400674482136
block_late,explicit late − no ad,credibility,eeg_alpha,False,18,0.30948800777691415,0.21139307725736967,0.5427956652625533,0.019932362421084496
block_late,explicit late − no ad,credibility,eeg_beta,False,18,0.16729081501454823,0.5070095580392621,0.31204102514191384,0.20745287048766287
block_late,explicit late − no ad,credibility,eeg_delta,False,18,0.018820216689136676,0.9409140301649601,0.285213849481364,0.2512920021634148
block_late,explicit late − no ad,credibility,eeg_gamma,False,18,0.17460978817143472,0.4883245614407296,0.27759360089615326,0.2647315560965087
block_late,explicit late − no ad,credibility,eeg_faa,False,18,0.3711764958135289,0.12939426842677937,0.4601982327897068,0.054642099171814104
block_late,explicit late − no ad,credibility,eeg_rel_delta,False,18,-0.198657842829776,0.4293815490368115,-0.1680590894940453,0.5050324090093697
block_late,explicit late − no ad,credibility,eeg_rel_theta,False,18,-0.19029330207904857,0.44944672077323805,-0.4345729267005473,0.07152118948906294
block_late,explicit late − no ad,credibility,eeg_rel_alpha,False,18,-0.1265136788547521,0.6169089326570363,-0.24088454773312062,0.3355988646134959
block_late,explicit late − no ad,credibility,eeg_rel_beta,False,18,0.0637796232242965,0.8014869677613274,0.1408169399565433,0.5772987949617121
block_late,explicit late − no ad,credibility,eeg_rel_gamma,False,18,0.24257168177109492,0.3321208751032295,0.27145640244331254,0.2758740961821237
block_late,explicit late − no ad,credibility,eeg_engagement,False,18,0.1265136788547521,0.6169089326570363,0.18668370144799423,0.4582511960458391
block_late,explicit late − no ad,credibility,eeg_pope,False,18,0.0020911351876818527,0.9934295324055389,0.018312599618311633,0.9425051636951842
block_late,explicit late − no ad,credibility,eeg_kislov,False,18,-0.11605800291634281,0.6465228171843852,-0.09716213883498655,0.7013197414185565
block_late,explicit late − no ad,manipulation,eeg_fz_theta,True,18,-0.1449282351274927,0.5661173897912011,-0.1271987093323693,0.6149875745731439
block_late,explicit late − no ad,manipulation,eeg_posterior_alpha,True,18,-0.11490738642251208,0.6498138567882107,-0.14515197811614308,0.5655115844323272
block_late,explicit late − no ad,manipulation,eeg_theta,False,18,0.33540534415219747,0.1736241218895147,0.34644971519000833,0.15901079324070067
block_late,explicit late − no ad,manipulation,eeg_alpha,False,18,0.1335410166531897,0.5973132132434293,0.08073434702549691,0.7501385855332932
block_late,explicit late − no ad,manipulation,eeg_beta,False,18,-0.32091252063944814,0.19413642794306402,-0.15828225626871434,0.530463350764286
block_late,explicit late − no ad,manipulation,eeg_delta,False,18,0.25362441147311227,0.3098595740962491,0.3155676483839992,0.20208960406848908
block_late,explicit late − no ad,manipulation,eeg_gamma,False,18,-0.24948360475518389,0.31809285848251023,-0.2877525294604798,0.24691189270786412
block_late,explicit late − no ad,manipulation,eeg_faa,False,18,0.024844840307570178,0.9220475904112192,-0.021428227962647036,0.9327426593096338
block_late,explicit late − no ad,manipulation,eeg_rel_delta,False,18,0.2028995291784898,0.41938925995472187,0.24756186162591728,0.3219574165515371
block_late,explicit late − no ad,manipulation,eeg_rel_theta,False,18,-0.0051760083974104545,0.9837375332049901,-0.06717701567387244,0.791128404573654
block_late,explicit late − no ad,manipulation,eeg_rel_alpha,False,18,-0.15424505024283153,0.5411327993636627,-0.1154305109304663,0.6483168258745592
block_late,explicit late − no ad,manipulation,eeg_rel_beta,False,18,-0.42339748690817514,0.07997933251246338,-0.40134577807573457,0.09878286364505821
block_late,explicit late − no ad,manipulation,eeg_rel_gamma,False,18,-0.3322997391137512,0.17789103286760147,-0.36991599002972014,0.13080279982025653
block_late,explicit late − no ad,manipulation,eeg_engagement,False,18,-0.375778209651999,0.1243423999139114,-0.3259085646277411,0.18689229513141312
block_late,explicit late − no ad,manipulation,eeg_pope,False,18,-0.10248496626872698,0.6857274751808174,-0.2287905671473594,0.3611447194970413
block_late,explicit late − no ad,manipulation,eeg_kislov,False,18,-0.2474132013962197,0.32225751433921346,-0.3114359351805896,0.208382358542774
block_late,explicit late − no ad,notice,eeg_fz_theta,True,18,0.1489144860321216,0.5553666297961469,0.09850364789672106,0.6973790321512641
block_late,explicit late − no ad,notice,eeg_posterior_alpha,True,18,-0.1954502629171596,0.4370198222554083,-0.14554671401611838,0.5644434856862656
block_late,explicit late − no ad,notice,eeg_theta,False,18,0.5346443699903255,0.022257278835546117,0.5776183802073291,0.012060113458959871
block_late,explicit late − no ad,notice,eeg_alpha,False,18,0.20992806017028257,0.40310717924060596,0.19082210351596549,0.4481641965042532
block_late,explicit late − no ad,notice,eeg_beta,False,18,-0.3071361274412508,0.2150657737944827,-0.22723551175316667,0.36450716182461834
block_late,explicit late − no ad,notice,eeg_delta,False,18,0.4260608905919035,0.07790015380626962,0.4542424317823945,0.05826640636285308
block_late,explicit late − no ad,notice,eeg_gamma,False,18,-0.19751851966760575,0.4320865855944787,-0.21746688008316864,0.38602999036409197
block_late,explicit late − no ad,notice,eeg_faa,False,18,0.054808803886822535,0.8289864187953977,0.031008303824439667,0.9027873351554159
block_late,explicit late − no ad,notice,eeg_rel_delta,False,18,0.2088939317950595,0.4054810971888867,0.3850749271638828,0.11456288568224327
block_late,explicit late − no ad,notice,eeg_rel_theta,False,18,-0.014477797253122935,0.9545317005075518,-0.10820576794057965,0.6691032233350579
block_late,explicit late − no ad,notice,eeg_rel_alpha,False,18,-0.2812829180606742,0.2581701279371861,-0.285415581954808,0.2509421660406245
block_late,explicit late − no ad,notice,eeg_rel_beta,False,18,-0.5025863903584104,0.033527922522176255,-0.5204051678414351,0.02682325291806556
block_late,explicit late − no ad,notice,eeg_rel_gamma,False,18,-0.3267845665704891,0.18564094576009052,-0.4169564087136457,0.0851752566445844
block_late,explicit late − no ad,notice,eeg_engagement,False,18,-0.449845843222034,0.06105525539836638,-0.42925749697864063,0.07545746633725361
block_late,explicit late − no ad,notice,eeg_pope,False,18,-0.10444696589752975,0.680010099534787,-0.3670158153975641,0.13408420924929867
block_late,explicit late − no ad,notice,eeg_kislov,False,18,-0.3123067693173662,0.20704551582611846,-0.5043128328776558,0.032826888244454185
