genre_source,set,subset,to_genre,count,share,n
utterance,crossing,all,relationships_and_personal_reflection,25,0.23148148148148148,108
utterance,crossing,all,general_guidance_and_info,19,0.17592592592592593,108
utterance,crossing,all,other_obscene_or_illegal,14,0.12962962962962962,108
utterance,crossing,all,academic_help,11,0.10185185185185185,108
utterance,crossing,all,media_generation_or_analysis,7,0.06481481481481481,108
utterance,crossing,all,other,6,0.05555555555555555,108
utterance,crossing,all,personal_writing_or_communication,6,0.05555555555555555,108
utterance,crossing,all,greetings_and_chitchat,6,0.05555555555555555,108
utterance,crossing,all,writing_and_editing,5,0.046296296296296294,108
utterance,crossing,all,purchasable_products,4,0.037037037037037035,108
utterance,crossing,all,creative_ideation,4,0.037037037037037035,108
utterance,crossing,all,creative_writing_and_role_play,1,0.009259259259259259,108
utterance,crossing,shifts_only,relationships_and_personal_reflection,17,0.19101123595505617,89
utterance,crossing,shifts_only,general_guidance_and_info,13,0.14606741573033707,89
utterance,crossing,shifts_only,other_obscene_or_illegal,12,0.1348314606741573,89
utterance,crossing,shifts_only,academic_help,9,0.10112359550561797,89
utterance,crossing,shifts_only,media_generation_or_analysis,7,0.07865168539325842,89
utterance,crossing,shifts_only,other,6,0.06741573033707865,89
utterance,crossing,shifts_only,personal_writing_or_communication,6,0.06741573033707865,89
utterance,crossing,shifts_only,greetings_and_chitchat,6,0.06741573033707865,89
utterance,crossing,shifts_only,writing_and_editing,5,0.056179775280898875,89
utterance,crossing,shifts_only,purchasable_products,4,0.0449438202247191,89
utterance,crossing,shifts_only,creative_ideation,3,0.033707865168539325,89
utterance,crossing,shifts_only,creative_writing_and_role_play,1,0.011235955056179775,89
utterance,no_ad_k2,all,general_guidance_and_info,17,0.3148148148148148,54
utterance,no_ad_k2,all,relationships_and_personal_reflection,11,0.2037037037037037,54
utterance,no_ad_k2,all,other_obscene_or_illegal,10,0.18518518518518517,54
utterance,no_ad_k2,all,academic_help,6,0.1111111111111111,54
utterance,no_ad_k2,all,other,4,0.07407407407407407,54
utterance,no_ad_k2,all,creative_ideation,3,0.05555555555555555,54
utterance,no_ad_k2,all,media_generation_or_analysis,1,0.018518518518518517,54
utterance,no_ad_k2,all,greetings_and_chitchat,1,0.018518518518518517,54
utterance,no_ad_k2,all,personal_writing_or_communication,1,0.018518518518518517,54
utterance,no_ad_k2,shifts_only,general_guidance_and_info,11,0.2619047619047619,42
utterance,no_ad_k2,shifts_only,other_obscene_or_illegal,10,0.23809523809523808,42
utterance,no_ad_k2,shifts_only,relationships_and_personal_reflection,8,0.19047619047619047,42
utterance,no_ad_k2,shifts_only,academic_help,5,0.11904761904761904,42
utterance,no_ad_k2,shifts_only,creative_ideation,3,0.07142857142857142,42
utterance,no_ad_k2,shifts_only,other,3,0.07142857142857142,42
utterance,no_ad_k2,shifts_only,media_generation_or_analysis,1,0.023809523809523808,42
utterance,no_ad_k2,shifts_only,greetings_and_chitchat,1,0.023809523809523808,42
