,trust,credibility,manipulation,notice,helpfulness,convincingness,relevance,neutrality,recall_memory,recall_trust_shift,bfi_e,bfi_a,bfi_c,bfi_n,bfi_o,traj_n_shift,traj_shift_rate,traj_diversity,traj_entropy_nats,traj_max_persistence,eeg_fz_theta,eeg_posterior_alpha,eeg_theta,eeg_alpha,eeg_beta,eeg_delta,eeg_gamma,eeg_faa,eeg_rel_delta,eeg_rel_theta,eeg_rel_alpha,eeg_rel_beta,eeg_rel_gamma,eeg_engagement,eeg_pope,eeg_kislov
trust,1.0,0.572,-0.231,0.178,0.844,0.876,0.766,0.212,0.184,0.68,-0.331,0.322,-0.438,-0.16,-0.558,-0.491,-0.455,-0.372,-0.357,0.53,-0.119,-0.077,0.221,-0.062,0.008,0.511,-0.016,0.263,0.524,-0.178,-0.326,-0.463,-0.177,-0.078,-0.026,0.23
credibility,0.572,1.0,-0.615,-0.014,0.516,0.621,0.573,0.35,-0.041,0.35,-0.22,0.018,-0.364,0.05,-0.066,-0.351,-0.316,0.037,0.074,0.386,0.247,0.243,0.44,0.174,-0.076,0.221,-0.092,0.226,0.261,0.175,0.074,-0.392,-0.213,-0.161,-0.153,0.131
manipulation,-0.231,-0.615,1.0,0.497,-0.299,-0.466,-0.271,-0.668,0.195,-0.364,0.493,0.048,-0.025,0.01,-0.146,0.409,0.395,-0.012,-0.03,-0.427,-0.038,-0.149,-0.155,-0.027,-0.143,0.169,-0.119,0.083,0.171,-0.192,-0.214,-0.201,-0.071,-0.158,-0.069,-0.261
notice,0.178,-0.014,0.497,1.0,0.203,0.094,0.268,-0.326,0.426,0.064,0.165,0.359,0.126,-0.055,-0.225,-0.036,0.007,-0.302,-0.289,0.051,-0.213,-0.183,-0.223,-0.169,0.07,0.276,0.163,0.215,0.338,-0.355,-0.326,-0.258,0.208,0.093,0.169,0.08
helpfulness,0.844,0.516,-0.299,0.203,1.0,0.829,0.846,0.317,-0.033,0.647,-0.321,0.181,-0.472,-0.009,-0.494,-0.474,-0.407,-0.335,-0.316,0.456,-0.169,0.122,0.21,0.095,0.251,0.425,0.063,0.188,0.369,-0.168,-0.152,-0.257,-0.056,0.006,0.043,0.247
convincingness,0.876,0.621,-0.466,0.094,0.829,1.0,0.788,0.316,0.097,0.638,-0.482,0.103,-0.281,0.032,-0.347,-0.393,-0.362,-0.224,-0.226,0.449,-0.027,0.105,0.306,0.073,0.208,0.465,0.067,0.176,0.39,-0.122,-0.2,-0.295,-0.106,0.017,0.031,0.291
relevance,0.766,0.573,-0.271,0.268,0.846,0.788,1.0,0.248,0.097,0.425,-0.559,-0.029,-0.47,-0.104,-0.355,-0.379,-0.343,-0.187,-0.171,0.388,-0.304,-0.042,0.088,-0.088,0.234,0.6,0.228,0.358,0.56,-0.41,-0.412,-0.437,0.03,0.156,0.137,0.335
neutrality,0.212,0.35,-0.668,-0.326,0.317,0.316,0.248,1.0,-0.06,0.525,-0.306,-0.177,0.139,-0.009,0.294,-0.099,-0.052,0.213,0.251,0.134,0.086,-0.064,-0.122,-0.258,0.067,-0.266,0.056,-0.33,-0.149,0.209,0.124,0.263,0.166,0.144,0.154,0.286
recall_memory,0.184,-0.041,0.195,0.426,-0.033,0.097,0.097,-0.06,1.0,0.391,-0.108,0.137,0.182,-0.276,-0.034,-0.055,0.02,-0.016,-0.002,0.119,-0.307,-0.627,-0.302,-0.505,-0.462,-0.129,-0.112,0.145,0.12,-0.059,-0.336,-0.193,0.073,-0.1,0.057,-0.1
recall_trust_shift,0.68,0.35,-0.364,0.064,0.647,0.638,0.425,0.525,0.391,1.0,-0.195,0.278,-0.093,-0.214,-0.417,-0.461,-0.357,-0.246,-0.183,0.498,-0.087,-0.285,0.04,-0.304,-0.103,0.059,-0.103,-0.089,0.171,0.055,-0.201,-0.04,-0.044,-0.029,0.068,0.307
bfi_e,-0.331,-0.22,0.493,0.165,-0.321,-0.482,-0.559,-0.306,-0.108,-0.195,1.0,0.132,0.159,0.14,0.164,0.351,0.401,0.226,0.282,-0.387,0.472,0.162,0.164,0.3,-0.347,-0.199,-0.425,-0.152,-0.126,0.341,0.358,-0.071,-0.287,-0.506,-0.518,-0.575
bfi_a,0.322,0.018,0.048,0.359,0.181,0.103,-0.029,-0.177,0.137,0.278,0.132,1.0,0.056,-0.082,-0.483,-0.507,-0.501,-0.568,-0.572,0.528,-0.398,-0.317,-0.302,-0.31,-0.118,0.088,0.155,0.398,0.236,-0.332,-0.287,-0.111,0.125,0.111,0.081,0.199
bfi_c,-0.438,-0.364,-0.025,0.126,-0.472,-0.281,-0.47,0.139,0.182,-0.093,0.159,0.056,1.0,-0.135,0.531,0.207,0.224,0.178,0.172,-0.145,0.132,-0.206,-0.277,-0.236,0.095,-0.263,0.175,-0.423,-0.242,-0.005,0.011,0.367,0.312,0.16,0.144,0.002
bfi_n,-0.16,0.05,0.01,-0.055,-0.009,0.032,-0.104,-0.009,-0.276,-0.214,0.14,-0.082,-0.135,1.0,0.256,0.439,0.376,0.502,0.411,-0.427,0.248,0.456,0.154,0.33,-0.057,-0.094,-0.35,0.317,-0.034,0.289,0.34,-0.014,-0.317,-0.329,-0.307,-0.214
bfi_o,-0.558,-0.066,-0.146,-0.225,-0.494,-0.347,-0.355,0.294,-0.034,-0.417,0.164,-0.483,0.531,0.256,1.0,0.447,0.44,0.686,0.65,-0.404,0.374,0.134,-0.004,0.105,-0.013,-0.371,0.019,-0.293,-0.355,0.331,0.377,0.249,0.114,-0.089,-0.064,-0.309
traj_n_shift,-0.491,-0.351,0.409,-0.036,-0.474,-0.393,-0.379,-0.099,-0.055,-0.461,0.351,-0.507,0.207,0.439,0.447,1.0,0.981,0.691,0.659,-0.984,0.302,0.089,-0.146,0.066,-0.312,-0.269,-0.405,-0.041,-0.111,0.179,0.192,-0.04,-0.172,-0.32,-0.373,-0.409
traj_shift_rate,-0.455,-0.316,0.395,0.007,-0.407,-0.362,-0.343,-0.052,0.02,-0.357,0.401,-0.501,0.224,0.376,0.44,0.981,1.0,0.694,0.681,-0.965,0.3,0.047,-0.149,0.047,-0.361,-0.307,-0.428,-0.072,-0.124,0.191,0.195,-0.056,-0.157,-0.356,-0.394,-0.43
traj_diversity,-0.372,0.037,-0.012,-0.302,-0.335,-0.224,-0.187,0.213,-0.016,-0.246,0.226,-0.568,0.178,0.502,0.686,0.691,0.694,1.0,0.982,-0.651,0.427,0.081,0.116,0.045,-0.406,-0.142,-0.464,0.045,0.029,0.308,0.171,-0.194,-0.383,-0.483,-0.496,-0.395
traj_entropy_nats,-0.357,0.074,-0.03,-0.289,-0.316,-0.226,-0.171,0.251,-0.002,-0.183,0.282,-0.572,0.172,0.411,0.65,0.659,0.681,0.982,1.0,-0.626,0.439,0.073,0.116,0.043,-0.431,-0.156,-0.474,-0.009,0.012,0.324,0.183,-0.196,-0.375,-0.479,-0.518,-0.412
traj_max_persistence,0.53,0.386,-0.427,0.051,0.456,0.449,0.388,0.134,0.119,0.498,-0.387,0.528,-0.145,-0.427,-0.404,-0.984,-0.965,-0.651,-0.626,1.0,-0.281,-0.142,0.135,-0.135,0.293,0.301,0.438,0.056,0.154,-0.208,-0.261,0.009,0.193,0.342,0.411,0.474
eeg_fz_theta,-0.119,0.247,-0.038,-0.213,-0.169,-0.027,-0.304,0.086,-0.307,-0.087,0.472,-0.398,0.132,0.248,0.374,0.302,0.3,0.427,0.439,-0.281,1.0,0.585,0.769,0.589,-0.049,-0.024,-0.49,-0.515,-0.156,0.705,0.515,-0.065,-0.538,-0.55,-0.42,-0.313
eeg_posterior_alpha,-0.077,0.243,-0.149,-0.183,0.122,0.105,-0.042,-0.064,-0.627,-0.285,0.162,-0.317,-0.206,0.456,0.134,0.089,0.047,0.081,0.073,-0.142,0.585,1.0,0.659,0.934,0.426,-0.046,-0.162,-0.311,-0.406,0.56,0.744,0.218,-0.22,-0.187,-0.139,-0.271
eeg_theta,0.221,0.44,-0.155,-0.223,0.21,0.306,0.088,-0.122,-0.302,0.04,0.164,-0.302,-0.277,0.154,-0.004,-0.146,-0.149,0.116,0.116,0.135,0.769,0.659,1.0,0.74,0.112,0.307,-0.381,-0.261,0.034,0.538,0.37,-0.245,-0.628,-0.509,-0.36,-0.216
eeg_alpha,-0.062,0.174,-0.027,-0.169,0.095,0.073,-0.088,-0.258,-0.505,-0.304,0.3,-0.31,-0.236,0.33,0.105,0.066,0.047,0.045,0.043,-0.135,0.589,0.934,0.74,1.0,0.302,-0.024,-0.251,-0.288,-0.379,0.575,0.744,0.11,-0.321,-0.34,-0.29,-0.478
eeg_beta,0.008,-0.076,-0.143,0.07,0.251,0.208,0.234,0.067,-0.462,-0.103,-0.347,-0.118,0.095,-0.057,-0.013,-0.312,-0.361,-0.406,-0.431,0.293,-0.049,0.426,0.112,0.302,1.0,0.278,0.715,-0.356,-0.195,-0.214,0.069,0.523,0.536,0.68,0.682,0.494
eeg_delta,0.511,0.221,0.169,0.276,0.425,0.465,0.6,-0.266,-0.129,0.059,-0.199,0.088,-0.263,-0.094,-0.371,-0.269,-0.307,-0.142,-0.156,0.301,-0.024,-0.046,0.307,-0.024,0.278,1.0,0.22,0.346,0.831,-0.571,-0.647,-0.602,-0.222,0.057,0.009,0.348
eeg_gamma,-0.016,-0.092,-0.119,0.163,0.063,0.067,0.228,0.056,-0.112,-0.103,-0.425,0.155,0.175,-0.35,0.019,-0.405,-0.428,-0.464,-0.474,0.438,-0.49,-0.162,-0.381,-0.251,0.715,0.22,1.0,-0.028,-0.042,-0.616,-0.333,0.397,0.856,0.928,0.853,0.657
eeg_faa,0.263,0.226,0.083,0.215,0.188,0.176,0.358,-0.33,0.145,-0.089,-0.152,0.398,-0.423,0.317,-0.293,-0.041,-0.072,0.045,-0.009,0.056,-0.515,-0.311,-0.261,-0.288,-0.356,0.346,-0.028,1.0,0.608,-0.513,-0.467,-0.585,-0.141,-0.09,-0.226,0.024
eeg_rel_delta,0.524,0.261,0.171,0.338,0.369,0.39,0.56,-0.149,0.12,0.171,-0.126,0.236,-0.242,-0.034,-0.355,-0.111,-0.124,0.029,0.012,0.154,-0.156,-0.406,0.034,-0.379,-0.195,0.831,-0.042,0.608,1.0,-0.604,-0.787,-0.825,-0.352,-0.16,-0.238,0.249
eeg_rel_theta,-0.178,0.175,-0.192,-0.355,-0.168,-0.122,-0.41,0.209,-0.059,0.055,0.341,-0.332,-0.005,0.289,0.331,0.179,0.191,0.308,0.324,-0.208,0.705,0.56,0.538,0.575,-0.214,-0.571,-0.616,-0.513,-0.604,1.0,0.845,0.263,-0.414,-0.55,-0.364,-0.534
eeg_rel_alpha,-0.326,0.074,-0.214,-0.326,-0.152,-0.2,-0.412,0.124,-0.336,-0.201,0.358,-0.287,0.011,0.34,0.377,0.192,0.195,0.171,0.183,-0.261,0.515,0.744,0.37,0.744,0.069,-0.647,-0.333,-0.467,-0.787,0.845,1.0,0.486,-0.106,-0.292,-0.232,-0.558
eeg_rel_beta,-0.463,-0.392,-0.201,-0.258,-0.257,-0.295,-0.437,0.263,-0.193,-0.04,-0.071,-0.111,0.367,-0.014,0.249,-0.04,-0.056,-0.194,-0.196,0.009,-0.065,0.218,-0.245,0.11,0.523,-0.602,0.397,-0.585,-0.825,0.263,0.486,1.0,0.628,0.548,0.569,0.17
eeg_rel_gamma,-0.177,-0.213,-0.071,0.208,-0.056,-0.106,0.03,0.166,0.073,-0.044,-0.287,0.125,0.312,-0.317,0.114,-0.172,-0.157,-0.383,-0.375,0.193,-0.538,-0.22,-0.628,-0.321,0.536,-0.222,0.856,-0.141,-0.352,-0.414,-0.106,0.628,1.0,0.891,0.837,0.48
eeg_engagement,-0.078,-0.161,-0.158,0.093,0.006,0.017,0.156,0.144,-0.1,-0.029,-0.506,0.111,0.16,-0.329,-0.089,-0.32,-0.356,-0.483,-0.479,0.342,-0.55,-0.187,-0.509,-0.34,0.68,0.057,0.928,-0.09,-0.16,-0.55,-0.292,0.548,0.891,1.0,0.901,0.725
eeg_pope,-0.026,-0.153,-0.069,0.169,0.043,0.031,0.137,0.154,0.057,0.068,-0.518,0.081,0.144,-0.307,-0.064,-0.373,-0.394,-0.496,-0.518,0.411,-0.42,-0.139,-0.36,-0.29,0.682,0.009,0.853,-0.226,-0.238,-0.364,-0.232,0.569,0.837,0.901,1.0,0.74
eeg_kislov,0.23,0.131,-0.261,0.08,0.247,0.291,0.335,0.286,-0.1,0.307,-0.575,0.199,0.002,-0.214,-0.309,-0.409,-0.43,-0.395,-0.412,0.474,-0.313,-0.271,-0.216,-0.478,0.494,0.348,0.657,0.024,0.249,-0.534,-0.558,0.17,0.48,0.725,0.74,1.0
