,trust,credibility,manipulation,notice,helpfulness,convincingness,relevance,neutrality,behaviour_pushing,behaviour_manipulate,notice_brands,notice_sponsored,duration_sec,reply_latency_ms_median,user_msg_len_median,traj_n_shift,traj_shift_rate,traj_diversity,traj_entropy_nats,traj_max_persistence,traj_mean_js_divergence,traj_mean_total_variation,traj_shifted_into_purchasable,bfi_e,bfi_a,bfi_c,bfi_n,bfi_o
trust,1.0,0.399,-0.405,-0.092,0.412,0.609,0.434,0.477,-0.37,-0.413,-0.134,-0.036,0.056,-0.015,-0.012,-0.14,-0.14,-0.269,-0.256,0.132,-0.055,-0.05,-0.38,0.054,-0.013,0.065,-0.173,-0.124
credibility,0.399,1.0,-0.257,-0.013,0.551,0.489,0.377,0.297,-0.212,-0.268,-0.046,0.082,0.024,-0.028,-0.074,0.016,0.014,0.005,0.022,-0.01,0.106,0.147,-0.001,-0.097,-0.055,-0.045,-0.216,-0.317
manipulation,-0.405,-0.257,1.0,0.725,-0.436,-0.442,-0.366,-0.444,0.926,0.917,0.579,0.648,0.088,0.016,-0.189,0.157,0.157,0.084,0.078,-0.152,0.042,0.026,0.327,0.009,0.041,0.053,-0.011,0.211
notice,-0.092,-0.013,0.725,1.0,-0.138,-0.141,-0.119,-0.213,0.744,0.58,0.874,0.757,0.08,0.089,-0.223,0.233,0.23,0.194,0.198,-0.228,-0.008,-0.021,0.281,0.015,0.076,0.209,0.014,0.139
helpfulness,0.412,0.551,-0.436,-0.138,1.0,0.712,0.811,0.324,-0.347,-0.441,-0.033,-0.116,-0.145,-0.057,-0.148,-0.083,-0.08,-0.059,-0.064,0.078,0.042,0.08,-0.135,0.177,-0.11,0.054,-0.039,-0.152
convincingness,0.609,0.489,-0.442,-0.141,0.712,1.0,0.594,0.36,-0.351,-0.474,-0.083,-0.109,-0.05,-0.063,-0.138,-0.09,-0.084,-0.088,-0.089,0.088,-0.132,-0.088,-0.246,0.182,-0.204,0.034,-0.218,-0.201
relevance,0.434,0.377,-0.366,-0.119,0.811,0.594,1.0,0.27,-0.335,-0.327,0.012,-0.116,-0.071,0.061,-0.109,-0.219,-0.214,-0.162,-0.161,0.213,0.016,0.062,-0.195,0.066,-0.098,0.124,-0.005,-0.116
neutrality,0.477,0.297,-0.444,-0.213,0.324,0.36,0.27,1.0,-0.473,-0.346,-0.227,-0.139,0.296,0.158,0.103,-0.181,-0.191,-0.237,-0.247,0.183,-0.252,-0.181,-0.205,0.058,0.144,-0.096,-0.259,-0.033
behaviour_pushing,-0.37,-0.212,0.926,0.744,-0.347,-0.351,-0.335,-0.473,1.0,0.711,0.63,0.64,0.105,0.009,-0.291,0.225,0.23,0.169,0.172,-0.221,0.048,0.067,0.373,0.015,0.083,0.119,0.018,0.196
behaviour_manipulate,-0.413,-0.268,0.917,0.58,-0.441,-0.474,-0.327,-0.346,0.711,1.0,0.422,0.573,0.058,0.043,-0.079,0.05,0.047,-0.009,-0.025,-0.044,0.017,-0.029,0.24,-0.042,0.006,-0.034,0.009,0.21
notice_brands,-0.134,-0.046,0.579,0.874,-0.033,-0.083,0.012,-0.227,0.63,0.422,1.0,0.407,0.042,0.08,-0.302,0.162,0.16,0.153,0.153,-0.157,-0.047,-0.095,0.328,-0.021,0.141,0.295,0.042,0.087
notice_sponsored,-0.036,0.082,0.648,0.757,-0.116,-0.109,-0.116,-0.139,0.64,0.573,0.407,1.0,0.123,0.037,-0.149,0.18,0.184,0.165,0.173,-0.177,0.007,0.03,0.068,0.015,-0.054,0.015,0.035,0.131
duration_sec,0.056,0.024,0.088,0.08,-0.145,-0.05,-0.071,0.296,0.105,0.058,0.042,0.123,1.0,0.628,0.448,-0.18,-0.18,-0.224,-0.216,0.181,-0.332,-0.252,-0.071,-0.219,0.23,-0.116,-0.338,0.081
reply_latency_ms_median,-0.015,-0.028,0.016,0.089,-0.057,-0.063,0.061,0.158,0.009,0.043,0.08,0.037,0.628,1.0,0.423,-0.199,-0.208,-0.19,-0.18,0.197,-0.226,-0.13,-0.198,-0.149,0.13,-0.078,-0.086,0.063
user_msg_len_median,-0.012,-0.074,-0.189,-0.223,-0.148,-0.138,-0.109,0.103,-0.291,-0.079,-0.302,-0.149,0.448,0.423,1.0,-0.248,-0.255,-0.183,-0.201,0.247,-0.137,-0.159,-0.07,-0.125,-0.096,-0.103,-0.182,0.051
traj_n_shift,-0.14,0.016,0.157,0.233,-0.083,-0.09,-0.219,-0.181,0.225,0.05,0.162,0.18,-0.18,-0.199,-0.248,1.0,0.999,0.679,0.701,-0.999,0.422,0.531,0.069,0.16,0.146,0.097,0.055,0.055
traj_shift_rate,-0.14,0.014,0.157,0.23,-0.08,-0.084,-0.214,-0.191,0.23,0.047,0.16,0.184,-0.18,-0.208,-0.255,0.999,1.0,0.686,0.71,-0.998,0.423,0.53,0.064,0.163,0.14,0.099,0.06,0.054
traj_diversity,-0.269,0.005,0.084,0.194,-0.059,-0.088,-0.162,-0.237,0.169,-0.009,0.153,0.165,-0.224,-0.19,-0.183,0.679,0.686,1.0,0.993,-0.68,0.246,0.318,0.176,0.062,0.089,0.094,0.112,-0.027
traj_entropy_nats,-0.256,0.022,0.078,0.198,-0.064,-0.089,-0.161,-0.247,0.172,-0.025,0.153,0.173,-0.216,-0.18,-0.201,0.701,0.71,0.993,1.0,-0.703,0.262,0.334,0.166,0.061,0.079,0.098,0.119,-0.012
traj_max_persistence,0.132,-0.01,-0.152,-0.228,0.078,0.088,0.213,0.183,-0.221,-0.044,-0.157,-0.177,0.181,0.197,0.247,-0.999,-0.998,-0.68,-0.703,1.0,-0.432,-0.541,-0.067,-0.171,-0.148,-0.094,-0.047,-0.048
traj_mean_js_divergence,-0.055,0.106,0.042,-0.008,0.042,-0.132,0.016,-0.252,0.048,0.017,-0.047,0.007,-0.332,-0.226,-0.137,0.422,0.423,0.246,0.262,-0.432,1.0,0.944,-0.075,0.113,0.119,-0.065,0.201,-0.139
traj_mean_total_variation,-0.05,0.147,0.026,-0.021,0.08,-0.088,0.062,-0.181,0.067,-0.029,-0.095,0.03,-0.252,-0.13,-0.159,0.531,0.53,0.318,0.334,-0.541,0.944,1.0,-0.069,0.151,0.162,-0.031,0.16,-0.103
traj_shifted_into_purchasable,-0.38,-0.001,0.327,0.281,-0.135,-0.246,-0.195,-0.205,0.373,0.24,0.328,0.068,-0.071,-0.198,-0.07,0.069,0.064,0.176,0.166,-0.067,-0.075,-0.069,1.0,-0.171,-0.118,0.065,0.01,0.272
bfi_e,0.054,-0.097,0.009,0.015,0.177,0.182,0.066,0.058,0.015,-0.042,-0.021,0.015,-0.219,-0.149,-0.125,0.16,0.163,0.062,0.061,-0.171,0.113,0.151,-0.171,1.0,0.173,0.225,-0.149,-0.116
bfi_a,-0.013,-0.055,0.041,0.076,-0.11,-0.204,-0.098,0.144,0.083,0.006,0.141,-0.054,0.23,0.13,-0.096,0.146,0.14,0.089,0.079,-0.148,0.119,0.162,-0.118,0.173,1.0,0.288,-0.161,-0.276
bfi_c,0.065,-0.045,0.053,0.209,0.054,0.034,0.124,-0.096,0.119,-0.034,0.295,0.015,-0.116,-0.078,-0.103,0.097,0.099,0.094,0.098,-0.094,-0.065,-0.031,0.065,0.225,0.288,1.0,-0.115,0.271
bfi_n,-0.173,-0.216,-0.011,0.014,-0.039,-0.218,-0.005,-0.259,0.018,0.009,0.042,0.035,-0.338,-0.086,-0.182,0.055,0.06,0.112,0.119,-0.047,0.201,0.16,0.01,-0.149,-0.161,-0.115,1.0,0.241
bfi_o,-0.124,-0.317,0.211,0.139,-0.152,-0.201,-0.116,-0.033,0.196,0.21,0.087,0.131,0.081,0.063,0.051,0.055,0.054,-0.027,-0.012,-0.048,-0.139,-0.103,0.272,-0.116,-0.276,0.271,0.241,1.0
