,D_trust,D_credibility,D_manipulation,D_notice,bfi_e,bfi_a,bfi_c,bfi_n,bfi_o
D_trust,0.0,0.0027667028632600158,0.0024139272567820225,0.5089623184891259,0.6996191302620961,0.9266385512008097,0.6399090483984138,0.21121704342713254,0.3734744634837741
D_credibility,0.0027667028632600158,0.0,0.060526972952124954,0.9275587580680608,0.4850936665642395,0.6949221158908367,0.7492857652272906,0.11627252098561325,0.01940493539605224
D_manipulation,0.0024139272567820225,0.06052697295212491,0.0,5.698117563610141e-10,0.9492536120042444,0.7682607164116227,0.7050496471967211,0.9376602652813907,0.1253162769992909
D_notice,0.5089623184891259,0.9275587580680608,5.698117563610141e-10,0.0,0.9150909984073312,0.586299896790868,0.1301967347631782,0.9226242768086765,0.3176602181991028
bfi_e,0.6996191302620961,0.48509366656423963,0.9492536120042444,0.9150909984073312,0.0,0.21013658331329987,0.10256490917872127,0.281550733991421,0.4019077354109927
bfi_a,0.9266385512008097,0.6949221158908369,0.7682607164116227,0.586299896790868,0.21013658331329982,0.0,0.034619353032846356,0.24519675338871857,0.043685413518598774
bfi_c,0.6399090483984138,0.7492857652272906,0.7050496471967213,0.1301967347631782,0.10256490917872131,0.03461935303284641,0.0,0.4065985540057103,0.047660657737794106
bfi_n,0.21121704342713252,0.11627252098561325,0.9376602652813907,0.9226242768086765,0.281550733991421,0.2451967533887187,0.4065985540057103,0.0,0.07933885346547968
bfi_o,0.3734744634837741,0.01940493539605224,0.1253162769992909,0.3176602181991028,0.4019077354109927,0.0436854135185988,0.047660657737794106,0.07933885346547968,0.0
