subject_id,duration_min,duration_bin_min
lab_subject_1,93.07512816666667,90–120
lab_subject_10,64.53431183333333,60–75
lab_subject_11,62.34198195,60–75
lab_subject_12,60.7251281,60–75
lab_subject_13,46.133630499999995,45–60
lab_subject_14,61.042073550000005,60–75
lab_subject_15,72.0059808,60–75
lab_subject_16,47.6350213,45–60
lab_subject_17,37.99195565,30–45
lab_subject_18,47.950079800000005,45–60
lab_subject_19,57.96692616666667,45–60
lab_subject_2,36.71679596666667,30–45
lab_subject_3,57.3667881,45–60
lab_subject_4_crowdfail,33.40028993333333,30–45
lab_subject_5,47.60846193333334,45–60
lab_subject_6,56.08345488333334,45–60
lab_subject_7,51.4168156,45–60
lab_subject_8,71.68346728333333,60–75
lab_subject_9,56.60848935,45–60
