contrast_id,contrast_tier,feature,feature_tier,response_metric,n_participants,mean_difference,sd_difference,se_difference,ci_lower,ci_upper,cohen_dz,t_statistic,degrees_of_freedom,p_t_raw,p_t_holm,wilcoxon_statistic,p_wilcoxon_raw,p_wilcoxon_holm,correction_family,dataset_status
inline_early_vs_no_ad_early,primary,fz_theta_power_db_uv2,primary,post_minus_pre,18,-0.3719033078445622,3.486598155602046,0.8217990663662387,-2.1057477799129276,1.361941164223803,-0.10666652457410714,-0.452547737111716,17,0.6565962639558498,1.0,84.0,0.9661178588867188,1.0,primary_ad_responses__fz_theta_power_db_uv2,analysis_ready_ad_v1
block_early_vs_no_ad_early,primary,fz_theta_power_db_uv2,primary,post_minus_pre,18,-0.1110194731968504,2.7597502097917133,0.6504793625749059,-1.4834109654164722,1.2613720190227715,-0.040228087601170755,-0.17067332122172588,17,0.8664954922495495,1.0,81.0,0.8650436401367188,1.0,primary_ad_responses__fz_theta_power_db_uv2,analysis_ready_ad_v1
inline_late_vs_no_ad_late,primary,fz_theta_power_db_uv2,primary,post_minus_pre,18,-0.8365517661889759,2.9114868179187754,0.6862440240952031,-2.2844000984200568,0.6112965660421048,-0.28732802808531005,-1.219029582504489,17,0.23947855196051254,0.9579142078420502,56.0,0.2121429443359375,0.84857177734375,primary_ad_responses__fz_theta_power_db_uv2,analysis_ready_ad_v1
block_late_vs_no_ad_late,primary,fz_theta_power_db_uv2,primary,post_minus_pre,18,-0.43011629964981674,2.421530983035334,0.5707603263192038,-1.6343153273272994,0.7740827280276661,-0.17762163798981243,-0.7535847882483506,17,0.4614090370675505,1.0,68.0,0.468292236328125,1.0,primary_ad_responses__fz_theta_power_db_uv2,analysis_ready_ad_v1
any_ad_vs_matched_no_ad,secondary,fz_theta_power_db_uv2,primary,post_minus_pre,18,-0.4373977117200514,1.8834136727329964,0.44392485992298764,-1.3739972965730431,0.4992018731329405,-0.2322366658225165,-0.9852967274595333,17,0.33829488210623554,,62.0,0.32472991943359375,,secondary_uncorrected,analysis_ready_ad_v1
inline_vs_block,secondary,fz_theta_power_db_uv2,primary,post_minus_pre,18,-0.33365965059343555,2.283819600130797,0.538301442086412,-1.4693764186774858,0.8020571174906148,-0.14609720074839821,-0.6198379281693884,17,0.5435839921814858,,77.0,0.7337265014648438,,secondary_uncorrected,analysis_ready_ad_v1
early_vs_late,secondary,fz_theta_power_db_uv2,primary,post_minus_pre,18,-0.006517293355824701,2.0460419720921337,0.48225671768621486,-1.0239900288449642,1.010955442133315,-0.003185317527558142,-0.013514157743812377,17,0.9893749242946243,,80.0,0.83172607421875,,secondary_uncorrected,analysis_ready_ad_v1
format_x_timing,secondary,fz_theta_power_db_uv2,primary,post_minus_pre,18,0.145551631891447,3.1501660679007095,0.7425012628254514,-1.4209890989785994,1.7120923627614932,0.04620443137096055,0.19602880045964793,17,0.8469117668046765,,68.0,0.468292236328125,,secondary_uncorrected,analysis_ready_ad_v1
inline_early_vs_no_ad_early,primary,posterior_alpha_power_db_uv2,primary,post_minus_pre,18,0.6695221882505551,4.250353064577822,1.0018178248000007,-1.4441286646635738,2.783173041164684,0.15752154658169726,0.6683073226254646,17,0.5129101009544516,1.0,64.0,0.3692169189453125,0.738433837890625,primary_ad_responses__posterior_alpha_power_db_uv2,analysis_ready_ad_v1
block_early_vs_no_ad_early,primary,posterior_alpha_power_db_uv2,primary,post_minus_pre,18,0.021851572413375556,3.5763024872270552,0.8429425800975224,-1.7566018142953845,1.8003049591221358,0.0061101018416142225,0.02592296667567498,17,0.9796206537385048,1.0,77.0,0.7337265014648438,0.738433837890625,primary_ad_responses__posterior_alpha_power_db_uv2,analysis_ready_ad_v1
inline_late_vs_no_ad_late,primary,posterior_alpha_power_db_uv2,primary,post_minus_pre,18,-0.817627645317665,2.3316148468177804,0.5495668897666953,-1.9771124304088434,0.3418571397735135,-0.35067011450607904,-1.4877672955602694,17,0.15512637147835692,0.46537911443507074,55.0,0.19638824462890625,0.5891647338867188,primary_ad_responses__posterior_alpha_power_db_uv2,analysis_ready_ad_v1
block_late_vs_no_ad_late,primary,posterior_alpha_power_db_uv2,primary,post_minus_pre,18,-1.3678887838850295,2.4151348792072733,0.5692527501892055,-2.568907103958672,-0.16687046381138693,-0.5663819423344238,-2.4029550729976754,17,0.027958839132474263,0.11183535652989705,36.0,0.030364990234375,0.1214599609375,primary_ad_responses__posterior_alpha_power_db_uv2,analysis_ready_ad_v1
any_ad_vs_matched_no_ad,secondary,posterior_alpha_power_db_uv2,primary,post_minus_pre,18,-0.3735356671346909,2.199467979958285,0.518419574543727,-1.4673053613607658,0.7202340270913842,-0.16983000913783494,-0.7205277066620185,17,0.4809913157700994,,76.0,0.7018814086914062,,secondary_uncorrected,analysis_ready_ad_v1
inline_vs_block,secondary,posterior_alpha_power_db_uv2,primary,post_minus_pre,18,0.5989658772022721,1.9642686342662306,0.4629825571205634,-0.37784193407579547,1.5757736884803397,0.3049307343982617,1.2937115405112292,17,0.21306708672615163,,66.0,0.4171142578125,,secondary_uncorrected,analysis_ready_ad_v1
early_vs_late,secondary,posterior_alpha_power_db_uv2,primary,post_minus_pre,18,1.1751206801031864,2.138089529247882,0.5039525349717102,0.1118737713312834,2.2383675888750894,0.5496124760110302,2.331808252872769,17,0.03226696171794889,,39.0,0.0431671142578125,,secondary_uncorrected,analysis_ready_ad_v1
format_x_timing,secondary,posterior_alpha_power_db_uv2,primary,post_minus_pre,18,0.09740947726981503,4.50902934746558,1.062788409387355,-2.1448780647963175,2.3396970193359476,0.0216032032092598,0.09165462890771153,17,0.9280438191185182,,77.0,0.7337265014648438,,secondary_uncorrected,analysis_ready_ad_v1
inline_early_vs_no_ad_early,primary,theta_power_db_uv2,secondary_global,post_minus_pre,18,0.5431784676048276,2.5139729694497284,0.5925491114725281,-0.7069908784112021,1.7933478136208572,0.2160637660808745,0.9166809249869421,17,0.3721316462040699,0.875684403824357,54.0,0.18146514892578125,0.5443954467773438,primary_ad_responses__theta_power_db_uv2,analysis_ready_ad_v1
block_early_vs_no_ad_early,primary,theta_power_db_uv2,secondary_global,post_minus_pre,18,1.2957908858808989,2.9104188171127743,0.6859922938911244,-0.15152634204420545,2.743108113806003,0.4452248859380189,1.8889292159986821,17,0.07608424403082036,0.3043369761232814,46.0,0.0897674560546875,0.35906982421875,primary_ad_responses__theta_power_db_uv2,analysis_ready_ad_v1
inline_late_vs_no_ad_late,primary,theta_power_db_uv2,secondary_global,post_minus_pre,18,0.1009949981985548,3.3409653127328904,0.7874730761141538,-1.5604279649114072,1.7624179613085167,0.030229286671624098,0.1282520015756251,17,0.899454554461462,0.899454554461462,79.0,0.7987060546875,0.7987060546875,primary_ad_responses__theta_power_db_uv2,analysis_ready_ad_v1
block_late_vs_no_ad_late,primary,theta_power_db_uv2,secondary_global,post_minus_pre,18,0.7990453534310556,3.1166316407471593,0.7345971225442908,-0.7508190991444182,2.3489098060065294,0.25638106954452217,1.0877327570567485,17,0.2918948012747857,0.875684403824357,64.0,0.3692169189453125,0.738433837890625,primary_ad_responses__theta_power_db_uv2,analysis_ready_ad_v1
any_ad_vs_matched_no_ad,secondary,theta_power_db_uv2,secondary_global,post_minus_pre,18,0.6847524262788344,1.4753454051409205,0.3477422468558531,-0.04891958320840284,1.4184244357660716,0.4641302463089509,1.9691378671130506,17,0.0654586799712167,,44.0,0.0736846923828125,,secondary_uncorrected,analysis_ready_ad_v1
inline_vs_block,secondary,theta_power_db_uv2,secondary_global,post_minus_pre,18,-0.7253313867542861,1.918604421029241,0.4522193988414221,-1.6794309190283356,0.22876814551976343,-0.3780515560186085,-1.6039369133933041,17,0.12714363562131972,,54.0,0.18146514892578125,,secondary_uncorrected,analysis_ready_ad_v1
early_vs_late,secondary,theta_power_db_uv2,secondary_global,post_minus_pre,18,0.3404701295456185,1.9824651127313226,0.4672715082260239,-0.6453865775873151,1.3263268366785521,0.17174079249068802,0.7286344738591031,17,0.4761438098257768,,61.0,0.30379486083984375,,secondary_uncorrected,analysis_ready_ad_v1
format_x_timing,secondary,theta_power_db_uv2,secondary_global,post_minus_pre,18,-0.05456206304357044,4.150441186990218,0.9782683694122423,-2.118527908131116,2.0094037820439747,-0.013146087508623944,-0.05577412574051855,17,0.9561720180500642,,76.0,0.7018814086914062,,secondary_uncorrected,analysis_ready_ad_v1
inline_early_vs_no_ad_early,primary,alpha_power_db_uv2,secondary_global,post_minus_pre,18,0.0029569419988347712,3.753517915448518,0.8847126571062804,-1.8636236038703005,1.8695374878679698,0.0007877788425265684,0.0033422625697549554,17,0.9973721730931228,1.0,77.0,0.7337265014648438,1.0,primary_ad_responses__alpha_power_db_uv2,analysis_ready_ad_v1
block_early_vs_no_ad_early,primary,alpha_power_db_uv2,secondary_global,post_minus_pre,18,-0.24698996887238633,3.195738926368576,0.7532428885790124,-1.8361935490885513,1.3422136113437788,-0.07728727989462181,-0.32790215827769875,17,0.7469894984833356,1.0,77.0,0.7337265014648438,1.0,primary_ad_responses__alpha_power_db_uv2,analysis_ready_ad_v1
inline_late_vs_no_ad_late,primary,alpha_power_db_uv2,secondary_global,post_minus_pre,18,-0.5902239407289708,2.4746963440592653,0.5832915220872881,-1.8208614804468368,0.6404135989888952,-0.23850358131649455,-1.0118849981170228,17,0.3257793919157306,0.9773381757471917,57.0,0.22875213623046875,0.6862564086914062,primary_ad_responses__alpha_power_db_uv2,analysis_ready_ad_v1
block_late_vs_no_ad_late,primary,alpha_power_db_uv2,secondary_global,post_minus_pre,18,-0.8619549288674199,2.6046121821070938,0.613912978776339,-2.1571980949237934,0.4332882371889538,-0.33093407716849066,-1.4040343805493116,17,0.1783138571986874,0.7132554287947496,45.0,0.08142852783203125,0.325714111328125,primary_ad_responses__alpha_power_db_uv2,analysis_ready_ad_v1
any_ad_vs_matched_no_ad,secondary,alpha_power_db_uv2,secondary_global,post_minus_pre,18,-0.42405297411748555,1.7894456857282868,0.4217763929811611,-1.3139233783914857,0.46581743015651444,-0.23697448740664076,-1.0053976020806508,17,0.32880246073789576,,65.0,0.39273834228515625,,secondary_uncorrected,analysis_ready_ad_v1
inline_vs_block,secondary,alpha_power_db_uv2,secondary_global,post_minus_pre,18,0.2608389495048351,1.621930540380251,0.3822926945721457,-0.5457281327953517,1.0674060318050218,0.16082004932448163,0.6823016845685761,17,0.5042397236513483,,80.0,0.83172607421875,,secondary_uncorrected,analysis_ready_ad_v1
early_vs_late,secondary,alpha_power_db_uv2,secondary_global,post_minus_pre,18,0.6712266751340358,2.099233334879978,0.4947940421288277,-0.3726975027684788,1.7151508530365502,0.319748483401638,1.356577925324475,17,0.19265854919072392,,60.0,0.28372955322265625,,secondary_uncorrected,analysis_ready_ad_v1
format_x_timing,secondary,alpha_power_db_uv2,secondary_global,post_minus_pre,18,-0.021784077267227926,3.5371521799826486,0.8337147641848368,-1.780768474214026,1.73720031967957,-0.006158648584730891,-0.026128933063248885,17,0.9794587720731424,,84.0,0.9661178588867188,,secondary_uncorrected,analysis_ready_ad_v1
inline_early_vs_no_ad_early,primary,beta_power_db_uv2,secondary,post_minus_pre,18,-0.1543155251080202,6.485828713450696,1.5287244882984694,-3.379642264735395,3.0710112145193547,-0.02379272286176654,-0.10094397407068391,17,0.9207759196467172,1.0,83.0,0.932281494140625,1.0,primary_ad_responses__beta_power_db_uv2,analysis_ready_ad_v1
block_early_vs_no_ad_early,primary,beta_power_db_uv2,secondary,post_minus_pre,18,-0.8844137648760104,5.256482183026824,1.238964732268178,-3.4984008574014958,1.729573327649475,-0.16825202370737252,-0.7138328814710572,17,0.48501654445858605,1.0,84.0,0.9661178588867188,1.0,primary_ad_responses__beta_power_db_uv2,analysis_ready_ad_v1
inline_late_vs_no_ad_late,primary,beta_power_db_uv2,secondary,post_minus_pre,18,0.16016751776435878,2.3083844370349103,0.5440914296709587,-0.9877650563210297,1.3081000918497474,0.06938511419271734,0.29437610855444035,17,0.7720347573307985,1.0,63.0,0.34654998779296875,1.0,primary_ad_responses__beta_power_db_uv2,analysis_ready_ad_v1
block_late_vs_no_ad_late,primary,beta_power_db_uv2,secondary,post_minus_pre,18,-0.8182333223859779,2.3299036842936243,0.5491635648918476,-1.9768671663732749,0.34040052160131906,-0.35118761685380495,-1.4899628720764113,17,0.15455353216297876,0.618214128651915,49.0,0.11870574951171875,0.474822998046875,primary_ad_responses__beta_power_db_uv2,analysis_ready_ad_v1
any_ad_vs_matched_no_ad,secondary,beta_power_db_uv2,secondary,post_minus_pre,18,-0.4241987736514123,2.7656709888642905,0.6518749035856148,-1.7995346000349333,0.9511370527321086,-0.15338005690460219,-0.6507364700161364,17,0.5239152680001511,,73.0,0.6094589233398438,,secondary_uncorrected,analysis_ready_ad_v1
inline_vs_block,secondary,beta_power_db_uv2,secondary,post_minus_pre,18,0.8542495399591635,1.9190926639466361,0.45233447880067423,-0.10009278980561265,1.8085918697239398,0.4451319918040797,1.8885350995664367,17,0.07614004279752663,,53.0,0.16735076904296875,,secondary_uncorrected,analysis_ready_ad_v1
early_vs_late,secondary,beta_power_db_uv2,secondary,post_minus_pre,18,0.39805382133602935,1.685113773308092,0.3971851253923342,-0.4399335435003961,1.2360411861724547,0.23621777214163955,1.0021871311087924,17,0.33030582348204246,,66.0,0.4171142578125,,secondary_uncorrected,analysis_ready_ad_v1
format_x_timing,secondary,beta_power_db_uv2,secondary,post_minus_pre,18,-0.24830260038234642,4.873775353088203,1.148759867382843,-2.671974063776402,2.1753688630117094,-0.05094666503761047,-0.21614839396160374,17,0.8314444218916431,,72.0,0.5798416137695312,,secondary_uncorrected,analysis_ready_ad_v1
inline_early_vs_no_ad_early,primary,faa_log_f4_minus_f3,secondary,post_minus_pre,18,-0.09072641159057643,0.7863678881498624,0.18534868873937074,-0.48177796242387927,0.3003251392427264,-0.1153740036410111,-0.4894904420832022,17,0.6307506644975553,1.0,70.0,0.522613525390625,1.0,primary_ad_responses__faa_log_f4_minus_f3,analysis_ready_ad_v1
block_early_vs_no_ad_early,primary,faa_log_f4_minus_f3,secondary,post_minus_pre,18,0.05644928779401859,0.9114390770129794,0.2148282506647619,-0.39679870201717643,0.5096972776052136,0.06193424137465933,0.2627647323819963,17,0.7958898738518053,1.0,75.0,0.6705245971679688,1.0,primary_ad_responses__faa_log_f4_minus_f3,analysis_ready_ad_v1
inline_late_vs_no_ad_late,primary,faa_log_f4_minus_f3,secondary,post_minus_pre,18,0.32101433471898233,0.8970366186124844,0.21143355866451286,-0.12507148102814108,0.7671001504661057,0.3578609033993728,1.5182752290914434,17,0.14732244949607862,0.5892897979843145,44.0,0.0736846923828125,0.29473876953125,primary_ad_responses__faa_log_f4_minus_f3,analysis_ready_ad_v1
block_late_vs_no_ad_late,primary,faa_log_f4_minus_f3,secondary,post_minus_pre,18,0.05327307056572117,0.8692523844463638,0.2048847518681999,-0.3789959705863205,0.48554211171776285,0.06128607930095166,0.26001481359623657,17,0.79797532023475,1.0,77.0,0.7337265014648438,1.0,primary_ad_responses__faa_log_f4_minus_f3,analysis_ready_ad_v1
any_ad_vs_matched_no_ad,secondary,faa_log_f4_minus_f3,secondary,post_minus_pre,18,0.08500257037203642,0.5741731791158324,0.1353339161760811,-0.20052703418544765,0.37053217492952045,0.1480434361335575,0.6280951056011764,17,0.5382888008178275,,74.0,0.6396942138671875,,secondary_uncorrected,analysis_ready_ad_v1
inline_vs_block,secondary,faa_log_f4_minus_f3,secondary,post_minus_pre,18,0.06028278238433307,0.5338755893096687,0.12583568317027702,-0.20520730221561498,0.3257728669842811,0.11291541248829547,0.4790595232256994,17,0.6380004501332337,,84.0,0.9661178588867188,,secondary_uncorrected,analysis_ready_ad_v1
early_vs_late,secondary,faa_log_f4_minus_f3,secondary,post_minus_pre,18,-0.27491449884133234,0.5690290448410634,0.13412143209974,-0.5578859856066771,0.008056987924012438,-0.4831291149964396,-2.0497432404158267,17,0.05614257592546226,,44.0,0.0736846923828125,,secondary_uncorrected,analysis_ready_ad_v1
format_x_timing,secondary,faa_log_f4_minus_f3,secondary,post_minus_pre,18,-0.4149169635378562,0.7654525691190528,0.18041890076691558,-0.7955675709114578,-0.03426635616425455,-0.5420544397876638,-2.299742220876793,17,0.034404732710693164,,39.0,0.0431671142578125,,secondary_uncorrected,analysis_ready_ad_v1
inline_early_vs_no_ad_early,primary,delta_power_db_uv2,exploratory,post_minus_pre,18,1.346356001830055,7.508311670368921,1.7697260324599862,-2.3874395499511714,5.080151553611282,0.17931541216427713,0.7607708634757265,17,0.457217196118132,1.0,60.0,0.28372955322265625,0.8511886596679688,primary_ad_responses__delta_power_db_uv2,analysis_ready_ad_v1
block_early_vs_no_ad_early,primary,delta_power_db_uv2,exploratory,post_minus_pre,18,3.427295314414532,4.799711119975236,1.1313027602236563,1.0404551276488339,5.81413550118023,0.7140628318548086,3.029512023586827,17,0.007563131523419481,0.030252526093677925,29.0,0.01203155517578125,0.048126220703125,primary_ad_responses__delta_power_db_uv2,analysis_ready_ad_v1
inline_late_vs_no_ad_late,primary,delta_power_db_uv2,exploratory,post_minus_pre,18,0.6737564405650622,8.630356659381599,2.034194572635736,-3.618018957125798,4.965531838255922,0.07806820356985568,0.3312153368357807,17,0.7445296424178364,1.0,81.0,0.8650436401367188,0.8650436401367188,primary_ad_responses__delta_power_db_uv2,analysis_ready_ad_v1
block_late_vs_no_ad_late,primary,delta_power_db_uv2,exploratory,post_minus_pre,18,1.2981808887409183,7.917512236871447,1.8661755309397572,-2.6391053174071404,5.2354670948889765,0.16396323111385375,0.6956370755151786,17,0.49605660667833246,1.0,64.0,0.3692169189453125,0.8511886596679688,primary_ad_responses__delta_power_db_uv2,analysis_ready_ad_v1
any_ad_vs_matched_no_ad,secondary,delta_power_db_uv2,exploratory,post_minus_pre,18,1.686397161387642,3.6875394048967505,0.8691613730316995,-0.14737304308563104,3.520167365860915,0.45732315677718444,1.9402578321047144,17,0.06912090460999092,,45.0,0.08142852783203125,,secondary_uncorrected,analysis_ready_ad_v1
inline_vs_block,secondary,delta_power_db_uv2,exploratory,post_minus_pre,18,-1.3526818803801661,4.6244555452566285,1.0899946251155652,-3.6523695202035706,0.9470057594432384,-0.2925061917326963,-1.2409986702794522,17,0.23145923617250522,,64.0,0.3692169189453125,,secondary_uncorrected,analysis_ready_ad_v1
early_vs_late,secondary,delta_power_db_uv2,exploratory,post_minus_pre,18,0.2508050968912503,3.6004315093516825,0.8486298451534304,-1.5396473702277318,2.041257564010232,0.06965973279586476,0.2955412166135935,17,0.7711598319676172,,74.0,0.6396942138671875,,secondary_uncorrected,analysis_ready_ad_v1
format_x_timing,secondary,delta_power_db_uv2,exploratory,post_minus_pre,18,-1.4565148644086214,13.360461550638632,3.1490909874129045,-8.100516085666865,5.187486356849623,-0.10901680745744893,-0.46251914289882184,17,0.649574033368155,,78.0,0.7660293579101562,,secondary_uncorrected,analysis_ready_ad_v1
inline_early_vs_no_ad_early,primary,gamma_power_db_uv2,exploratory,post_minus_pre,18,0.1810321922648128,6.341618944786224,1.494733919853139,-2.972580716557195,3.3346451010868203,0.028546684031472563,0.12111332315426389,17,0.9050212984412161,1.0,82.0,0.8985748291015625,1.0,primary_ad_responses__gamma_power_db_uv2,analysis_ready_ad_v1
block_early_vs_no_ad_early,primary,gamma_power_db_uv2,exploratory,post_minus_pre,18,-0.5176694043177764,4.3246069902514535,1.0193196429245162,-2.6682458657514134,1.6329070571158608,-0.11970322516813872,-0.5078577734777465,17,0.618078902221371,1.0,63.0,0.34654998779296875,1.0,primary_ad_responses__gamma_power_db_uv2,analysis_ready_ad_v1
inline_late_vs_no_ad_late,primary,gamma_power_db_uv2,exploratory,post_minus_pre,18,0.14115480169736278,3.076102683194235,0.7250443556375926,-1.3885550744469488,1.6708646778416743,0.04588754545436278,0.19468436737671513,17,0.8479476989356847,1.0,83.0,0.932281494140625,1.0,primary_ad_responses__gamma_power_db_uv2,analysis_ready_ad_v1
block_late_vs_no_ad_late,primary,gamma_power_db_uv2,exploratory,post_minus_pre,18,-0.9874027549912608,2.9968296434834496,0.706359520989337,-2.477691075925443,0.5028855659429211,-0.3294824439348262,-1.3978756223293922,17,0.18012517556959579,0.7205007022783831,68.0,0.468292236328125,1.0,primary_ad_responses__gamma_power_db_uv2,analysis_ready_ad_v1
any_ad_vs_matched_no_ad,secondary,gamma_power_db_uv2,exploratory,post_minus_pre,18,-0.2957212913367154,2.840364198025794,0.6694802618211763,-1.7082011767789598,1.1167585941055291,-0.10411386382853917,-0.4417177147721571,17,0.6642607916835055,,77.0,0.7337265014648438,,secondary_uncorrected,analysis_ready_ad_v1
inline_vs_block,secondary,gamma_power_db_uv2,exploratory,post_minus_pre,18,0.9136295766356066,2.437627744768448,0.5745543694447468,-0.2985741823311181,2.1258333356023313,0.37480274771092786,1.590153387082487,17,0.1302234980168255,,68.0,0.468292236328125,,secondary_uncorrected,analysis_ready_ad_v1
early_vs_late,secondary,gamma_power_db_uv2,exploratory,post_minus_pre,18,-0.39936670381189654,1.4259599876063709,0.3361019923123834,-1.1084799229333764,0.3097465153095833,-0.280068660609669,-1.188230694689584,17,0.2510781944238485,,63.0,0.34654998779296875,,secondary_uncorrected,analysis_ready_ad_v1
format_x_timing,secondary,gamma_power_db_uv2,exploratory,post_minus_pre,18,-0.42985596010603416,5.4553446940500985,1.285837075624292,-3.1427350528138005,2.2830231326017323,-0.0787953803496338,-0.3343004866283958,17,0.7422416367990204,,80.0,0.83172607421875,,secondary_uncorrected,analysis_ready_ad_v1
inline_early_vs_no_ad_early,primary,delta_relative_power,exploratory,post_minus_pre,18,0.08209332971824987,0.22230697854312403,0.05239825734431178,-0.028457329878098056,0.1926439893145978,0.3692791393965397,1.5667187017081536,17,0.1356046014628716,0.2712092029257432,54.0,0.18146514892578125,0.3629302978515625,primary_ad_responses__delta_relative_power,analysis_ready_ad_v1
block_early_vs_no_ad_early,primary,delta_relative_power,exploratory,post_minus_pre,18,0.17311467451742563,0.21992990753221167,0.05183797633391908,0.0637461045247684,0.2824832445100829,0.7871356672674028,3.3395338082314705,17,0.003883872219362538,0.015535488877450153,24.0,0.0055999755859375,0.02239990234375,primary_ad_responses__delta_relative_power,analysis_ready_ad_v1
inline_late_vs_no_ad_late,primary,delta_relative_power,exploratory,post_minus_pre,18,0.06533913935283797,0.3370672521345547,0.07944751323341981,-0.10228046168714963,0.23295874039282558,0.1938460023602503,0.8224189366490189,17,0.42222472475206263,0.42222472475206263,70.0,0.522613525390625,0.522613525390625,primary_ad_responses__delta_relative_power,analysis_ready_ad_v1
block_late_vs_no_ad_late,primary,delta_relative_power,exploratory,post_minus_pre,18,0.1196266002758885,0.2726436914140213,0.06426273434886232,-0.015955917727505292,0.2552091182792823,0.438765333815226,1.8615236573419531,17,0.08005195833947656,0.2401558750184297,39.0,0.0431671142578125,0.1295013427734375,primary_ad_responses__delta_relative_power,analysis_ready_ad_v1
any_ad_vs_matched_no_ad,secondary,delta_relative_power,exploratory,post_minus_pre,18,0.11004343596610051,0.19200811111224703,0.04525674580342999,0.014560048667981385,0.20552682326421964,0.5731186840423093,2.4315366474661633,17,0.026385074066782154,,37.0,0.03423309326171875,,secondary_uncorrected,analysis_ready_ad_v1
inline_vs_block,secondary,delta_relative_power,exploratory,post_minus_pre,18,-0.07265440286111316,0.1708451112978933,0.040268578910436933,-0.15761367794356312,0.012304872221336804,-0.42526474599808506,-1.8042455141689235,17,0.08894007087781475,,49.0,0.11870574951171875,,secondary_uncorrected,analysis_ready_ad_v1
early_vs_late,secondary,delta_relative_power,exploratory,post_minus_pre,18,-0.013649758918655256,0.14898208356812637,0.03511541385544103,-0.0877368060929286,0.06043728825561808,-0.09162013707784875,-0.38871132132592734,17,0.7023150563743153,,85.0,1.0,,secondary_uncorrected,analysis_ready_ad_v1
format_x_timing,secondary,delta_relative_power,exploratory,post_minus_pre,18,-0.03673388387612523,0.4652039688710859,0.10964962700788014,-0.26807437504096343,0.19460660728871296,-0.07896296320357635,-0.33501148046299595,17,0.7417147013115718,,77.0,0.7337265014648438,,secondary_uncorrected,analysis_ready_ad_v1
inline_early_vs_no_ad_early,primary,theta_relative_power,exploratory,post_minus_pre,18,-0.010230612870556162,0.0733321442525514,0.017284552159976402,-0.04669783027354686,0.026236604532434538,-0.1395106194538995,-0.5918934303803293,17,0.5617118077841297,1.0,75.0,0.6705245971679688,1.0,primary_ad_responses__theta_relative_power,analysis_ready_ad_v1
block_early_vs_no_ad_early,primary,theta_relative_power,exploratory,post_minus_pre,18,-0.02118166052738876,0.03659503315188371,0.00862553203314783,-0.03937994237802432,-0.002983378676753197,-0.5788124426469727,-2.4556932193849446,17,0.02512032299124716,0.10048129196498864,34.0,0.02367401123046875,0.094696044921875,primary_ad_responses__theta_relative_power,analysis_ready_ad_v1
inline_late_vs_no_ad_late,primary,theta_relative_power,exploratory,post_minus_pre,18,0.0008309410632173528,0.06718730140516073,0.015836198811071203,-0.032580517882046106,0.034242400008480806,0.012367531450720348,0.05247099213205354,17,0.9587650599910343,1.0,81.0,0.8650436401367188,1.0,primary_ad_responses__theta_relative_power,analysis_ready_ad_v1
block_late_vs_no_ad_late,primary,theta_relative_power,exploratory,post_minus_pre,18,0.006947392234737473,0.07261773794004761,0.017116164977278435,-0.02916455926708959,0.04305934373656453,0.09567073323701107,0.4058965453978785,17,0.6898818807811545,1.0,78.0,0.7660293579101562,1.0,primary_ad_responses__theta_relative_power,analysis_ready_ad_v1
any_ad_vs_matched_no_ad,secondary,theta_relative_power,exploratory,post_minus_pre,18,-0.005908485024997524,0.030823977767730763,0.0072652812342352685,-0.02123688855032715,0.009419918500332105,-0.1916847030425464,-0.8132493202266853,17,0.42731888951854546,,64.0,0.3692169189453125,,secondary_uncorrected,analysis_ready_ad_v1
inline_vs_block,secondary,theta_relative_power,exploratory,post_minus_pre,18,0.002417298242656236,0.040295570211117314,0.009497756982686565,-0.017621217393891025,0.0224558138792035,0.059989180696326694,0.25451253880918645,17,0.8021527689841361,,78.0,0.7660293579101562,,secondary_uncorrected,analysis_ready_ad_v1
early_vs_late,secondary,theta_relative_power,exploratory,post_minus_pre,18,-0.005520100247588107,0.0360047609029008,0.008486403529813813,-0.023424846614568926,0.012384646119392714,-0.15331584238192703,-0.6504640308695309,17,0.5240869392034063,,68.0,0.468292236328125,,secondary_uncorrected,analysis_ready_ad_v1
format_x_timing,secondary,theta_relative_power,exploratory,post_minus_pre,18,0.01706749882835271,0.13543261839048934,0.03192177428592165,-0.050281557832163745,0.08441655548886916,0.12602206935955734,0.5346663589398266,17,0.5998045086144517,,77.0,0.7337265014648438,,secondary_uncorrected,analysis_ready_ad_v1
inline_early_vs_no_ad_early,primary,alpha_relative_power,exploratory,post_minus_pre,18,-0.016543481839327835,0.0838374070117286,0.019760666338363302,-0.05823484350837316,0.025147879829717487,-0.19732816685293536,-0.8371925094049266,17,0.41409930516417526,0.6985920453400272,73.0,0.6094589233398438,0.738433837890625,primary_ad_responses__alpha_relative_power,analysis_ready_ad_v1
block_early_vs_no_ad_early,primary,alpha_relative_power,exploratory,post_minus_pre,18,-0.03273932463731549,0.047195493516160314,0.0111240845022409,-0.056209091409277503,-0.009269557865353478,-0.6936959908281316,-2.943102835178958,17,0.009091720607744921,0.036366882430979686,32.0,0.0182342529296875,0.07293701171875,primary_ad_responses__alpha_relative_power,analysis_ready_ad_v1
inline_late_vs_no_ad_late,primary,alpha_relative_power,exploratory,post_minus_pre,18,-0.018980943644211684,0.08366780479858847,0.01972069071335809,-0.06058796411688738,0.022626076828464015,-0.2268607822316369,-0.9624887850076504,17,0.3492960226700136,0.6985920453400272,64.0,0.3692169189453125,0.738433837890625,primary_ad_responses__alpha_relative_power,analysis_ready_ad_v1
block_late_vs_no_ad_late,primary,alpha_relative_power,exploratory,post_minus_pre,18,-0.030594570730362203,0.06415758869724278,0.015122088677465922,-0.06249938899145661,0.0013102475307322017,-0.4768659694293814,-2.023170964203675,17,0.059072051434296696,0.1772161543028901,42.0,0.0599365234375,0.1798095703125,primary_ad_responses__alpha_relative_power,analysis_ready_ad_v1
any_ad_vs_matched_no_ad,secondary,alpha_relative_power,exploratory,post_minus_pre,18,-0.02471458021280431,0.037531528908024955,0.008846266199721129,-0.043378570446636275,-0.006050589978972346,-0.6585018231836502,-2.793786627581184,17,0.012467318119348375,,30.0,0.0138702392578125,,secondary_uncorrected,analysis_ready_ad_v1
inline_vs_block,secondary,alpha_relative_power,exploratory,post_minus_pre,18,0.013904734942069091,0.035265868837977395,0.008312244999923056,-0.0036325690455356607,0.03144203892967384,0.39428306745969766,1.672801384246711,17,0.11266733758427024,,46.0,0.0897674560546875,,secondary_uncorrected,analysis_ready_ad_v1
early_vs_late,secondary,alpha_relative_power,exploratory,post_minus_pre,18,0.010684818560225424,0.05089163191413411,0.011995272677377983,-0.014622994594864987,0.03599263171531583,0.2099523665944368,0.8907524528705413,17,0.3854953545757697,,74.0,0.6396942138671875,,secondary_uncorrected,analysis_ready_ad_v1
format_x_timing,secondary,alpha_relative_power,exploratory,post_minus_pre,18,0.004582215711837143,0.14813810209638054,0.0349164855148186,-0.06908512935051846,0.07824956077419275,0.030932053583728882,0.13123358907048208,17,0.8971310898914261,,79.0,0.7987060546875,,secondary_uncorrected,analysis_ready_ad_v1
inline_early_vs_no_ad_early,primary,beta_relative_power,exploratory,post_minus_pre,18,-0.04736167976720696,0.1411608474972047,0.03327193083443784,-0.11755931774629655,0.022835958211882633,-0.335515694379384,-1.4234725361410536,17,0.17269374718366742,0.34538749436733485,58.0,0.24620819091796875,0.4924163818359375,primary_ad_responses__beta_relative_power,analysis_ready_ad_v1
block_early_vs_no_ad_early,primary,beta_relative_power,exploratory,post_minus_pre,18,-0.09605870006108355,0.1535341792381223,0.036188353094395706,-0.17240945115577208,-0.019707948966395022,-0.6256502658740388,-2.654409273904196,17,0.016686995101653924,0.0667479804066157,28.0,0.010406494140625,0.0416259765625,primary_ad_responses__beta_relative_power,analysis_ready_ad_v1
inline_late_vs_no_ad_late,primary,beta_relative_power,exploratory,post_minus_pre,18,-0.029369992524708725,0.14552614254242235,0.03430084074388899,-0.10173844065894541,0.04299845560952797,-0.2018193570694494,-0.8562470157511011,17,0.40376939409049445,0.40376939409049445,68.0,0.468292236328125,0.4924163818359375,primary_ad_responses__beta_relative_power,analysis_ready_ad_v1
block_late_vs_no_ad_late,primary,beta_relative_power,exploratory,post_minus_pre,18,-0.06130211192448201,0.11311172595828543,0.026660689485606025,-0.11755124991699048,-0.005052973931973535,-0.541960715435371,-2.2993445821263823,17,0.03443205164275421,0.10329615492826263,35.0,0.02684783935546875,0.08054351806640625,primary_ad_responses__beta_relative_power,analysis_ready_ad_v1
any_ad_vs_matched_no_ad,secondary,beta_relative_power,exploratory,post_minus_pre,18,-0.0585231210693703,0.1147123134517581,0.027037951575778325,-0.11556821249665025,-0.001478029642090345,-0.5101729649448837,-2.1644805785434444,17,0.044950222956071,,41.0,0.05385589599609375,,secondary_uncorrected,analysis_ready_ad_v1
inline_vs_block,secondary,beta_relative_power,exploratory,post_minus_pre,18,0.04031456984682494,0.08413692399661453,0.019831263168727766,-0.0015257381146689813,0.08215487780831886,0.4791543109948624,2.0328795752354103,17,0.057986050658493875,,42.0,0.0599365234375,,secondary_uncorrected,analysis_ready_ad_v1
early_vs_late,secondary,beta_relative_power,exploratory,post_minus_pre,18,0.010046325243910144,0.0670962074490755,0.015814727759713546,-0.02331983374272647,0.043412484230546756,0.14973015056827282,0.635251228889451,17,0.5337226150967617,,76.0,0.7018814086914062,,secondary_uncorrected,analysis_ready_ad_v1
format_x_timing,secondary,beta_relative_power,exploratory,post_minus_pre,18,0.01676490089410332,0.16727189556642577,0.03942636388564922,-0.06641745580916426,0.0999472575973709,0.10022544933405006,0.4252205692294532,17,0.6760097070118467,,72.0,0.5798416137695312,,secondary_uncorrected,analysis_ready_ad_v1
inline_early_vs_no_ad_early,primary,gamma_relative_power,exploratory,post_minus_pre,18,-0.007957555241158973,0.0610700945756094,0.014394359334039068,-0.03832699879704499,0.022411888314727044,-0.1303019963610326,-0.552824551374186,17,0.5875799887244371,0.5955429220144953,72.0,0.5798416137695312,0.738433837890625,primary_ad_responses__gamma_relative_power,analysis_ready_ad_v1
block_early_vs_no_ad_early,primary,gamma_relative_power,exploratory,post_minus_pre,18,-0.023134989291637847,0.05263935905109656,0.012407215914114617,-0.04931192670477828,0.003041948121502592,-0.43949982881024285,-1.8646398556922972,17,0.07959174710346185,0.23877524131038558,41.0,0.05385589599609375,0.215423583984375,primary_ad_responses__gamma_relative_power,analysis_ready_ad_v1
inline_late_vs_no_ad_late,primary,gamma_relative_power,exploratory,post_minus_pre,18,-0.017819144247134988,0.0703822603516483,0.016589257856629198,-0.05281941889774499,0.017181130403475013,-0.25317664079138485,-1.0741375172497134,17,0.29777146100724766,0.5955429220144953,64.0,0.3692169189453125,0.738433837890625,primary_ad_responses__gamma_relative_power,analysis_ready_ad_v1
block_late_vs_no_ad_late,primary,gamma_relative_power,exploratory,post_minus_pre,18,-0.03467730985578177,0.06565967968595551,0.01547613491882525,-0.06732910039216941,-0.0020255193193941187,-0.5281370549116338,-2.2406957575434494,17,0.03868950482231147,0.15475801928924587,42.0,0.0599365234375,0.215423583984375,primary_ad_responses__gamma_relative_power,analysis_ready_ad_v1
any_ad_vs_matched_no_ad,secondary,gamma_relative_power,exploratory,post_minus_pre,18,-0.020897249658928394,0.05195306616880792,0.01224545513046583,-0.046732901650844094,0.004938402332987309,-0.40223323087473295,-1.7065310710205872,17,0.10610858646788582,,55.0,0.19638824462890625,,secondary_uncorrected,analysis_ready_ad_v1
inline_vs_block,secondary,gamma_relative_power,exploratory,post_minus_pre,18,0.016017799829562824,0.0362992164099101,0.008555807358401814,-0.0020333758161342336,0.03406897547525988,0.4412712287968228,1.8721552693485235,17,0.07849147201144446,,47.0,0.0987396240234375,,secondary_uncorrected,analysis_ready_ad_v1
early_vs_late,secondary,gamma_relative_power,exploratory,post_minus_pre,18,-0.0015612846378922562,0.026026859559398274,0.006134589629146813,-0.014504137401080905,0.011381568125296393,-0.0599874385278449,-0.25450514741430175,17,0.8021583848755556,,75.0,0.6705245971679688,,secondary_uncorrected,analysis_ready_ad_v1
format_x_timing,secondary,gamma_relative_power,exploratory,post_minus_pre,18,-0.0016807315581679055,0.08517074868580829,0.020074937984823425,-0.04403514844258612,0.040673685326250306,-0.01973367129092714,-0.08372287672512523,17,0.9342547608656541,,79.0,0.7987060546875,,secondary_uncorrected,analysis_ready_ad_v1
inline_early_vs_no_ad_early,primary,engagement_beta_over_alpha_theta,exploratory,post_minus_pre,18,-0.5119440127057199,4.198763578719392,0.9896580663705262,-2.5999400178626533,1.5760519924512137,-0.1219273252965248,-0.5172938311746647,17,0.6116164021502439,1.0,67.0,0.44229888916015625,0.8845977783203125,primary_ad_responses__engagement_beta_over_alpha_theta,analysis_ready_ad_v1
block_early_vs_no_ad_early,primary,engagement_beta_over_alpha_theta,exploratory,post_minus_pre,18,-1.0182332953150264,3.743088492128549,0.8822544184551422,-2.879627410983958,0.8431608203539054,-0.27203024920631697,-1.154126603409919,17,0.2644158198589473,0.793247459576842,44.0,0.0736846923828125,0.266143798828125,primary_ad_responses__engagement_beta_over_alpha_theta,analysis_ready_ad_v1
inline_late_vs_no_ad_late,primary,engagement_beta_over_alpha_theta,exploratory,post_minus_pre,18,0.02810994209027494,0.44190086494442926,0.10415703273813555,-0.1916421881215381,0.24786207230208795,0.06361142129425312,0.26988040414848435,17,0.790500997113757,1.0,79.0,0.7987060546875,0.8845977783203125,primary_ad_responses__engagement_beta_over_alpha_theta,analysis_ready_ad_v1
block_late_vs_no_ad_late,primary,engagement_beta_over_alpha_theta,exploratory,post_minus_pre,18,-0.24704718707435921,0.5489858559324058,0.12939720716843506,-0.5200514304864483,0.02595705633772985,-0.45000646993859356,-1.9092157588283984,17,0.07326074243505494,0.29304296974021976,43.0,0.06653594970703125,0.266143798828125,primary_ad_responses__engagement_beta_over_alpha_theta,analysis_ready_ad_v1
any_ad_vs_matched_no_ad,secondary,engagement_beta_over_alpha_theta,exploratory,post_minus_pre,18,-0.4372786382512076,2.019886847653913,0.4760918957352003,-1.4417447363535278,0.5671874598511125,-0.2164867001134763,-0.9184752821216257,17,0.37121853125679405,,65.0,0.39273834228515625,,secondary_uncorrected,analysis_ready_ad_v1
inline_vs_block,secondary,engagement_beta_over_alpha_theta,exploratory,post_minus_pre,18,0.3907232058869702,0.9342396971851268,0.22020240837775665,-0.07386326558483419,0.8553096773587745,0.4182258654435505,1.774382073136483,17,0.09390928819309176,,36.0,0.030364990234375,,secondary_uncorrected,analysis_ready_ad_v1
early_vs_late,secondary,engagement_beta_over_alpha_theta,exploratory,post_minus_pre,18,0.1207738554831701,0.783666688175073,0.1847120097995326,-0.2689344202047838,0.5104821311711241,0.15411380540420386,0.6538495012546592,17,0.5219558973523893,,84.0,0.9661178588867188,,secondary_uncorrected,analysis_ready_ad_v1
format_x_timing,secondary,engagement_beta_over_alpha_theta,exploratory,post_minus_pre,18,0.23113215344467208,1.7058198947378305,0.40206560501734756,-0.6171521233319047,1.079416430221249,0.13549622334554556,0.5748617901168136,17,0.572914809626432,,84.0,0.9661178588867188,,secondary_uncorrected,analysis_ready_ad_v1
inline_early_vs_no_ad_early,primary,engagement_pope_frontocentral_beta_over_alpha_theta,exploratory,post_minus_pre,18,-0.8298159968996885,4.159562890379392,0.980418375519728,-2.898317958365244,1.238685964565867,-0.19949596117874815,-0.8463896818129263,17,0.40909215521245723,0.8852711273515754,58.0,0.24620819091796875,0.7386245727539062,primary_ad_responses__engagement_pope_frontocentral_beta_over_alpha_theta,analysis_ready_ad_v1
block_early_vs_no_ad_early,primary,engagement_pope_frontocentral_beta_over_alpha_theta,exploratory,post_minus_pre,18,-1.0593635220413722,4.160357651090095,0.9806057024157143,-3.128260708710227,1.0095336646274826,-0.25463280104387137,-1.0803154819838785,17,0.2950903757838585,0.8852711273515754,58.0,0.24620819091796875,0.7386245727539062,primary_ad_responses__engagement_pope_frontocentral_beta_over_alpha_theta,analysis_ready_ad_v1
inline_late_vs_no_ad_late,primary,engagement_pope_frontocentral_beta_over_alpha_theta,exploratory,post_minus_pre,18,0.06780264489436225,0.5061774735020753,0.11930717466573049,-0.18391349076267624,0.3195187805514007,0.1339503404315053,0.5683031643681838,17,0.5772595667924348,0.8852711273515754,62.0,0.32472991943359375,0.7386245727539062,primary_ad_responses__engagement_pope_frontocentral_beta_over_alpha_theta,analysis_ready_ad_v1
block_late_vs_no_ad_late,primary,engagement_pope_frontocentral_beta_over_alpha_theta,exploratory,post_minus_pre,18,-0.28825722564102985,0.7523128504043826,0.17732183936490656,-0.6623736046231665,0.08585915334110689,-0.38316137426881125,-1.625616036205399,17,0.12242462040493936,0.48969848161975743,49.0,0.11870574951171875,0.474822998046875,primary_ad_responses__engagement_pope_frontocentral_beta_over_alpha_theta,analysis_ready_ad_v1
any_ad_vs_matched_no_ad,secondary,engagement_pope_frontocentral_beta_over_alpha_theta,exploratory,post_minus_pre,18,-0.527408524921932,2.1656753168342306,0.5104545674606031,-1.6043735231264795,0.5495564732826155,-0.2435307457319568,-1.033213450406901,17,0.31597965204964,,73.0,0.6094589233398438,,secondary_uncorrected,analysis_ready_ad_v1
inline_vs_block,secondary,engagement_pope_frontocentral_beta_over_alpha_theta,exploratory,post_minus_pre,18,0.2928036978385378,0.6264548019747923,0.1476568128610838,-0.0187249461089955,0.6043323417860711,0.4673979621762399,1.983001611405556,17,0.06376331866064901,,40.0,0.04827880859375,,secondary_uncorrected,analysis_ready_ad_v1
early_vs_late,secondary,engagement_pope_frontocentral_beta_over_alpha_theta,exploratory,post_minus_pre,18,0.010093791838130603,0.5670539618685844,0.133655900578658,-0.27189550927206296,0.29208309294832413,0.017800407927437874,0.07552073492026858,17,0.9406820183728188,,85.0,1.0,,secondary_uncorrected,analysis_ready_ad_v1
format_x_timing,secondary,engagement_pope_frontocentral_beta_over_alpha_theta,exploratory,post_minus_pre,18,-0.12651234539370831,1.208865215901749,0.28493226390155557,-0.7276668744005235,0.4746421836131069,-0.10465380567620754,-0.4440084940237533,17,0.6626363484410568,,61.0,0.30379486083984375,,secondary_uncorrected,analysis_ready_ad_v1
inline_early_vs_no_ad_early,primary,engagement_kislov_central_beta16_24_over_alpha8_12,exploratory,post_minus_pre,18,-0.8515533990093132,4.682249293791707,1.1036167422820131,-3.17998119383356,1.4768743958149337,-0.18186844518048317,-0.7716024652258412,17,0.4509430577511961,1.0,68.0,0.468292236328125,1.0,primary_ad_responses__engagement_kislov_central_beta16_24_over_alpha8_12,analysis_ready_ad_v1
block_early_vs_no_ad_early,primary,engagement_kislov_central_beta16_24_over_alpha8_12,exploratory,post_minus_pre,18,-1.403454938874792,4.450135257829722,1.0489069393362473,-3.616455139183871,0.8095452614342873,-0.31537354654681665,-1.338016640220632,17,0.1985149298939685,0.794059719575874,57.0,0.22875213623046875,0.915008544921875,primary_ad_responses__engagement_kislov_central_beta16_24_over_alpha8_12,analysis_ready_ad_v1
inline_late_vs_no_ad_late,primary,engagement_kislov_central_beta16_24_over_alpha8_12,exploratory,post_minus_pre,18,0.32304592472454946,1.4662897496655118,0.34560780839093624,-0.4061228132394796,1.0522146626885784,0.2203152035934523,0.9347182467565496,17,0.3630218169675119,1.0,63.0,0.34654998779296875,1.0,primary_ad_responses__engagement_kislov_central_beta16_24_over_alpha8_12,analysis_ready_ad_v1
block_late_vs_no_ad_late,primary,engagement_kislov_central_beta16_24_over_alpha8_12,exploratory,post_minus_pre,18,-0.03250359080130819,0.9011956749273227,0.21241385763903248,-0.48065765659580717,0.41565047499319074,-0.03606718463659899,-0.15302010500907848,17,0.8801840319679358,1.0,69.0,0.49507904052734375,1.0,primary_ad_responses__engagement_kislov_central_beta16_24_over_alpha8_12,analysis_ready_ad_v1
any_ad_vs_matched_no_ad,secondary,engagement_kislov_central_beta16_24_over_alpha8_12,exploratory,post_minus_pre,18,-0.4911165009902158,2.2894275570430827,0.5396232502068384,-1.6296220404376485,0.6473890384572167,-0.2145149775450938,-0.9101099717292946,17,0.37548842693490797,,80.0,0.83172607421875,,secondary_uncorrected,analysis_ready_ad_v1
inline_vs_block,secondary,engagement_kislov_central_beta16_24_over_alpha8_12,exploratory,post_minus_pre,18,0.4537255276956681,1.3455402946088288,0.31714688889254933,-0.21539591895120425,1.1228469743425404,0.3372069417122686,1.4306478908875322,17,0.17065596568011965,,66.0,0.4171142578125,,secondary_uncorrected,analysis_ready_ad_v1
early_vs_late,secondary,engagement_kislov_central_beta16_24_over_alpha8_12,exploratory,post_minus_pre,18,0.06206731555981905,0.8077100149899167,0.19037907627721937,-0.33959742526337544,0.4637320563830135,0.07684356316987587,0.32601962764773634,17,0.7483884307833903,,75.0,0.6705245971679688,,secondary_uncorrected,analysis_ready_ad_v1
format_x_timing,secondary,engagement_kislov_central_beta16_24_over_alpha8_12,exploratory,post_minus_pre,18,0.19635202433962112,1.8867447277120473,0.44470999711105164,-0.7419040551834843,1.1346081038627267,0.1040692052590106,0.4415282445080466,17,0.6643952265013172,,84.0,0.9661178588867188,,secondary_uncorrected,analysis_ready_ad_v1
