outcome,contrast,slice,n,mean,t,p_nominal,p_familywise
delta,implicit early - no ad,control session position = 1,16,0.3125,2.0761369963434992,0.05548712484360717,0.7924
delta,early pooled - no ad,control session position = 1,16,0.25,1.7320508075688774,0.10377091535383591,0.9548
delta,implicit early - no ad,ad session position = 0,41,0.14634146341463414,1.6360256494476355,0.10967988987578485,0.9718
delta,explicit early - no ad,control task = swt_study_environment,10,0.2,1.5,0.16785065605707505,0.9896
delta,implicit early - no ad,control task genre = Informational,8,0.25,1.5275252316519468,0.1704706607870538,0.9866
delta,implicit early - no ad,control task = swt_pet_decision_and_setup,8,0.25,1.5275252316519468,0.1704706607870538,0.9866
delta,explicit early - no ad,arm = lab,18,0.16666666666666666,1.374368541872553,0.1871760013210827,0.998
delta,early pooled - no ad,control task = swt_study_environment,10,0.15,1.4055638569974547,0.1934220596033322,0.9966
delta,early pooled - no ad,arm = lab,18,0.1388888888888889,1.3170777796132696,0.20529080497551896,0.9984
delta,implicit early - no ad,all participants,54,0.09259259259259259,1.2180979426894711,0.22858171420190193,0.999
delta,explicit early - no ad,control session position = 0,24,-0.125,-1.1410025383200644,0.2656104926976467,1.0
delta,explicit early - no ad,ad task = swt_laptop_budget,24,0.125,1.1410025383200644,0.2656104926976467,1.0
delta,implicit early - no ad,ad task genre = Informational,23,0.13043478260869565,1.141328865379023,0.26600471796195646,1.0
delta,implicit early - no ad,ad task = swt_pet_decision_and_setup,23,0.13043478260869565,1.141328865379023,0.26600471796195646,1.0
delta,explicit early - no ad,control session position = 1,16,0.1875,1.1448491654582649,0.27021106439329357,0.9994
delta,early pooled - no ad,ad task = swt_laptop_budget,24,0.10416666666666667,1.09563567691749,0.2845787894309675,1.0
delta,implicit early - no ad,ad session position = 3,21,0.09523809523809523,0.9999999999999997,0.32925657717170953,1.0
delta,implicit early - no ad,arm = lab,18,0.1111111111111111,0.9999999999999999,0.3313327620386788,1.0
delta,implicit early - no ad,control task = swt_study_environment,10,0.1,1.0000000000000002,0.3434363961379133,1.0
delta,explicit early - no ad,control task = swt_laptop_budget,9,-0.1111111111111111,-1.0,0.34659350708733416,1.0
delta,early pooled - no ad,ad session position = 0,41,0.07317073170731707,0.9474996627822979,0.34907354265148993,1.0
delta,implicit early - no ad,ad task genre = Transactional,36,0.08333333333333333,0.9021937088963174,0.373121116415678,1.0
delta,explicit early - no ad,arm = crowd,36,-0.08333333333333333,-0.9021937088963172,0.3731211164156782,1.0
delta,early pooled - no ad,ad task genre = Transactional,36,0.06944444444444445,0.8955537385467801,0.3766092549005451,1.0
delta,early pooled - no ad,control task genre = Transactional,19,0.07894736842105263,0.9,0.38000370195431565,1.0
delta,implicit early - no ad,ad task genre = Social,37,0.08108108108108109,0.8285171561084909,0.4128371194387104,1.0
delta,implicit early - no ad,arm = crowd,36,0.08333333333333333,0.828416869579514,0.41304812448661926,1.0
delta,implicit early - no ad,ad task = swt_laptop_budget,24,0.08333333333333333,0.8106434833777776,0.4258794295721393,1.0
delta,explicit early - no ad,ad session position = 3,21,-0.09523809523809523,-0.8097763301789159,0.4275987502951432,1.0
delta,implicit early - no ad,control task genre = Transactional,19,0.10526315789473684,0.8090398349558906,0.42905718780257857,1.0
delta,early pooled - no ad,ad session position = 1,18,-0.05555555555555555,-0.8086075400626397,0.4299124456176845,1.0
delta,implicit early - no ad,ad task = swt_study_environment,17,0.11764705882352941,0.8081220356417685,0.43087227064869266,1.0
delta,early pooled - no ad,all participants,54,0.046296296296296294,0.7261255105443349,0.470956469273175,1.0
delta,early pooled - no ad,control session position = 0,24,-0.0625,-0.720275636462322,0.4786121241908439,1.0
delta,implicit early - no ad,ad task = swt_gardening_birthday_gift,21,0.09523809523809523,0.698430295769578,0.4929500607488027,1.0
delta,early pooled - no ad,ad task genre = Social,37,0.05405405405405406,0.6810052246069987,0.5002254512452928,1.0
delta,explicit early - no ad,ad task genre = Transactional,36,0.05555555555555555,0.6271032028034077,0.5346613282915866,1.0
delta,implicit early - no ad,ad session position = 2,23,0.08695652173913043,0.6240036305771397,0.5390424544963406,1.0
delta,early pooled - no ad,ad session position = 2,23,0.06521739130434782,0.5914586389214129,0.5602421289812469,1.0
delta,explicit early - no ad,control task genre = Transactional,19,0.05263157894736842,0.566946709513841,0.5777527094497386,1.0
delta,implicit early - no ad,ad session position = 1,18,-0.05555555555555555,-0.5663521139548541,0.5785552980043589,1.0
delta,explicit early - no ad,ad session position = 1,18,-0.05555555555555555,-0.5663521139548541,0.5785552980043589,1.0
delta,implicit early - no ad,control task = swt_gardening_birthday_gift,14,0.07142857142857142,0.5630925063714729,0.5829538031976735,1.0
delta,early pooled - no ad,ad task = swt_pet_decision_and_setup,23,0.043478260869565216,0.43929768510697936,0.6647305272060023,1.0
delta,early pooled - no ad,ad task genre = Informational,23,0.043478260869565216,0.43929768510697936,0.6647305272060023,1.0
delta,explicit early - no ad,ad task = swt_study_environment,17,-0.058823529411764705,-0.4364357804719848,0.6683526387131725,1.0
delta,implicit early - no ad,control task = swt_laptop_budget,9,0.1111111111111111,0.42640143271122083,0.681057160871882,1.0
delta,explicit early - no ad,control task = swt_pet_decision_and_setup,8,-0.125,-0.42365927286816174,0.6845283355605284,1.0
delta,explicit early - no ad,control task genre = Informational,8,-0.125,-0.42365927286816174,0.6845283355605284,1.0
delta,explicit early - no ad,ad task = swt_pet_decision_and_setup,23,-0.043478260869565216,-0.37080992435478305,0.7143257141632531,1.0
delta,implicit early - no ad,ad task = swt_fitness_restart,23,0.043478260869565216,0.37080992435478305,0.7143257141632531,1.0
delta,explicit early - no ad,ad session position = 2,23,0.043478260869565216,0.3708099243547831,0.7143257141632531,1.0
delta,explicit early - no ad,ad task genre = Informational,23,-0.043478260869565216,-0.37080992435478305,0.7143257141632531,1.0
delta,explicit early - no ad,ad task = swt_gardening_birthday_gift,21,-0.047619047619047616,-0.3701166050988026,0.715186115848536,1.0
delta,implicit early - no ad,control task genre = Social,27,0.037037037037037035,0.3277773886785445,0.7457048469582326,1.0
delta,explicit early - no ad,ad task genre = Social,37,0.02702702702702703,0.29777500019127917,0.7675866520970837,1.0
delta,early pooled - no ad,control task = swt_gardening_birthday_gift,14,0.03571428571428571,0.2914915440650687,0.7752745986197441,1.0
delta,early pooled - no ad,control task = swt_pet_decision_and_setup,8,0.0625,0.28365431446558775,0.7848815134082948,1.0
delta,early pooled - no ad,control task genre = Informational,8,0.0625,0.28365431446558775,0.7848815134082948,1.0
delta,early pooled - no ad,ad task = swt_study_environment,17,0.029411764705882353,0.2509823220552634,0.8050225182660818,1.0
delta,early pooled - no ad,ad task = swt_fitness_restart,23,0.021739130434782608,0.22463017516872094,0.8243402122564687,1.0
delta,early pooled - no ad,ad task = swt_gardening_birthday_gift,21,0.023809523809523808,0.22416791983111015,0.8249007914124694,1.0
delta,early pooled - no ad,control task genre = Social,27,0.018518518518518517,0.19640689309641438,0.8458188331962005,1.0
delta,early pooled - no ad,control session position = 3,6,0.0,0.0,1.0,1.0
delta,explicit early - no ad,control task = swt_fitness_restart,13,0.0,0.0,1.0,1.0
delta,explicit early - no ad,control task = swt_gardening_birthday_gift,14,0.0,0.0,1.0,1.0
delta,explicit early - no ad,all participants,54,0.0,0.0,1.0,1.0
delta,implicit early - no ad,control session position = 2,8,0.0,0.0,1.0,1.0
delta,implicit early - no ad,control session position = 0,24,0.0,0.0,1.0,1.0
delta,implicit early - no ad,control session position = 3,6,0.0,0.0,1.0,1.0
delta,early pooled - no ad,ad session position = 3,21,0.0,0.0,1.0,1.0
delta,implicit early - no ad,control task = swt_fitness_restart,13,0.0,0.0,1.0,1.0
delta,early pooled - no ad,arm = crowd,36,0.0,0.0,1.0,1.0
delta,early pooled - no ad,control session position = 2,8,0.0,0.0,1.0,1.0
delta,early pooled - no ad,control task = swt_fitness_restart,13,0.0,0.0,1.0,1.0
delta,early pooled - no ad,control task = swt_laptop_budget,9,0.0,0.0,1.0,1.0
delta,explicit early - no ad,ad task = swt_fitness_restart,23,0.0,0.0,1.0,1.0
delta,explicit early - no ad,control session position = 2,8,0.0,0.0,1.0,1.0
delta,explicit early - no ad,control session position = 3,6,0.0,0.0,1.0,1.0
delta,explicit early - no ad,control task genre = Social,27,0.0,0.0,1.0,1.0
delta,explicit early - no ad,ad session position = 0,41,0.0,0.0,1.0,1.0
