combo,grain,contrast,contrast_label,kind,beh,eeg,traj,left,right,given,headline,n,n_obs,n_persons,dof,effect,effect_name,p_raw,p_holm_family,p_bh_global,sig_raw,sig_holm_family,sig_bh_global,n_tests_in_family,n_tests_global,family
traj_eeg,D,early_vs_late,early − late,,,,,traj_mean_total_variation,eeg_delta,,False,18.0,,,,-0.6181630546955624,Spearman rho,0.0062517627309340825,1.0,0.8962331330880603,True,False,False,160,2560,traj_eeg|D|early_vs_late
traj_eeg,D,early_vs_late,early − late,,,,,traj_mean_total_variation,eeg_theta,,False,18.0,,,,-0.6140350877192982,Spearman rho,0.0067107587733592385,1.0,0.8962331330880603,True,False,False,160,2560,traj_eeg|D|early_vs_late
traj_eeg,D,early_vs_late,early − late,,,,,traj_mean_js_divergence,eeg_delta,,False,18.0,,,,-0.6119711042311662,Spearman rho,0.006950274712161287,1.0,0.8962331330880603,True,False,False,160,2560,traj_eeg|D|early_vs_late
traj_eeg,D,early_vs_late,early − late,,,,,traj_mean_js_divergence,eeg_theta,,False,18.0,,,,-0.5830753353973168,Spearman rho,0.011092443619541686,1.0,0.8962331330880603,True,False,False,160,2560,traj_eeg|D|early_vs_late
traj_eeg,D,early_vs_late,early − late,,,,,traj_shifted_into_purchasable,eeg_rel_alpha,,False,18.0,,,,-0.5470996947939443,Spearman rho,0.01878434952219176,1.0,0.8962331330880603,True,False,False,160,2560,traj_eeg|D|early_vs_late
traj_eeg,D,early_vs_late,early − late,,,,,traj_max_js_divergence,eeg_delta,,False,18.0,,,,-0.5211558307533539,Spearman rho,0.026565697103864788,1.0,0.9958470385372525,True,False,False,160,2560,traj_eeg|D|early_vs_late
traj_eeg,D,early_vs_late,early − late,,,,,traj_diversity,eeg_theta,,False,18.0,,,,-0.5176256051490205,Spearman rho,0.027793891930890754,1.0,0.9958470385372525,True,False,False,160,2560,traj_eeg|D|early_vs_late
traj_eeg,D,early_vs_late,early − late,,,,,traj_entropy_normalised,eeg_theta,,False,18.0,,,,-0.5047198285899843,Spearman rho,0.032663284829075837,1.0,0.9958470385372525,True,False,False,160,2560,traj_eeg|D|early_vs_late
traj_eeg,D,early_vs_late,early − late,,,,,traj_entropy_nats,eeg_theta,,False,18.0,,,,-0.49481341187449124,Spearman rho,0.03682822615663519,1.0,0.9958470385372525,True,False,False,160,2560,traj_eeg|D|early_vs_late
traj_eeg,D,early_vs_late,early − late,,,,,traj_shifted_into_purchasable,eeg_fz_theta,,False,18.0,,,,0.48666426339228763,Spearman rho,0.04055032482411271,1.0,0.9958470385372525,True,False,False,160,2560,traj_eeg|D|early_vs_late
