composite,item,reversed,flagged,rho_raw_min,rho_raw_max,rho_rev_min,rho_rev_max,item_rest_rho,alpha_full,alpha_if_deleted
credibility,llm_reliable,False,True,-0.5146824956694711,-0.4788750062978361,0.4788750062978361,0.5146824956694711,0.5201271919589389,0.7842403460563641,0.8524616271150927
credibility,llm_false,True,False,-0.5146824956694711,0.7557209026585741,0.5146824956694711,0.7557209026585741,0.6971018350510664,0.7842403460563641,0.6141323986413243
credibility,llm_made_up,True,False,-0.4788750062978362,0.7557209026585742,0.4788750062978362,0.7557209026585742,0.6578845556291687,0.7842403460563641,0.6407214442563649
helpfulness,llm_helpful,False,False,-0.6936657932429834,0.7717710595273126,0.6936657932429834,0.7717710595273126,0.7797535340002408,0.9039404572571863,0.8600488699634585
helpfulness,llm_addressed,False,False,-0.7075738782938855,0.7717710595273126,0.7075738782938855,0.7717710595273126,0.793614368514344,0.9039404572571863,0.847936839780844
helpfulness,llm_not_aid,True,False,-0.7075738782938855,-0.6936657932429834,0.6936657932429834,0.7075738782938855,0.7348393357542756,0.9039404572571863,0.8812909092041428
convincingness,llm_skeptical,True,True,-0.5640306149760342,-0.3235663468783241,0.3235663468783241,0.5640306149760342,0.45453820104831927,0.7350577712477688,0.7305620567584412
convincingness,llm_convincing,False,False,-0.5640306149760344,0.5585038540338383,0.5585038540338383,0.5640306149760344,0.6636958610826416,0.7350577712477688,0.5086218686603905
convincingness,llm_changed_mind,False,False,-0.32356634687832414,0.5585038540338383,0.32356634687832414,0.5585038540338383,0.46653805673429294,0.7350577712477688,0.7084645192540568
relevance,llm_not_useful,True,False,-0.7076424849925166,-0.6614040497693516,0.6614040497693516,0.7076424849925166,0.7381367069873339,0.8744596252593951,0.8236769585323278
relevance,llm_suggestions,False,False,-0.6614040497693516,0.7087525720030333,0.6614040497693516,0.7087525720030333,0.7342539152329143,0.8744596252593951,0.8228946227786136
relevance,llm_relevant,False,False,-0.7076424849925166,0.7087525720030333,0.7076424849925166,0.7087525720030333,0.7772188083896826,0.8744596252593951,0.8219398289935007
neutrality,llm_neutral,False,False,-0.3904711138590099,0.5099799484266239,0.3904711138590099,0.5099799484266239,0.5171620206350885,0.6327882506370379,0.44006454810117335
neutrality,llm_impartial,False,False,-0.3212795423855953,0.5099799484266239,0.3212795423855953,0.5099799484266239,0.47940746609564605,0.6327882506370379,0.5023758133755982
neutrality,llm_opinionated,True,True,-0.3904711138590099,-0.32127954238559525,0.32127954238559525,0.3904711138590099,0.3668344993465589,0.6327882506370379,0.6577751136420398
