composite,variant,dropped,flagged_drop,k_items,contrast,n,mean,ci95_lo,ci95_hi,dz,p_raw,p_holm,holm_sig,p_wilcoxon
credibility,full,,False,3,any_ad_vs_no_ads,54,-0.14043209876543183,-0.4241504844652805,0.1432862869344168,-0.1320195043022552,0.3363827713406813,0.6727655426813626,False,0.03971976035190588
credibility,full,,False,3,inline_vs_block,54,-0.06481481481481476,-0.24145499202949672,0.11182536239986719,-0.09786873710113492,0.4751859037937857,0.6727655426813626,False,0.24829216247536268
credibility,full,,False,3,early_vs_late,54,-0.33024691358024694,-0.5538518548613117,-0.10664197229918213,-0.3939277381651479,0.005499030251377602,0.016497090754132807,True,0.007042016802868117
credibility,without llm_reliable,llm_reliable,True,2,any_ad_vs_no_ads,54,-0.15046296296296297,-0.46658280117210954,0.1656568752461836,-0.1269512701272376,0.35510351740014645,0.4256927109083097,False,0.04125016340572899
credibility,without llm_reliable,llm_reliable,True,2,inline_vs_block,54,-0.14351851851851852,-0.36659983167107363,0.0795627946340366,-0.17159472847799118,0.21284635545415484,0.4256927109083097,False,0.13382693279357774
credibility,without llm_reliable,llm_reliable,True,2,early_vs_late,54,-0.2638888888888889,-0.5253431105790336,-0.0024346671987441337,-0.2692059393127555,0.053108665998627375,0.15932599799588212,False,0.07766596843724861
credibility,without llm_false,llm_false,False,2,any_ad_vs_no_ads,54,-0.13657407407407407,-0.4457094610942082,0.17256131294606009,-0.11783620146473972,0.39043939933627747,0.7808787986725549,False,0.09136941514439303
credibility,without llm_false,llm_false,False,2,inline_vs_block,54,0.013888888888888888,-0.1827336084903735,0.2105113862681513,0.018840546110741797,0.8904101414252822,0.8904101414252822,False,0.8869768833950914
credibility,without llm_false,llm_false,False,2,early_vs_late,54,-0.36574074074074076,-0.6005875579181723,-0.13089392356330923,-0.4153821720213297,0.0035442647621929725,0.010632794286578918,True,0.0039928011416414015
credibility,without llm_made_up,llm_made_up,False,2,any_ad_vs_no_ads,54,-0.13425925925925927,-0.40526030542190616,0.1367417869033876,-0.13213944268409042,0.33594780205746466,0.6718956041149293,False,0.048025025083882275
credibility,without llm_made_up,llm_made_up,False,2,inline_vs_block,54,-0.06481481481481481,-0.25526843301858204,0.1256388033889524,-0.09077039978744626,0.5076508591202495,0.6718956041149293,False,0.49375559973048844
credibility,without llm_made_up,llm_made_up,False,2,early_vs_late,54,-0.3611111111111111,-0.5815689389492555,-0.1406532832729666,-0.43689242917732396,0.0022525959677597244,0.006757787903279173,True,0.002534507084930016
helpfulness,full,,False,3,any_ad_vs_no_ads,54,0.006172839506172801,-0.33674947859745014,0.34909515760979576,0.004801184839462711,0.9719879341418369,1.0,False,0.5833724593623693
helpfulness,full,,False,3,inline_vs_block,54,-0.012345679012345635,-0.29400594238183947,0.2693145843571482,-0.011690917384627072,0.9318614187587771,1.0,False,0.9499568745387756
helpfulness,full,,False,3,early_vs_late,54,-0.32716049382716056,-0.6133006760264813,-0.04102031162783981,-0.3049588190421284,0.029240572555096215,0.08772171766528865,False,0.021218870594803225
helpfulness,without llm_helpful,llm_helpful,False,2,any_ad_vs_no_ads,54,0.016203703703703703,-0.35330515302747784,0.3857125604348853,0.011696303586775954,0.9318301048270162,1.0,False,0.5603291529975252
helpfulness,without llm_helpful,llm_helpful,False,2,inline_vs_block,54,-0.023148148148148147,-0.34340046317558187,0.2971041668792856,-0.01927894066883828,0.887877264013741,1.0,False,0.927974467475939
helpfulness,without llm_helpful,llm_helpful,False,2,early_vs_late,54,-0.3101851851851852,-0.6122845690143599,-0.008085801356010391,-0.27386113486781294,0.04926513843377568,0.14779541530132706,False,0.03954789927552119
helpfulness,without llm_addressed,llm_addressed,False,2,any_ad_vs_no_ads,54,0.018518518518518517,-0.356978803355941,0.394015840392978,0.013154022723040788,0.9233594703113148,1.0,False,0.7601146074424046
helpfulness,without llm_addressed,llm_addressed,False,2,inline_vs_block,54,0.05555555555555555,-0.2242650252083588,0.33537613631946994,0.05295500735749928,0.6987330121006297,1.0,False,0.5735061266860175
helpfulness,without llm_addressed,llm_addressed,False,2,early_vs_late,54,-0.28703703703703703,-0.5762172060902896,0.002143132016215521,-0.26474552168808796,0.057030299451367374,0.17109089835410213,False,0.045214302567595344
helpfulness,without llm_not_aid,llm_not_aid,False,2,any_ad_vs_no_ads,54,-0.016203703703703703,-0.33984174544960066,0.3074343380421932,-0.013354078349428753,0.9221976454638211,1.0,False,0.5576139005173688
helpfulness,without llm_not_aid,llm_not_aid,False,2,inline_vs_block,54,-0.06944444444444445,-0.3464779231694859,0.20758903428059702,-0.06685970311840776,0.6252311446574708,1.0,False,0.6865394672048855
helpfulness,without llm_not_aid,llm_not_aid,False,2,early_vs_late,54,-0.38425925925925924,-0.6806897855018761,-0.0878287330166424,-0.3457487412478928,0.014026701858095163,0.04208010557428549,True,0.015429813683300533
convincingness,full,,False,3,any_ad_vs_no_ads,54,0.08333333333333336,-0.2585858037844282,0.42525247045109493,0.06500616361243328,0.6348310332857389,0.6348310332857389,False,0.9057465565781648
convincingness,full,,False,3,inline_vs_block,54,-0.17901234567901245,-0.46291410876175676,0.1048894174037319,-0.16817989818213133,0.22195850133794026,0.4439170026758805,False,0.18616570793775444
convincingness,full,,False,3,early_vs_late,54,-0.4876543209876544,-0.7783051483542912,-0.19700349362101754,-0.44750686769777437,0.0017929801769735526,0.005378940530920658,True,0.006726022726068021
convincingness,without llm_skeptical,llm_skeptical,True,2,any_ad_vs_no_ads,54,0.08564814814814815,-0.2708481081367401,0.4421444044330364,0.06407995457178317,0.6396519817650971,0.6396519817650971,False,0.5951516918940079
convincingness,without llm_skeptical,llm_skeptical,True,2,inline_vs_block,54,-0.20833333333333334,-0.49557566766155947,0.07890900099489281,-0.19345034412912326,0.16101081972813988,0.32202163945627976,False,0.16208168953342594
convincingness,without llm_skeptical,llm_skeptical,True,2,early_vs_late,54,-0.47685185185185186,-0.7818072807660559,-0.17189642293764779,-0.41706744913698823,0.003422175476256052,0.010266526428768156,True,0.008378384044772666
convincingness,without llm_convincing,llm_convincing,False,2,any_ad_vs_no_ads,54,0.09722222222222222,-0.30717142077334314,0.5016158652177876,0.06412397189504479,0.6394225133867377,0.6394225133867377,False,0.9614750049022056
convincingness,without llm_convincing,llm_convincing,False,2,inline_vs_block,54,-0.3333333333333333,-0.6340591034612153,-0.032607563205451384,-0.29564278924612764,0.03430893857626966,0.06861787715253932,False,0.044722990388016484
convincingness,without llm_convincing,llm_convincing,False,2,early_vs_late,54,-0.46296296296296297,-0.7690548709375877,-0.15687105498833825,-0.4034164392861926,0.004535473556318432,0.013606420668955297,True,0.009518122358908743
convincingness,without llm_changed_mind,llm_changed_mind,False,2,any_ad_vs_no_ads,54,0.06712962962962964,-0.28610949550531617,0.42036875476457547,0.050687940064761176,0.7110217881113515,1.0,False,0.9077017025207815
convincingness,without llm_changed_mind,llm_changed_mind,False,2,inline_vs_block,54,0.004629629629629629,-0.3247201807398203,0.3339794399990796,0.0037492812724234715,0.9781233635992368,1.0,False,0.9017164564216136
convincingness,without llm_changed_mind,llm_changed_mind,False,2,early_vs_late,54,-0.5231481481481481,-0.8534588369707348,-0.1928374593255615,-0.42243632531556713,0.0030589710408007965,0.009176913122402389,True,0.005884234300960871
relevance,full,,False,3,any_ad_vs_no_ads,54,-0.015432098765432077,-0.3272386596434348,0.2963744621125707,-0.013200760033371412,0.9230880278113133,1.0,False,0.3015686526722611
relevance,full,,False,3,inline_vs_block,54,0.03086419753086421,-0.2168805553770966,0.278608950438825,0.03322842190333286,0.8080357389025976,1.0,False,0.668619452532472
relevance,full,,False,3,early_vs_late,54,-0.5000000000000001,-0.7810172529981856,-0.21898274700181464,-0.4745655535215711,0.0009892743446487983,0.002967823033946395,True,0.0009011026509236708
relevance,without llm_not_useful,llm_not_useful,False,2,any_ad_vs_no_ads,54,-0.12962962962962962,-0.42379529630273516,0.16453603704347589,-0.11753615750496518,0.3916387906667266,0.7832775813334532,False,0.1263441379758393
relevance,without llm_not_useful,llm_not_useful,False,2,inline_vs_block,54,0.018518518518518517,-0.24435496159617429,0.2813919986332113,0.018789648549646633,0.8907042832857301,0.8907042832857301,False,0.7351145737172122
relevance,without llm_not_useful,llm_not_useful,False,2,early_vs_late,54,-0.48148148148148145,-0.7675830521794693,-0.1953799107834936,-0.44886788842337805,0.0017409079748405454,0.005222723924521637,True,0.00286579219951852
relevance,without llm_suggestions,llm_suggestions,False,2,any_ad_vs_no_ads,54,-0.018518518518518517,-0.33925072875718,0.302213691720143,-0.015400075660321725,0.9103257458528821,1.0,False,0.46124007958509183
relevance,without llm_suggestions,llm_suggestions,False,2,inline_vs_block,54,0.0,-0.2632396404720669,0.2632396404720669,0.0,1.0,1.0,False,0.9946208875136546
relevance,without llm_suggestions,llm_suggestions,False,2,early_vs_late,54,-0.5185185185185185,-0.8290847487963442,-0.20795228824069278,-0.44531695670470145,0.0018798664126132866,0.00563959923783986,True,0.003447507323896403
relevance,without llm_relevant,llm_relevant,False,2,any_ad_vs_no_ads,54,0.10185185185185185,-0.2547767500240468,0.45848045372775054,0.07617491006380418,0.5779952581733392,1.0,False,0.7461957691207397
relevance,without llm_relevant,llm_relevant,False,2,inline_vs_block,54,0.07407407407407407,-0.19316021969573488,0.341308367843883,0.07393213250739789,0.5892093674518313,1.0,False,0.46940897976283713
relevance,without llm_relevant,llm_relevant,False,2,early_vs_late,54,-0.5,-0.7890619542886796,-0.2109380457113203,-0.4613582183320136,0.0013254331023299665,0.0039762993069899,True,0.0015560635920865303
neutrality,full,,False,3,any_ad_vs_no_ads,54,-0.3672839506172838,-0.7385711348468171,0.004003233612249579,-0.2638464065853514,0.057850132552781604,0.11570026510556321,False,0.021972775657895436
neutrality,full,,False,3,inline_vs_block,54,-0.11728395061728396,-0.43216777126541267,0.19759987003084473,-0.09934532424266698,0.46858274797886845,0.46858274797886845,False,0.5446966200956013
neutrality,full,,False,3,early_vs_late,54,-0.2839506172839506,-0.51285190403378,-0.05504933053412117,-0.3308672444608396,0.018455970635454334,0.055367911906363004,False,0.019318723943735603
neutrality,without llm_neutral,llm_neutral,False,2,any_ad_vs_no_ads,54,-0.4212962962962963,-0.8157995267920021,-0.026793065800590488,-0.2848369119395933,0.04114114316678541,0.08228228633357082,False,0.025603561420809755
neutrality,without llm_neutral,llm_neutral,False,2,inline_vs_block,54,-0.14814814814814814,-0.5309837527321186,0.23468745643582234,-0.10321506662882446,0.45152782193579244,0.45152782193579244,False,0.347543153770113
neutrality,without llm_neutral,llm_neutral,False,2,early_vs_late,54,-0.4074074074074074,-0.6770377425674798,-0.13777707224733493,-0.40301328347122334,0.00457299017914802,0.01371897053744406,True,0.002838773774522479
neutrality,without llm_impartial,llm_impartial,False,2,any_ad_vs_no_ads,54,-0.1388888888888889,-0.5289207522207999,0.25114297444302214,-0.09497878446743081,0.488260208462542,0.7061458941700025,False,0.2586532923569388
neutrality,without llm_impartial,llm_impartial,False,2,inline_vs_block,54,-0.14814814814814814,-0.4580834407527242,0.16178714445642794,-0.12749242625116064,0.35307294708500125,0.7061458941700025,False,0.40705787509511426
neutrality,without llm_impartial,llm_impartial,False,2,early_vs_late,54,-0.1574074074074074,-0.3844748800568125,0.06966006524199769,-0.18489681545904857,0.17999370174361684,0.5399811052308505,False,0.16763584174170776
neutrality,without llm_opinionated,llm_opinionated,True,2,any_ad_vs_no_ads,54,-0.5416666666666666,-0.9359946162162095,-0.14733871711712376,-0.3663816730923691,0.00947550468108218,0.028426514043246538,True,0.002520167075882265
neutrality,without llm_opinionated,llm_opinionated,True,2,inline_vs_block,54,-0.05555555555555555,-0.42116262628229284,0.3100515151711818,-0.040529579703364176,0.7669970302651631,0.7669970302651631,False,0.9144264188954065
neutrality,without llm_opinionated,llm_opinionated,True,2,early_vs_late,54,-0.28703703703703703,-0.5738869839543825,-0.00018709011969153533,-0.26689617878825334,0.05510951533154524,0.11021903066309048,False,0.06492287025621635
