contrast_id,contrast_tier,feature,feature_tier,metric,n_participants,mean_difference,sd_difference,se_difference,ci_lower,ci_upper,cohen_dz,t_statistic,degrees_of_freedom,p_t_raw,p_t_holm,wilcoxon_statistic,p_wilcoxon_raw,p_wilcoxon_holm,correction_family,dataset_status
any_ad_vs_no_ads,primary,fz_theta_power_db_uv2,primary,condition_median,18,-0.31928117796121414,0.6255831650606074,0.14745136607016626,-0.6303763670688537,-0.008185988853574577,-0.5103736733872654,-2.1653321123473415,17,0.044875399720060744,0.13462619916018223,40.0,0.04827880859375,0.14483642578125,primary_condition_contrasts__fz_theta_power_db_uv2,analysis_ready_condition_v1
inline_vs_block,primary,fz_theta_power_db_uv2,primary,condition_median,18,-0.34633982335277774,0.8567680994043902,0.2019421776643848,-0.7724005756106798,0.07972092890512433,-0.4042398679333964,-1.715044511049954,17,0.10450619853896609,0.20901239707793218,50.0,0.12973785400390625,0.2594757080078125,primary_condition_contrasts__fz_theta_power_db_uv2,analysis_ready_condition_v1
early_vs_late,primary,fz_theta_power_db_uv2,primary,condition_median,18,-0.20545571244923483,0.9203919970649075,0.2169384741581417,-0.6631558846594723,0.2522444597610027,-0.22322631346689747,-0.9470690399503028,17,0.35687245180899246,0.35687245180899246,62.0,0.32472991943359375,0.32472991943359375,primary_condition_contrasts__fz_theta_power_db_uv2,analysis_ready_condition_v1
format_x_timing,secondary,fz_theta_power_db_uv2,primary,condition_median,18,-0.6672085019603836,1.7769329746939135,0.41882711870668343,-1.5508564814267876,0.21643947750602033,-0.3754832126266968,-1.5930403552202856,17,0.12957324427310246,,46.0,0.0897674560546875,,secondary_uncorrected,analysis_ready_condition_v1
any_ad_vs_no_ads,primary,posterior_alpha_power_db_uv2,primary,condition_median,18,-0.21578943527530786,0.8423937712647813,0.1985541160302121,-0.634702002318773,0.20312313176815733,-0.25616219235728527,-1.0868041397966952,17,0.2922934830578583,0.8768804491735749,61.0,0.30379486083984375,0.9113845825195312,primary_condition_contrasts__posterior_alpha_power_db_uv2,analysis_ready_condition_v1
inline_vs_block,primary,posterior_alpha_power_db_uv2,primary,condition_median,18,0.1708204360107629,0.8612074950049985,0.20298855324223808,-0.25744797574155837,0.5990888477630842,0.19834991799481663,0.8415274323715828,17,0.41173436530116686,0.8768804491735749,61.0,0.30379486083984375,0.9113845825195312,primary_condition_contrasts__posterior_alpha_power_db_uv2,analysis_ready_condition_v1
early_vs_late,primary,posterior_alpha_power_db_uv2,primary,condition_median,18,0.004474268041025662,0.9613983478913569,0.22660376373850735,-0.4736178826901373,0.4825664187721887,0.004653916923031033,0.019744897292124447,17,0.9844767716179124,0.9844767716179124,78.0,0.7660293579101562,0.9113845825195312,primary_condition_contrasts__posterior_alpha_power_db_uv2,analysis_ready_condition_v1
format_x_timing,secondary,posterior_alpha_power_db_uv2,primary,condition_median,18,-0.4415139579875167,1.4817629012626838,0.34925486519783216,-1.1783773132159778,0.29534939724094433,-0.29796532064021897,-1.2641597926987365,17,0.22323157659327067,,56.0,0.2121429443359375,,secondary_uncorrected,analysis_ready_condition_v1
any_ad_vs_no_ads,primary,theta_power_db_uv2,secondary_global,condition_median,18,-0.04425151305858607,0.8890249521397299,0.20954519076734965,-0.4863532207995942,0.3978501946824221,-0.049775333023083665,-0.21117885309864692,17,0.8352585086273894,0.8352585086273894,84.0,0.9661178588867188,0.9661178588867188,primary_condition_contrasts__theta_power_db_uv2,analysis_ready_condition_v1
inline_vs_block,primary,theta_power_db_uv2,secondary_global,condition_median,18,-0.15560990041078251,0.6994902717081262,0.1648714381662789,-0.50345822899378,0.19223842817221495,-0.22246185072851637,-0.9438256992326605,17,0.3584803229962222,0.7169606459924444,62.0,0.32472991943359375,0.6494598388671875,primary_condition_contrasts__theta_power_db_uv2,analysis_ready_condition_v1
early_vs_late,primary,theta_power_db_uv2,secondary_global,condition_median,18,-0.27419104753794293,0.71528630901321,0.16859459986437905,-0.6298945606703845,0.0815124655944986,-0.3833304847064802,-1.6263335110288697,17,0.12227102589741916,0.36681307769225746,43.0,0.06653594970703125,0.19960784912109375,primary_condition_contrasts__theta_power_db_uv2,analysis_ready_condition_v1
format_x_timing,secondary,theta_power_db_uv2,secondary_global,condition_median,18,-0.34187050529948315,1.346102681354051,0.31727944471961467,-1.0112716202952305,0.32753060969626424,-0.2539705997432484,-1.0775059998027925,17,0.29630742967439094,,59.0,0.2645263671875,,secondary_uncorrected,analysis_ready_condition_v1
any_ad_vs_no_ads,primary,alpha_power_db_uv2,secondary_global,condition_median,18,-0.07589590843678619,0.7493101221522536,0.17661408952852628,-0.4485190657889188,0.29672724891534646,-0.10128771278144401,-0.4297273713518064,17,0.6727913432934184,1.0,79.0,0.7987060546875,1.0,primary_condition_contrasts__alpha_power_db_uv2,analysis_ready_condition_v1
inline_vs_block,primary,alpha_power_db_uv2,secondary_global,condition_median,18,-0.1747778090369332,0.6704493739752034,0.158026432926714,-0.508184438935146,0.15862882086127958,-0.26068755646775704,-1.1060036336958121,17,0.2841315044334267,0.8523945133002802,66.0,0.4171142578125,1.0,primary_condition_contrasts__alpha_power_db_uv2,analysis_ready_condition_v1
early_vs_late,primary,alpha_power_db_uv2,secondary_global,condition_median,18,0.006270627492477211,0.8692100439295596,0.20487477211268285,-0.4259773582159116,0.438518613200866,0.00721416823962216,0.030607123697144686,17,0.9759393268002354,1.0,81.0,0.8650436401367188,1.0,primary_condition_contrasts__alpha_power_db_uv2,analysis_ready_condition_v1
format_x_timing,secondary,alpha_power_db_uv2,secondary_global,condition_median,18,-0.6618795603772979,1.2743828366239036,0.3003749152015035,-1.2956152356597912,-0.028143885094804588,-0.5193726259926333,-2.2035114348123335,17,0.04163597022168562,,42.0,0.0599365234375,,secondary_uncorrected,analysis_ready_condition_v1
any_ad_vs_no_ads,primary,beta_power_db_uv2,secondary,condition_median,18,-0.11861159008402677,0.8022025371298542,0.18908095129652439,-0.5175375266009764,0.28031434643292286,-0.14785741080849618,-0.6273058669882368,17,0.538793704676419,1.0,71.0,0.550872802734375,1.0,primary_condition_contrasts__beta_power_db_uv2,analysis_ready_condition_v1
inline_vs_block,primary,beta_power_db_uv2,secondary,condition_median,18,0.04216155926743199,0.7297632042851279,0.17200683680347925,-0.3207411445143814,0.40506426304924537,0.05777430133481891,0.24511560151299275,17,0.8093013429288041,1.0,82.0,0.8985748291015625,1.0,primary_condition_contrasts__beta_power_db_uv2,analysis_ready_condition_v1
early_vs_late,primary,beta_power_db_uv2,secondary,condition_median,18,-0.32473646826493585,0.8256834576048465,0.1946154573286474,-0.735339191824071,0.08586625529419933,-0.3932941435049888,-1.6686057352399966,17,0.1135070641956988,0.3405211925870964,60.0,0.28372955322265625,0.8511886596679688,primary_condition_contrasts__beta_power_db_uv2,analysis_ready_condition_v1
format_x_timing,secondary,beta_power_db_uv2,secondary,condition_median,18,0.2516115498498803,1.3633122606454022,0.321335781459042,-0.4263476875876484,0.929570787287409,0.18455900171451955,0.7830175298481385,17,0.44438876392644916,,78.0,0.7660293579101562,,secondary_uncorrected,analysis_ready_condition_v1
any_ad_vs_no_ads,primary,faa_log_f4_minus_f3,secondary,condition_median,18,-0.030741692887088896,0.208311088208415,0.04909939435617311,-0.1343323599619241,0.0728489741877463,-0.14757588350905193,-0.6261114478130797,17,0.5395583089336077,0.9057204229758414,71.0,0.550872802734375,0.93658447265625,primary_condition_contrasts__faa_log_f4_minus_f3,analysis_ready_condition_v1
inline_vs_block,primary,faa_log_f4_minus_f3,secondary,condition_median,18,-0.1444500442953912,0.40832425522591287,0.0962429499310632,-0.3475049193165802,0.05860483072579775,-0.3537630754153254,-1.5008896173575077,17,0.1517286714850339,0.45518601445510176,49.0,0.11870574951171875,0.35611724853515625,primary_condition_contrasts__faa_log_f4_minus_f3,analysis_ready_condition_v1
early_vs_late,primary,faa_log_f4_minus_f3,secondary,condition_median,18,0.04978193696764648,0.27490767055031473,0.06479635934877497,-0.08692643137328432,0.1864903053085773,0.18108602378388416,0.7682829323741577,17,0.4528602114879207,0.9057204229758414,68.0,0.468292236328125,0.93658447265625,primary_condition_contrasts__faa_log_f4_minus_f3,analysis_ready_condition_v1
format_x_timing,secondary,faa_log_f4_minus_f3,secondary,condition_median,18,0.03803283298069419,0.5760005643114705,0.13576463499730632,-0.24840550885547683,0.3244711748168652,0.06602915923555945,0.28013799750906265,17,0.78275191342096,,79.0,0.7987060546875,,secondary_uncorrected,analysis_ready_condition_v1
any_ad_vs_no_ads,primary,delta_power_db_uv2,exploratory,condition_median,18,0.4363304372105763,1.7134079858887588,0.40385413525370856,-0.41572730852010087,1.2883881829412536,0.2546564745840426,1.0804159203086172,17,0.29504693406864996,0.8851408022059499,53.0,0.16735076904296875,0.5020523071289062,primary_condition_contrasts__delta_power_db_uv2,analysis_ready_condition_v1
inline_vs_block,primary,delta_power_db_uv2,exploratory,condition_median,18,0.21638731509254625,2.0475917451810703,0.4826220027063774,-0.8018561044224813,1.2346307346075738,0.10567893507180111,0.4483577497070606,17,0.6595569548978979,1.0,82.0,0.8985748291015625,1.0,primary_condition_contrasts__delta_power_db_uv2,analysis_ready_condition_v1
early_vs_late,primary,delta_power_db_uv2,exploratory,condition_median,18,0.14279968612715668,1.926583157547193,0.45410000507380366,-0.815267578471742,1.1008669507260553,0.07412069682419546,0.31446748410396486,17,0.7569925912809767,1.0,83.0,0.932281494140625,1.0,primary_condition_contrasts__delta_power_db_uv2,analysis_ready_condition_v1
format_x_timing,secondary,delta_power_db_uv2,exploratory,condition_median,18,-0.1576718715858478,3.312209235453004,0.7806952036991764,-1.8047947738901238,1.489451030718428,-0.04760323408864699,-0.20196341778295743,17,0.842342410947663,,78.0,0.7660293579101562,,secondary_uncorrected,analysis_ready_condition_v1
any_ad_vs_no_ads,primary,gamma_power_db_uv2,exploratory,condition_median,18,-0.13712670088108872,1.334611056402439,0.31457084274290215,-0.8008131652322178,0.5265597634700404,-0.10274656441909433,-0.43591675466617225,17,0.6683820672660639,1.0,78.0,0.7660293579101562,1.0,primary_condition_contrasts__gamma_power_db_uv2,analysis_ready_condition_v1
inline_vs_block,primary,gamma_power_db_uv2,exploratory,condition_median,18,-0.13547829661980015,1.0914977780821025,0.2572684935106347,-0.6782673719142465,0.40731077867464616,-0.12412145891662042,-0.5266027517442585,17,0.6052731121258154,1.0,72.0,0.5798416137695312,1.0,primary_condition_contrasts__gamma_power_db_uv2,analysis_ready_condition_v1
early_vs_late,primary,gamma_power_db_uv2,exploratory,condition_median,18,-0.8174892170168063,1.5246202254209522,0.35935643337643935,-1.5756650181490381,-0.059313415884574505,-0.5361920322099197,-2.27487013196298,17,0.03615287551275132,0.10845862653825397,40.0,0.04827880859375,0.14483642578125,primary_condition_contrasts__gamma_power_db_uv2,analysis_ready_condition_v1
format_x_timing,secondary,gamma_power_db_uv2,exploratory,condition_median,18,0.29024831170339027,2.241013295543972,0.5282118993361185,-0.8241813819128756,1.4046780053196561,0.12951655051780356,0.5494921868821736,17,0.5898139819044742,,81.0,0.8650436401367188,,secondary_uncorrected,analysis_ready_condition_v1
any_ad_vs_no_ads,primary,delta_relative_power,exploratory,condition_median,18,0.027375021231975057,0.08932871587640961,0.02105498025029855,-0.017047104091077625,0.07179714655502774,0.30645264474471634,1.3001684592692455,17,0.21089537704105377,0.6326861311231613,59.0,0.2645263671875,0.7935791015625,primary_condition_contrasts__delta_relative_power,analysis_ready_condition_v1
inline_vs_block,primary,delta_relative_power,exploratory,condition_median,18,0.012034202243753242,0.10355088706883853,0.024407178148086035,-0.03946044242403157,0.06352884691153805,0.11621534671888566,0.4930599584572191,17,0.6282785713512596,0.9935319207244245,84.0,0.9661178588867188,1.0,primary_condition_contrasts__delta_relative_power,analysis_ready_condition_v1
early_vs_late,primary,delta_relative_power,exploratory,condition_median,18,0.012175182492642704,0.07437970356600317,0.01753146425805536,-0.02481297390123048,0.04916333888651589,0.16368958074481532,0.694476075325451,17,0.49676596036221227,0.9935319207244245,71.0,0.550872802734375,1.0,primary_condition_contrasts__delta_relative_power,analysis_ready_condition_v1
format_x_timing,secondary,delta_relative_power,exploratory,condition_median,18,-0.006636089731401531,0.14864996133892508,0.03503713189529069,-0.08055797640668635,0.06728579694388329,-0.04464239123662538,-0.18940162543080427,17,0.8520209907736453,,77.0,0.7337265014648438,,secondary_uncorrected,analysis_ready_condition_v1
any_ad_vs_no_ads,primary,theta_relative_power,exploratory,condition_median,18,-0.00010827461504226945,0.023032019264567542,0.005428699002131636,-0.011561828337107772,0.011345279107023234,-0.004701047433076748,-0.019944855111649087,17,0.9843195888647671,1.0,76.0,0.7018814086914062,1.0,primary_condition_contrasts__theta_relative_power,analysis_ready_condition_v1
inline_vs_block,primary,theta_relative_power,exploratory,condition_median,18,-0.0012186559371587654,0.014549668521070341,0.0034293897584217617,-0.00845403587193903,0.006016723997621498,-0.08375832998490301,-0.35535649867911273,17,0.7266933704141577,1.0,77.0,0.7337265014648438,1.0,primary_condition_contrasts__theta_relative_power,analysis_ready_condition_v1
early_vs_late,primary,theta_relative_power,exploratory,condition_median,18,-0.0014845435496511415,0.017018202494580227,0.004011228795841166,-0.009947496549370407,0.006978409450068123,-0.08723268806584732,-0.3700969516349487,17,0.7158807730742237,1.0,77.0,0.7337265014648438,1.0,primary_condition_contrasts__theta_relative_power,analysis_ready_condition_v1
format_x_timing,secondary,theta_relative_power,exploratory,condition_median,18,-0.009026542520447734,0.03240089281441322,0.007636963675190023,-0.025139127449710814,0.007086042408815345,-0.27858931456457786,-1.1819543609683512,17,0.25349365165464083,,56.0,0.2121429443359375,,secondary_uncorrected,analysis_ready_condition_v1
any_ad_vs_no_ads,primary,alpha_relative_power,exploratory,condition_median,18,-0.006229269417559113,0.01989255692466469,0.004688720632189939,-0.016121605247461916,0.0036630664123436917,-0.3131457379335419,-1.3285648487548374,17,0.20155118834898375,0.4031023766979675,58.0,0.24620819091796875,0.4924163818359375,primary_condition_contrasts__alpha_relative_power,analysis_ready_condition_v1
inline_vs_block,primary,alpha_relative_power,exploratory,condition_median,18,-0.0008752063312575429,0.02315600343586273,0.005457922351559177,-0.012390415931181736,0.010640003268666652,-0.03779608746741124,-0.16035521850315823,17,0.8744912812054569,0.8744912812054569,83.0,0.932281494140625,0.932281494140625,primary_condition_contrasts__alpha_relative_power,analysis_ready_condition_v1
early_vs_late,primary,alpha_relative_power,exploratory,condition_median,18,0.008838296453270854,0.020337410065219812,0.004793573522962826,-0.0012752596389654421,0.01895185254550715,0.4345831856134788,1.8437803052216573,17,0.08271750223675123,0.24815250671025368,47.0,0.0987396240234375,0.2962188720703125,primary_condition_contrasts__alpha_relative_power,analysis_ready_condition_v1
format_x_timing,secondary,alpha_relative_power,exploratory,condition_median,18,-0.009848951188561779,0.048522166207569696,0.011436784254411093,-0.03397845676883708,0.014280554391713527,-0.20297839025631328,-0.8611643771074114,17,0.4011310881686542,,63.0,0.34654998779296875,,secondary_uncorrected,analysis_ready_condition_v1
any_ad_vs_no_ads,primary,beta_relative_power,exploratory,condition_median,18,-0.010126885276538782,0.043298996002370894,0.010205671230615224,-0.031658969421136086,0.011405198868058524,-0.23388268115926453,-0.9922801790988428,17,0.3349754803530712,1.0,60.0,0.28372955322265625,0.8511886596679688,primary_condition_contrasts__beta_relative_power,analysis_ready_condition_v1
inline_vs_block,primary,beta_relative_power,exploratory,condition_median,18,4.467070161399889e-05,0.049724976619760185,0.011720289387391654,-0.0246829784246194,0.0247723198278474,0.0008983554070942936,0.003811399201631859,17,0.9970033199863411,1.0,75.0,0.6705245971679688,0.8511886596679688,primary_condition_contrasts__beta_relative_power,analysis_ready_condition_v1
early_vs_late,primary,beta_relative_power,exploratory,condition_median,18,-0.006708013654795287,0.03394729474611514,0.008001454105972158,-0.02358960617289369,0.010173578863303119,-0.197600831081332,-0.8383493257542444,17,0.4134673422230228,1.0,65.0,0.39273834228515625,0.8511886596679688,primary_condition_contrasts__beta_relative_power,analysis_ready_condition_v1
format_x_timing,secondary,beta_relative_power,exploratory,condition_median,18,0.012470858932962965,0.06706366628454782,0.015807057733678468,-0.02087911771326245,0.04582083557918838,0.18595551993906398,0.7889424548878945,17,0.44101027273902854,,66.0,0.4171142578125,,secondary_uncorrected,analysis_ready_condition_v1
any_ad_vs_no_ads,primary,gamma_relative_power,exploratory,condition_median,18,-0.00586046125106831,0.02125619104369857,0.005010132276398673,-0.01643091637481972,0.004709993872683101,-0.2757060867123535,-1.1697218611722688,17,0.25825195872328616,0.5165039174465723,75.0,0.6705245971679688,1.0,primary_condition_contrasts__gamma_relative_power,analysis_ready_condition_v1
inline_vs_block,primary,gamma_relative_power,exploratory,condition_median,18,-0.0033048685202781147,0.026318299431927674,0.006203282665871374,-0.01639265092243692,0.009782913881880689,-0.1255730268145236,-0.5327612327680188,17,0.6010943324740644,0.6010943324740644,84.0,0.9661178588867188,1.0,primary_condition_contrasts__gamma_relative_power,analysis_ready_condition_v1
early_vs_late,primary,gamma_relative_power,exploratory,condition_median,18,-0.012100306793013866,0.018400477840489815,0.00433703421936105,-0.021250649150617966,-0.0029499644354097684,-0.6576082913666202,-2.789995693139017,17,0.012567116107311009,0.037701348321933024,24.0,0.0055999755859375,0.0167999267578125,primary_condition_contrasts__gamma_relative_power,analysis_ready_condition_v1
format_x_timing,secondary,gamma_relative_power,exploratory,condition_median,18,0.012563737805417948,0.03572898376573139,0.008421402235217578,-0.005203867817644403,0.030331343428480297,0.35163994273657906,1.491881928270506,17,0.1540542739712705,,51.0,0.14151763916015625,,secondary_uncorrected,analysis_ready_condition_v1
any_ad_vs_no_ads,primary,engagement_beta_over_alpha_theta,exploratory,condition_median,18,-0.005590401935663649,0.20451706490707605,0.04820513448805426,-0.10729434561011054,0.09611354173878324,-0.02733464778698879,-0.11597108886915376,17,0.9090343878854175,1.0,79.0,0.7987060546875,0.9741897583007812,primary_condition_contrasts__engagement_beta_over_alpha_theta,analysis_ready_condition_v1
inline_vs_block,primary,engagement_beta_over_alpha_theta,exploratory,condition_median,18,-0.004459542813511384,0.24380404802897243,0.057465165214005715,-0.1257004435647858,0.11678135793776304,-0.018291504384625453,-0.07760428073083274,17,0.9390489194335638,1.0,66.0,0.4171142578125,0.9741897583007812,primary_condition_contrasts__engagement_beta_over_alpha_theta,analysis_ready_condition_v1
early_vs_late,primary,engagement_beta_over_alpha_theta,exploratory,condition_median,18,-0.03421931501203553,0.15900526107716031,0.037477899450665826,-0.11329077109752095,0.04485214107344989,-0.2152086967451345,-0.9130531730328233,17,0.3739823742393015,1.0,62.0,0.32472991943359375,0.9741897583007812,primary_condition_contrasts__engagement_beta_over_alpha_theta,analysis_ready_condition_v1
format_x_timing,secondary,engagement_beta_over_alpha_theta,exploratory,condition_median,18,0.14317585882042058,0.24986546347683922,0.058893854536264216,0.018920687081161056,0.2674310305596801,0.5730117993425369,2.4310831740900785,17,0.026409379705380476,,43.0,0.06653594970703125,,secondary_uncorrected,analysis_ready_condition_v1
any_ad_vs_no_ads,primary,engagement_pope_frontocentral_beta_over_alpha_theta,exploratory,condition_median,18,-0.0032666650061932393,0.28537720055719445,0.0672640512366752,-0.14518140813350888,0.1386480781211224,-0.011446832472303771,-0.048564797185634216,17,0.9618321317830073,1.0,74.0,0.6396942138671875,0.6396942138671875,primary_condition_contrasts__engagement_pope_frontocentral_beta_over_alpha_theta,analysis_ready_condition_v1
inline_vs_block,primary,engagement_pope_frontocentral_beta_over_alpha_theta,exploratory,condition_median,18,0.020164879796934834,0.25591590161202793,0.06031995648111142,-0.10709910404114172,0.1474288636350114,0.07879494658172931,0.3342986463070354,17,0.7422430008787316,1.0,54.0,0.18146514892578125,0.5020523071289062,primary_condition_contrasts__engagement_pope_frontocentral_beta_over_alpha_theta,analysis_ready_condition_v1
early_vs_late,primary,engagement_pope_frontocentral_beta_over_alpha_theta,exploratory,condition_median,18,-0.044778949842417655,0.15581783359483473,0.036726615588234895,-0.12226533553157151,0.03270743584673621,-0.2873801336428159,-1.2192506476627887,17,0.2393968058467767,0.7181904175403301,53.0,0.16735076904296875,0.5020523071289062,primary_condition_contrasts__engagement_pope_frontocentral_beta_over_alpha_theta,analysis_ready_condition_v1
format_x_timing,secondary,engagement_pope_frontocentral_beta_over_alpha_theta,exploratory,condition_median,18,0.1174638258010017,0.2769515825187217,0.06527811401977794,-0.020260956049505147,0.2551886076515085,0.42413126775710425,1.799436573265774,17,0.08972435362427858,,50.0,0.12973785400390625,,secondary_uncorrected,analysis_ready_condition_v1
any_ad_vs_no_ads,primary,engagement_kislov_central_beta16_24_over_alpha8_12,exploratory,condition_median,18,0.14247024124061258,0.8442509041334424,0.19899184644521034,-0.2773658562513073,0.5623063387325324,0.16875343638138848,0.7159601952828747,17,0.4837353556683168,0.9674707113366336,80.0,0.83172607421875,0.83172607421875,primary_condition_contrasts__engagement_kislov_central_beta16_24_over_alpha8_12,analysis_ready_condition_v1
inline_vs_block,primary,engagement_kislov_central_beta16_24_over_alpha8_12,exploratory,condition_median,18,-0.06453071294242292,0.8005448408305585,0.18869022853173112,-0.4626322964835976,0.3335708705987518,-0.08060849268040107,-0.3419928707732267,17,0.7365476664540139,0.9674707113366336,65.0,0.39273834228515625,0.7854766845703125,primary_condition_contrasts__engagement_kislov_central_beta16_24_over_alpha8_12,analysis_ready_condition_v1
early_vs_late,primary,engagement_kislov_central_beta16_24_over_alpha8_12,exploratory,condition_median,18,-0.12398346633824096,0.16739669375291652,0.039455779100298356,-0.2072278837196006,-0.040739048956881324,-0.7406566017441478,-3.142339833743226,17,0.00593988543381402,0.017819656301442062,31.0,0.01593017578125,0.04779052734375,primary_condition_contrasts__engagement_kislov_central_beta16_24_over_alpha8_12,analysis_ready_condition_v1
format_x_timing,secondary,engagement_kislov_central_beta16_24_over_alpha8_12,exploratory,condition_median,18,0.0891021991128726,0.5492823573806749,0.12946709323000263,-0.18404949100058515,0.36225388922633034,0.16221565815033298,0.688222751356436,17,0.5005967682268145,,75.0,0.6705245971679688,,secondary_uncorrected,analysis_ready_condition_v1
