composite,n_items,contrast,n_people,alpha
credibility,3,any_ad_vs_no_ads,54,0.7726628424382137
credibility,3,inline_vs_block,54,0.3356569076545179
credibility,3,early_vs_late,54,0.7051220084791405
credibility,3,level,54,0.8771394117338648
helpfulness,3,any_ad_vs_no_ads,54,0.8328200596552208
helpfulness,3,inline_vs_block,54,0.8351987884695723
helpfulness,3,early_vs_late,54,0.8605076741440377
helpfulness,3,level,54,0.9327078368588875
convincingness,3,any_ad_vs_no_ads,54,0.6311903116639204
convincingness,3,inline_vs_block,54,0.6723349210156597
convincingness,3,early_vs_late,54,0.6656994801713143
convincingness,3,level,54,0.7685045573712593
relevance,3,any_ad_vs_no_ads,54,0.829145568047043
relevance,3,inline_vs_block,54,0.7210772622958195
relevance,3,early_vs_late,54,0.7893715244990032
relevance,3,level,54,0.9336810752831528
neutrality,3,any_ad_vs_no_ads,54,0.7596993769158337
neutrality,3,inline_vs_block,54,0.4699303621169913
neutrality,3,early_vs_late,54,0.37201518106583725
neutrality,3,level,54,0.7372752471170331
manipulation,2,any_ad_vs_no_ads,54,0.8395669624276225
manipulation,2,inline_vs_block,54,0.7961937039692366
manipulation,2,early_vs_late,54,0.7296236228398862
manipulation,2,level,54,0.9258881721867585
notice,2,any_ad_vs_no_ads,54,0.5241907359501146
notice,2,inline_vs_block,54,0.7004625828543964
notice,2,early_vs_late,54,0.47079133679768437
notice,2,level,54,0.46511674000079184
