condition,feature,feature_tier,metric,n_participants,mean,sd,median,q25,q75,ci_lower,ci_upper,dataset_status
no_ads,fz_theta_power_db_uv2,primary,condition_median,18,8.120396637783792,2.0297466491367095,8.158842741107918,6.805704851722309,9.427951565681852,7.1110273757567235,9.12976589981086,analysis_ready_condition_v1
inline_early,fz_theta_power_db_uv2,primary,condition_median,18,7.984986622729178,2.0497563635965825,7.754225927355128,6.713360290616724,9.53454947705459,6.965666763800608,9.004306481657748,analysis_ready_condition_v1
inline_late,fz_theta_power_db_uv2,primary,condition_median,18,7.992382677574382,1.9880213211239215,7.877844585023439,6.940938435340487,9.049738858207279,7.003762933011485,8.981002422137278,analysis_ready_condition_v1
block_early,fz_theta_power_db_uv2,primary,condition_median,18,8.014739260532647,2.0886952589766885,8.16426421853144,6.888272125959832,9.47612913826368,6.9760555444888634,9.05342297657643,analysis_ready_condition_v1
block_late,fz_theta_power_db_uv2,primary,condition_median,18,8.185227840674424,2.0008136964699146,8.105895907864475,6.943968680727755,9.658500641244089,7.190246597513636,9.180209083835212,analysis_ready_condition_v1
no_ads,fz_theta_power_db_uv2,primary,condition_mean,18,8.343388352896573,1.8763880405462265,8.234311453678103,7.062762097484047,9.524003862802322,7.410282532735175,9.276494173057973,analysis_ready_condition_v1
inline_early,fz_theta_power_db_uv2,primary,condition_mean,18,8.18559931092999,1.9264972449066577,7.865743590785144,7.021314225218565,9.751783633580747,7.227574769682112,9.143623852177866,analysis_ready_condition_v1
inline_late,fz_theta_power_db_uv2,primary,condition_mean,18,8.184524156200373,1.8929816924071179,8.059409036742597,6.928612467554179,9.272371674832295,7.243166507102449,9.125881805298297,analysis_ready_condition_v1
block_early,fz_theta_power_db_uv2,primary,condition_mean,18,8.215740465403016,2.030536946873313,8.184006292874674,6.9806129915306006,9.480846139808563,7.205978197557456,9.225502733248577,analysis_ready_condition_v1
block_late,fz_theta_power_db_uv2,primary,condition_mean,18,8.376485398032436,1.9467280893534669,8.023002620869711,7.232845213567015,9.858745078446855,7.408400294527617,9.344570501537255,analysis_ready_condition_v1
no_ads,fz_theta_power_db_uv2,primary,baseline_delta,18,0.5111356098496072,1.4172748990808193,0.35564358286774667,-0.29693228009095796,1.2670977813268127,-0.1936586163574593,1.2159298360566737,analysis_ready_condition_v1
inline_early,fz_theta_power_db_uv2,primary,baseline_delta,18,0.37572559479499235,1.2945512177222631,0.1903923218279444,-0.3820327342668808,1.0750454568899668,-0.2680395804520359,1.0194907700420206,analysis_ready_condition_v1
inline_late,fz_theta_power_db_uv2,primary,baseline_delta,18,0.38312164964019896,1.5798814189955002,0.26514953629483484,-0.7693096214100428,1.0003990193070569,-0.40253489654009106,1.168778195820489,analysis_ready_condition_v1
block_early,fz_theta_power_db_uv2,primary,baseline_delta,18,0.40547823259846383,1.4128075699383076,0.5195558738512465,-0.2966644522385926,1.1178238550556459,-0.2970944430905973,1.108050908287525,analysis_ready_condition_v1
block_late,fz_theta_power_db_uv2,primary,baseline_delta,18,0.5759668127402396,1.3390699325985627,0.5488994924564197,-0.25548472389091526,1.1669220256284791,-0.08993699857754955,1.2418706240580288,analysis_ready_condition_v1
no_ads,posterior_alpha_power_db_uv2,primary,condition_median,18,6.0454601590208545,1.980008420918421,6.076013539906017,4.680767939646372,7.555711256112371,5.060825135984935,7.030095182056774,analysis_ready_condition_v1
inline_early,posterior_alpha_power_db_uv2,primary,condition_median,18,6.129257946394927,2.0458205668117193,6.174925713022963,4.736513328692566,7.705629286563467,5.111895313161453,7.146620579628401,analysis_ready_condition_v1
inline_late,posterior_alpha_power_db_uv2,primary,condition_median,18,6.081098676632887,1.898877392672531,5.833260428265494,4.863969636413346,7.767598044894937,5.136809164768463,7.0253881884973115,analysis_ready_condition_v1
block_early,posterior_alpha_power_db_uv2,primary,condition_median,18,6.042534709569502,1.979389304029324,6.357337224459017,4.967260915797091,7.402092851704049,5.058207566119303,7.0268618530197005,analysis_ready_condition_v1
block_late,posterior_alpha_power_db_uv2,primary,condition_median,18,6.201637675192493,1.8801730669213812,6.19764602258006,5.768729985040224,7.280578394565323,5.2666496056968395,7.136625744688146,analysis_ready_condition_v1
no_ads,posterior_alpha_power_db_uv2,primary,condition_mean,18,6.221357040171121,1.9646440340102977,6.291043300976208,5.06577436710123,7.787521447227524,5.244362546992238,7.198351533350004,analysis_ready_condition_v1
inline_early,posterior_alpha_power_db_uv2,primary,condition_mean,18,6.248301977004708,2.034591587118106,6.308723100166955,4.918301491123908,7.770008128882847,5.236523384001812,7.260080570007604,analysis_ready_condition_v1
inline_late,posterior_alpha_power_db_uv2,primary,condition_mean,18,6.189902055742833,1.898609147595605,5.9928543411301956,4.950329246158932,7.793049841394081,5.245745939016887,7.134058172468778,analysis_ready_condition_v1
block_early,posterior_alpha_power_db_uv2,primary,condition_mean,18,6.19311731680664,1.9733558503273254,6.417904514054801,5.2873657856912395,7.489693524946551,5.211790539295339,7.17444409431794,analysis_ready_condition_v1
block_late,posterior_alpha_power_db_uv2,primary,condition_mean,18,6.329179245872823,1.9201780855420019,6.2756941579989345,5.855800041421762,7.597427756573041,5.37429714864733,7.284061343098316,analysis_ready_condition_v1
no_ads,posterior_alpha_power_db_uv2,primary,baseline_delta,18,-1.4113633796540912,3.2056472471399693,-0.9928541545101159,-1.4563833218381435,0.06796748020151433,-3.0054942518695813,0.1827674925613989,analysis_ready_condition_v1
inline_early,posterior_alpha_power_db_uv2,primary,baseline_delta,18,-1.3275655922800178,3.273708631984559,-0.9656239949386662,-1.3794902607040782,0.19180964628030117,-2.9555425949090464,0.30041141034901075,analysis_ready_condition_v1
inline_late,posterior_alpha_power_db_uv2,primary,baseline_delta,18,-1.375724862042058,3.2242573513936064,-0.9891723755618269,-1.5705588674602042,0.08502528516435748,-2.979110321377931,0.22766059729381505,analysis_ready_condition_v1
block_early,posterior_alpha_power_db_uv2,primary,baseline_delta,18,-1.4142888291054443,3.114224701024162,-1.024969205055081,-1.4040191379811573,0.07776573195374725,-2.9629563387161504,0.13437868050526158,analysis_ready_condition_v1
block_late,posterior_alpha_power_db_uv2,primary,baseline_delta,18,-1.2551858634824535,3.3836262603166793,-0.9053088837462027,-1.5230962430208441,0.38611684965399795,-2.937823616723164,0.42745188975825665,analysis_ready_condition_v1
no_ads,theta_power_db_uv2,secondary_global,condition_median,18,8.74852693362247,2.206477813513039,8.66312205132208,7.11591064044819,10.628679646794678,7.651271331179671,9.84578253606527,analysis_ready_condition_v1
inline_early,theta_power_db_uv2,secondary_global,condition_median,18,8.660944040387657,2.601832554406051,9.172966812094582,6.988633474412584,10.21375521415452,7.367083150667349,9.954804930107963,analysis_ready_condition_v1
inline_late,theta_power_db_uv2,secondary_global,condition_median,18,8.563114949138697,2.091035503558964,9.002160407764473,7.163673817856601,9.542157398784521,7.5232674568433415,9.602962441434054,analysis_ready_condition_v1
block_early,theta_power_db_uv2,secondary_global,condition_median,18,8.802835582035392,2.3713342737294236,8.913748102584881,7.090615107132662,10.71253648031935,7.623598790630029,9.982072373440754,analysis_ready_condition_v1
block_late,theta_power_db_uv2,secondary_global,condition_median,18,8.881376637983118,2.4470858747008117,9.137869358372292,6.910490739156955,10.184386300246786,7.664469461654406,10.09828381431183,analysis_ready_condition_v1
no_ads,theta_power_db_uv2,secondary_global,condition_mean,18,9.47706982783802,1.7712505984475233,9.124684563407023,8.145160200769729,10.997978064971509,8.596247627599196,10.357892028076845,analysis_ready_condition_v1
inline_early,theta_power_db_uv2,secondary_global,condition_mean,18,9.240729602829752,1.9456523046622427,9.516786543991469,7.58235853628413,10.518631073167088,8.273179474465964,10.20827973119354,analysis_ready_condition_v1
inline_late,theta_power_db_uv2,secondary_global,condition_mean,18,9.364979197227377,1.7280213265465425,9.402828505513106,7.7089627006338635,10.538941076984955,8.505654408153251,10.224303986301503,analysis_ready_condition_v1
block_early,theta_power_db_uv2,secondary_global,condition_mean,18,9.378304360955573,1.946115623241327,9.244268200120725,7.6414055691704625,10.689494404945268,8.410523829682903,10.346084892228243,analysis_ready_condition_v1
block_late,theta_power_db_uv2,secondary_global,condition_mean,18,9.50068485056478,2.004752453692289,9.574013535975006,7.611657490624164,10.778027510806584,8.503744909517955,10.497624791611603,analysis_ready_condition_v1
no_ads,theta_power_db_uv2,secondary_global,baseline_delta,18,-1.0629568646438305,2.052966054793621,-1.3148775460567332,-2.216799754509267,0.5666369549268122,-2.083872865453589,-0.04204086383407213,analysis_ready_condition_v1
inline_early,theta_power_db_uv2,secondary_global,baseline_delta,18,-1.1505397578786456,1.901520639780911,-0.9141241801837046,-2.6299839383860375,-0.21094341954729012,-2.0961437256059607,-0.20493579015133034,analysis_ready_condition_v1
inline_late,theta_power_db_uv2,secondary_global,baseline_delta,18,-1.2483688491276068,2.5262290622147416,-1.1111819760799428,-3.348615407037822,0.5444658433710456,-2.5046330066881306,0.00789530843291697,analysis_ready_condition_v1
block_early,theta_power_db_uv2,secondary_global,baseline_delta,18,-1.0086482162309125,2.0242693982290807,-0.924874566703215,-1.940553920373825,0.050381297419518134,-2.0152937054615467,-0.0020027270002784814,analysis_ready_condition_v1
block_late,theta_power_db_uv2,secondary_global,baseline_delta,18,-0.9301071602831829,1.8472389860210718,-0.6721863809353152,-2.4193358275678394,0.1332474423672243,-1.8487174966523772,-0.011496823913988652,analysis_ready_condition_v1
no_ads,alpha_power_db_uv2,secondary_global,condition_median,18,5.802482643611879,2.039942871782352,5.9125752761663675,4.103150918906294,7.168971844736911,4.7880429193516685,6.816922367872089,analysis_ready_condition_v1
inline_early,alpha_power_db_uv2,secondary_global,condition_median,18,5.772966606205106,2.0801428874850196,5.9943657460789765,4.202742220084044,7.234278567750702,4.738535884447481,6.807397327962731,analysis_ready_condition_v1
inline_late,alpha_power_db_uv2,secondary_global,condition_median,18,5.6980272955028815,1.8555640501171355,5.706718737314651,4.49868930298899,7.034527240753999,4.775277002156029,6.620777588849734,analysis_ready_condition_v1
block_early,alpha_power_db_uv2,secondary_global,condition_median,18,5.866445043191439,2.094933138117062,5.894196780015019,4.377771673106082,7.102806353531289,4.824659302829886,6.908230783552991,analysis_ready_condition_v1
block_late,alpha_power_db_uv2,secondary_global,condition_median,18,5.899888344860639,2.065523970861562,5.976266017990326,4.5769915488313835,7.169274861813356,4.872727439308958,6.9270492504123204,analysis_ready_condition_v1
no_ads,alpha_power_db_uv2,secondary_global,condition_mean,18,6.05103221449725,1.92426599040508,6.02293894771563,4.642889894240908,7.348662495587737,5.094117250008921,7.00794717898558,analysis_ready_condition_v1
inline_early,alpha_power_db_uv2,secondary_global,condition_mean,18,5.960680544146397,2.023439342403327,6.153801016826812,4.463176579133085,7.335423245269144,4.954447831966849,6.966913256325945,analysis_ready_condition_v1
inline_late,alpha_power_db_uv2,secondary_global,condition_mean,18,5.982717838720402,1.8415591772324935,5.988857083520665,4.815708482375907,7.224093495351623,5.066932004812054,6.898503672628749,analysis_ready_condition_v1
block_early,alpha_power_db_uv2,secondary_global,condition_mean,18,6.042202736683513,2.007226510378895,6.066768455842428,4.6732920996886484,7.29033168471773,5.0440324761911395,7.040372997175886,analysis_ready_condition_v1
block_late,alpha_power_db_uv2,secondary_global,condition_mean,18,6.097570048176945,2.006723200878486,6.277763929776549,4.795734333391706,7.311907074857981,5.099650077610763,7.095490018743128,analysis_ready_condition_v1
no_ads,alpha_power_db_uv2,secondary_global,baseline_delta,18,-1.5987648382108537,2.4761335257401345,-1.3093597927994955,-1.7946435184187415,-0.44362492056710634,-2.8301170715646147,-0.3674126048570927,analysis_ready_condition_v1
inline_early,alpha_power_db_uv2,secondary_global,baseline_delta,18,-1.6282808756176257,2.4652203311967544,-1.4130245017141663,-1.8433024633710127,-0.482872871993702,-2.854206105001559,-0.40235564623369235,analysis_ready_condition_v1
inline_late,alpha_power_db_uv2,secondary_global,baseline_delta,18,-1.703220186319851,2.539083361166082,-1.1629040216657518,-2.2259192190130754,-0.3467409681460252,-2.9658766363627436,-0.44056373627695855,analysis_ready_condition_v1
block_early,alpha_power_db_uv2,secondary_global,baseline_delta,18,-1.5348024386312946,2.4508762141144866,-1.2844095472908117,-1.77041818901562,-0.32531233649355573,-2.7535945064061593,-0.31601037085643013,analysis_ready_condition_v1
block_late,alpha_power_db_uv2,secondary_global,baseline_delta,18,-1.5013591369620924,2.5356588154149913,-1.1846353792743227,-1.8080735520625189,-0.14200392633630443,-2.762312600467711,-0.24040567345647368,analysis_ready_condition_v1
no_ads,beta_power_db_uv2,secondary,condition_median,18,7.916470507337111,1.515067968097298,8.157781222265502,7.4210025243903335,8.643812240668662,7.163044932017333,8.66989608265689,analysis_ready_condition_v1
inline_early,beta_power_db_uv2,secondary,condition_median,18,8.003077281042785,1.7508312679228817,8.12588572880765,6.9612560072543195,8.610401895760688,7.132409374982256,8.873745187103314,analysis_ready_condition_v1
inline_late,beta_power_db_uv2,secondary,condition_median,18,8.01309498251586,1.5468925246782679,8.169935608482021,7.185456914970715,8.684084220218526,7.243843427532986,8.782346537498732,analysis_ready_condition_v1
block_early,beta_power_db_uv2,secondary,condition_median,18,7.968881631528835,1.9239462788188821,8.008653647525346,7.192023837435917,9.125963793185495,7.012125655871925,8.925637607185745,analysis_ready_condition_v1
block_late,beta_power_db_uv2,secondary,condition_median,18,7.9596612520904175,1.7944135398015506,7.993362859161104,7.393310512093491,9.11872610187312,7.067320392106134,8.8520021120747,analysis_ready_condition_v1
no_ads,beta_power_db_uv2,secondary,condition_mean,18,8.07278734782519,1.528115623814164,8.343424637601885,7.526709061932803,8.720543732419863,7.3128733259656835,8.832701369684697,analysis_ready_condition_v1
inline_early,beta_power_db_uv2,secondary,condition_mean,18,8.159091888143001,1.7129626178933712,8.285974775520021,7.413007662800546,8.796132192681288,7.307255618705942,9.01092815758006,analysis_ready_condition_v1
inline_late,beta_power_db_uv2,secondary,condition_mean,18,8.118303915867301,1.5020526749117815,8.244476268725375,7.2425135542251535,8.744617370985699,7.371350693579029,8.865257138155574,analysis_ready_condition_v1
block_early,beta_power_db_uv2,secondary,condition_mean,18,8.109280728454726,1.8432731280355874,8.132913321423754,7.352758705731129,9.294612144748202,7.192642566864002,9.02591889004545,analysis_ready_condition_v1
block_late,beta_power_db_uv2,secondary,condition_mean,18,8.10597060180653,1.743659781964704,8.037673973427378,7.442712137745822,9.091853192788784,7.23886899181173,8.973072211801329,analysis_ready_condition_v1
no_ads,beta_power_db_uv2,secondary,baseline_delta,18,-1.3821678698678062,1.618465185357602,-1.4128671256671321,-2.3963280766991866,-0.09716395981922377,-2.1870116716574124,-0.5773240680781997,analysis_ready_condition_v1
inline_early,beta_power_db_uv2,secondary,baseline_delta,18,-1.2955610961621302,1.4858329723192931,-1.090423321837176,-2.0523365195029566,-0.3362552970861217,-2.0344484501101134,-0.5566737422141469,analysis_ready_condition_v1
inline_late,beta_power_db_uv2,secondary,baseline_delta,18,-1.285543394689057,1.532309046984831,-1.0920591799092554,-2.273172838185366,-0.26940014459101924,-2.0475427568312754,-0.5235440325468387,analysis_ready_condition_v1
block_early,beta_power_db_uv2,secondary,baseline_delta,18,-1.329756745676082,1.6954564751593126,-0.8977800604594717,-2.0227172563353335,-0.165477200106938,-2.172887415140882,-0.48662607621128195,analysis_ready_condition_v1
block_late,beta_power_db_uv2,secondary,baseline_delta,18,-1.3389771251144984,1.5998903989227087,-1.1322544932098624,-2.1187538843998817,-0.3247900283685399,-2.13458390292179,-0.5433703473072067,analysis_ready_condition_v1
no_ads,faa_log_f4_minus_f3,secondary,condition_median,18,0.26190672724776387,0.33690522061527656,0.24021629874600592,0.08982588795183055,0.4995650265029825,0.09436770258666002,0.4294457519088677,analysis_ready_condition_v1
inline_early,faa_log_f4_minus_f3,secondary,condition_median,18,0.22142640029363203,0.2824620878314776,0.19074843408021458,0.05385177974246158,0.4810657584673992,0.08096130862007492,0.36189149196718917,analysis_ready_condition_v1
inline_late,faa_log_f4_minus_f3,secondary,condition_median,18,0.249620515738551,0.3188883948720535,0.17637828034851477,0.10424086235926966,0.5276037775525046,0.0910410477355365,0.4081999837415655,analysis_ready_condition_v1
block_early,faa_log_f4_minus_f3,secondary,condition_median,18,0.26877611153263914,0.3178250511365991,0.19621923677458053,0.12200468437721179,0.4492153770329006,0.11072543192890258,0.42682679113637567,analysis_ready_condition_v1
block_late,faa_log_f4_minus_f3,secondary,condition_median,18,0.1897456819818528,0.34379714779827697,0.16685623261088356,-0.04987832071804377,0.4564870807831092,0.018779382563277075,0.3607119814004285,analysis_ready_condition_v1
no_ads,faa_log_f4_minus_f3,secondary,condition_mean,18,0.23840117699473012,0.335520425004319,0.1903437651501343,0.09625261699505586,0.47232782329522693,0.07155079498983419,0.40525155899962606,analysis_ready_condition_v1
inline_early,faa_log_f4_minus_f3,secondary,condition_mean,18,0.22102637725715446,0.28148024554475626,0.19137940938861764,0.02482205440006698,0.4674153194806611,0.08104954426592917,0.3610032102483798,analysis_ready_condition_v1
inline_late,faa_log_f4_minus_f3,secondary,condition_mean,18,0.24283915872337047,0.31481746785512693,0.17062700972429604,0.05526497515164687,0.48101332993705903,0.08628411509892997,0.399394202347811,analysis_ready_condition_v1
block_early,faa_log_f4_minus_f3,secondary,condition_mean,18,0.26050826512391767,0.30919573925970356,0.1876779755502913,0.10980001231430049,0.46498411509768955,0.10674884135976484,0.41426768888807053,analysis_ready_condition_v1
block_late,faa_log_f4_minus_f3,secondary,condition_mean,18,0.1999558236395481,0.3368953294261982,0.13877271924294313,-0.04918472019066526,0.44262339207589657,0.03242171775105307,0.36748992952804316,analysis_ready_condition_v1
no_ads,faa_log_f4_minus_f3,secondary,baseline_delta,18,-0.08726140628326443,0.3045383861059738,-0.1218875370255379,-0.2781934826220094,0.1269540189342786,-0.23870478281177873,0.06418197024524988,analysis_ready_condition_v1
inline_early,faa_log_f4_minus_f3,secondary,baseline_delta,18,-0.12774173323739627,0.34779509684277043,-0.2199920820508945,-0.2925432771757954,0.1292220842022611,-0.30069616594264525,0.045212699467852724,analysis_ready_condition_v1
inline_late,faa_log_f4_minus_f3,secondary,baseline_delta,18,-0.0995476177924773,0.33239405068811856,-0.11838689313304318,-0.23125376840763323,0.09696413275750748,-0.26484329042627724,0.06574805484132264,analysis_ready_condition_v1
block_early,faa_log_f4_minus_f3,secondary,baseline_delta,18,-0.08039202199838918,0.3119589343479335,-0.11034431690212188,-0.304053787202025,0.10010462092270567,-0.23552555035250636,0.07474150635572799,analysis_ready_condition_v1
block_late,faa_log_f4_minus_f3,secondary,baseline_delta,18,-0.1594224515491755,0.3658388824896431,-0.1679651938497404,-0.2977866651654768,0.00852872426592377,-0.34134984775718713,0.022504944658836123,analysis_ready_condition_v1
no_ads,delta_power_db_uv2,exploratory,condition_median,18,18.0396357054985,2.120263864873937,17.528736856355494,16.921418965051217,19.380151621791047,16.985253291072198,19.094018119924804,analysis_ready_condition_v1
inline_early,delta_power_db_uv2,exploratory,condition_median,18,17.59852705777653,2.8333908880770378,18.09113440444145,16.096845531997786,19.572551570732845,16.189514917789047,19.00753919776401,analysis_ready_condition_v1
inline_late,delta_power_db_uv2,exploratory,condition_median,18,17.817814529263064,2.228510806899924,17.88630436303199,16.52435289548619,19.103251991055338,16.70960217697928,18.926026881546846,analysis_ready_condition_v1
block_early,delta_power_db_uv2,exploratory,condition_median,18,18.132408597287558,2.540835501870556,18.295611501030855,16.577951340130255,19.62290119508044,16.86888082817113,19.395936366403987,analysis_ready_condition_v1
block_late,delta_power_db_uv2,exploratory,condition_median,18,17.872859219118833,2.9363904610868126,17.787609289989074,16.143501583076254,19.629078788320236,16.41262659649516,19.333091841742508,analysis_ready_condition_v1
no_ads,delta_power_db_uv2,exploratory,condition_mean,18,18.01319615974935,1.5828074687267617,17.713443794626492,16.945880145020553,19.052448266603882,17.226084523270398,18.8003077962283,analysis_ready_condition_v1
inline_early,delta_power_db_uv2,exploratory,condition_mean,18,17.71890986783174,1.939226536525171,18.190602563454505,16.601827707421617,18.935762787250766,16.754555198785614,18.683264536877868,analysis_ready_condition_v1
inline_late,delta_power_db_uv2,exploratory,condition_mean,18,17.87331911837611,1.5422245629703792,17.893593774402326,17.222697573205096,18.67072063443401,17.106388886138745,18.640249350613473,analysis_ready_condition_v1
block_early,delta_power_db_uv2,exploratory,condition_mean,18,17.999213041199777,1.9912318413878323,18.086578808850913,16.902074507957817,19.086776087372346,17.008996742470437,18.989429339929117,analysis_ready_condition_v1
block_late,delta_power_db_uv2,exploratory,condition_mean,18,17.859666446821745,2.273876580806055,17.946924908925567,16.628800443361555,18.994322510731923,16.72889422592165,18.99043866772184,analysis_ready_condition_v1
no_ads,delta_power_db_uv2,exploratory,baseline_delta,18,-2.596363868552987,3.959571863706123,-2.7908967318798332,-3.95393920474875,-0.7931864339992627,-4.565412632206348,-0.6273151048996264,analysis_ready_condition_v1
inline_early,delta_power_db_uv2,exploratory,baseline_delta,18,-3.03747251627496,3.9642891956218675,-3.6775950139193103,-4.761605300644076,-0.9145988578297874,-5.0088671539006,-1.0660778786493195,analysis_ready_condition_v1
inline_late,delta_power_db_uv2,exploratory,baseline_delta,18,-2.818185044788425,3.709113579949558,-3.306695263225963,-4.890735824052948,-0.5001740168863273,-4.662683834112993,-0.9736862554638568,analysis_ready_condition_v1
block_early,delta_power_db_uv2,exploratory,baseline_delta,18,-2.503590976763927,3.6576018753112387,-2.6797333533953527,-3.912203163401815,-0.049056501086250925,-4.322473598022077,-0.6847083555057778,analysis_ready_condition_v1
block_late,delta_power_db_uv2,exploratory,baseline_delta,18,-2.763140354932654,3.9924579068452286,-3.1864053295356403,-4.159545912487188,-0.7697150431321962,-4.748542963095835,-0.7777377467694735,analysis_ready_condition_v1
no_ads,gamma_power_db_uv2,exploratory,condition_median,18,3.112169499756921,2.283175118989022,3.1700598408444627,1.5982953431517435,5.087386048039038,1.9767732246047052,4.247565774909137,analysis_ready_condition_v1
inline_early,gamma_power_db_uv2,exploratory,condition_median,18,3.229999509636791,2.5404329581446756,3.104569447041893,0.9945994603286418,4.530550842071662,1.9666719208057661,4.493327098467816,analysis_ready_condition_v1
inline_late,gamma_power_db_uv2,exploratory,condition_median,18,3.0322392985685913,2.578438443533396,3.014849648541801,0.9146871973542468,4.680650403865279,1.7500120264908376,4.314466570646345,analysis_ready_condition_v1
block_early,gamma_power_db_uv2,exploratory,condition_median,18,2.91004402970328,2.924859884134754,3.006767481635232,1.0344573653621156,5.066300650424761,1.455545428098333,4.364542631308227,analysis_ready_condition_v1
block_late,gamma_power_db_uv2,exploratory,condition_median,18,3.1791955386186523,2.838469966034388,3.5341623713742285,1.1202061793155718,4.867578227187076,1.7676576325845705,4.590733444652734,analysis_ready_condition_v1
no_ads,gamma_power_db_uv2,exploratory,condition_mean,18,3.342804901548635,2.311683588107191,3.5886131871386846,1.4546497226959858,5.347441895960918,2.193231698232717,4.492378104864553,analysis_ready_condition_v1
inline_early,gamma_power_db_uv2,exploratory,condition_mean,18,3.460904001236979,2.54288181132137,3.609829813824091,1.0913954803243704,4.760976434672747,2.196358626371021,4.7254493761029375,analysis_ready_condition_v1
inline_late,gamma_power_db_uv2,exploratory,condition_mean,18,3.2488706830863796,2.44701116667136,3.1619672393884874,1.380084271938056,4.941969972407335,2.0320006581866825,4.465740707986077,analysis_ready_condition_v1
block_early,gamma_power_db_uv2,exploratory,condition_mean,18,3.1615311228644774,2.799686772295756,3.1420129588263928,1.3980001298013331,5.405280453801475,1.769279645340902,4.553782600388052,analysis_ready_condition_v1
block_late,gamma_power_db_uv2,exploratory,condition_mean,18,3.3832298579174926,2.724423665030112,3.4985835052426264,1.5280761255860569,5.167351831621941,2.028405843112428,4.738053872722557,analysis_ready_condition_v1
no_ads,gamma_power_db_uv2,exploratory,baseline_delta,18,-1.7089612615980294,2.4266452344681775,-1.7968663669895464,-3.3485224767664894,0.5683986821055752,-2.91570354667997,-0.5022189765160889,analysis_ready_condition_v1
inline_early,gamma_power_db_uv2,exploratory,baseline_delta,18,-1.59113125171816,2.1333284032959865,-1.3894488398403513,-3.473685061956971,-0.04839740955684099,-2.652010508255964,-0.5302519951803555,analysis_ready_condition_v1
inline_late,gamma_power_db_uv2,exploratory,baseline_delta,18,-1.788891462786359,2.428291942402628,-1.4674852892045875,-4.349932421169783,-0.3730538783675089,-2.996452636458793,-0.5813302891139251,analysis_ready_condition_v1
block_early,gamma_power_db_uv2,exploratory,baseline_delta,18,-1.9110867316516709,2.6116633101818363,-1.2739543343890332,-4.015714824027391,-0.16683500882990954,-3.209836341206443,-0.612337122096899,analysis_ready_condition_v1
block_late,gamma_power_db_uv2,exploratory,baseline_delta,18,-1.641935222736298,2.3585121830784574,-1.6165121502735185,-2.720682713349326,-0.6740976118481502,-2.814795738470254,-0.4690747070023418,analysis_ready_condition_v1
no_ads,delta_relative_power,exploratory,condition_median,18,0.7227418665396456,0.06769340516604208,0.7368856648214155,0.7056059371018375,0.7557886243951112,0.6890787281151489,0.7564050049641422,analysis_ready_condition_v1
inline_early,delta_relative_power,exploratory,condition_median,18,0.7125093189514081,0.06189630241597325,0.7194015035423196,0.6720850710056343,0.7567734655827352,0.6817290119025519,0.7432896260002644,analysis_ready_condition_v1
inline_late,delta_relative_power,exploratory,condition_median,18,0.719570079761584,0.06450951028464476,0.7256698689882959,0.6965261552153692,0.7618945332037556,0.6874902550123063,0.7516499045108618,analysis_ready_condition_v1
block_early,delta_relative_power,exploratory,condition_median,18,0.722686588969148,0.07273011700193681,0.7284485311533014,0.6926845588763647,0.7595407456108844,0.6865187526745983,0.7588544252636976,analysis_ready_condition_v1
block_late,delta_relative_power,exploratory,condition_median,18,0.7137498760103678,0.07690076684888197,0.7272055869405698,0.6728349240876361,0.769727733233398,0.6755080243405619,0.7519917276801736,analysis_ready_condition_v1
no_ads,delta_relative_power,exploratory,condition_mean,18,0.6927756533943104,0.057131577623049115,0.6911965068525281,0.6816173353580052,0.7107731995705897,0.6643647882410924,0.7211865185475284,analysis_ready_condition_v1
inline_early,delta_relative_power,exploratory,condition_mean,18,0.6819455450231726,0.05358287289945329,0.6801425286604731,0.652403295703271,0.705581270908749,0.6552994092116837,0.7085916808346615,analysis_ready_condition_v1
inline_late,delta_relative_power,exploratory,condition_mean,18,0.6876046567977628,0.04695910274830946,0.6735460801223431,0.6599989071494109,0.7221471583884733,0.6642524443890496,0.710956869206476,analysis_ready_condition_v1
block_early,delta_relative_power,exploratory,condition_mean,18,0.6902313987374415,0.06409254104240873,0.6824422124439963,0.6519783420079645,0.7138926302857471,0.6583589279140849,0.7221038695607982,analysis_ready_condition_v1
block_late,delta_relative_power,exploratory,condition_mean,18,0.6836759011128559,0.06492119336094908,0.684969233031089,0.6579340427522182,0.7159489693208889,0.6513913511861305,0.7159604510395814,analysis_ready_condition_v1
no_ads,delta_relative_power,exploratory,baseline_delta,18,-0.01023574275596136,0.1529642852163804,-0.05417649963639598,-0.10338663305810575,0.04270265982515564,-0.08630309222099138,0.06583160670906867,analysis_ready_condition_v1
inline_early,delta_relative_power,exploratory,baseline_delta,18,-0.020468290344198812,0.14961881891251386,-0.0361418001084417,-0.09552470567736632,0.009356723475243772,-0.09487197855588649,0.05393539786748887,analysis_ready_condition_v1
inline_late,delta_relative_power,exploratory,baseline_delta,18,-0.013407529534022855,0.14779085036864592,-0.04621496737915637,-0.09464890144960719,0.034412143510997834,-0.08690219037477365,0.06008713130672794,analysis_ready_condition_v1
block_early,delta_relative_power,exploratory,baseline_delta,18,-0.010291020326458962,0.14217855728246315,-0.026222517733343886,-0.0820079839032255,0.02295916220700256,-0.08099475347527871,0.06041271282236079,analysis_ready_condition_v1
block_late,delta_relative_power,exploratory,baseline_delta,18,-0.01922773328523901,0.15970119582294906,-0.048586902750437755,-0.11030032292155428,0.030481825511639637,-0.09864526957786483,0.06018980300738681,analysis_ready_condition_v1
no_ads,theta_relative_power,exploratory,condition_median,18,0.10134001739104129,0.026162910771387167,0.09677007484649189,0.08385140899908732,0.10723427789344178,0.08832950795183274,0.11435052683024984,analysis_ready_condition_v1
inline_early,theta_relative_power,exploratory,condition_median,18,0.10160041423230975,0.024694767346798357,0.09779544895314216,0.08884754039109088,0.11429914593662507,0.08931999534191792,0.11388083312270159,analysis_ready_condition_v1
inline_late,theta_relative_power,exploratory,condition_median,18,0.10155519584512579,0.021898504024319074,0.10273423352685224,0.08535509141567121,0.11314374946427877,0.09066532599071572,0.11244506569953586,analysis_ready_condition_v1
block_early,theta_relative_power,exploratory,condition_median,18,0.09990144912230936,0.024074436291774876,0.09832025371607846,0.0825814457350722,0.10641707574218293,0.08792951360814964,0.11187338463646908,analysis_ready_condition_v1
block_late,theta_relative_power,exploratory,condition_median,18,0.10481553537804907,0.026280766270930452,0.09924900367378028,0.08923789647560353,0.11257700964437588,0.09174641777774295,0.11788465297835518,analysis_ready_condition_v1
no_ads,theta_relative_power,exploratory,condition_mean,18,0.10492739472961367,0.02657383555993873,0.0979925350781882,0.0881733891385755,0.11078241492845137,0.09171253720058548,0.11814225225864186,analysis_ready_condition_v1
inline_early,theta_relative_power,exploratory,condition_mean,18,0.1045607041086696,0.024190614118019673,0.10142568369906321,0.09093827410931099,0.1144018698815544,0.09253099472071608,0.11659041349662314,analysis_ready_condition_v1
inline_late,theta_relative_power,exploratory,condition_mean,18,0.10479586563115212,0.021857355174053312,0.1059472541449153,0.08936998794965764,0.11869380515561022,0.093926458618567,0.11566527264373724,analysis_ready_condition_v1
block_early,theta_relative_power,exploratory,condition_mean,18,0.10329317629225589,0.02442392094919227,0.10159493680065843,0.08636176695676857,0.10973880427295268,0.09114744614668381,0.11543890643782796,analysis_ready_condition_v1
block_late,theta_relative_power,exploratory,condition_mean,18,0.10761907737414617,0.026593838344270527,0.10160628128951311,0.0916545216207093,0.11550204202847318,0.09439427269448808,0.12084388205380425,analysis_ready_condition_v1
no_ads,theta_relative_power,exploratory,baseline_delta,18,0.026998347206857964,0.02231392693812135,0.020661719488613478,0.013505541545279543,0.039302246320557135,0.015901892397565922,0.03809480201615001,analysis_ready_condition_v1
inline_early,theta_relative_power,exploratory,baseline_delta,18,0.027258744048126442,0.024211959478959787,0.023914607101560043,0.01696575217611238,0.046166663080724576,0.015218419861902905,0.039299068234349976,analysis_ready_condition_v1
inline_late,theta_relative_power,exploratory,baseline_delta,18,0.027213525660942484,0.02196843639865199,0.023156059818893078,0.017083463637207738,0.045879849795896585,0.016288879254935572,0.038138172066949395,analysis_ready_condition_v1
block_early,theta_relative_power,exploratory,baseline_delta,18,0.025559778938126037,0.02221548598354459,0.02422533513655284,0.010081904506378268,0.03813302552308198,0.014512277663856035,0.03660728021239604,analysis_ready_condition_v1
block_late,theta_relative_power,exploratory,baseline_delta,18,0.030473865193865746,0.023724485923025538,0.02384384023264939,0.020980477354935054,0.04357434168322281,0.01867595590391527,0.04227177448381622,analysis_ready_condition_v1
no_ads,alpha_relative_power,exploratory,condition_median,18,0.04954208849597594,0.02285604383114206,0.041154088029114105,0.036935013790230564,0.05580202613400216,0.038176045298165824,0.060908131693786054,analysis_ready_condition_v1
inline_early,alpha_relative_power,exploratory,condition_median,18,0.05137952934459014,0.01986162844264345,0.046410837285095215,0.03833688111364794,0.06320616322498265,0.04150257388695531,0.061256484802224974,analysis_ready_condition_v1
inline_late,alpha_relative_power,exploratory,condition_median,18,0.04664320980140388,0.011108977227914386,0.04276082249112987,0.038945380435356156,0.055437487383687714,0.0411188453930751,0.052167574209732656,analysis_ready_condition_v1
block_early,alpha_relative_power,exploratory,condition_median,18,0.04703716659866794,0.017046267830180612,0.04328012726674407,0.03706800232056067,0.05215642426740715,0.03856025703589902,0.05551407616143686,analysis_ready_condition_v1
block_late,alpha_relative_power,exploratory,condition_median,18,0.051563826167564025,0.025088374105494624,0.04602730975662982,0.037259280233735446,0.05551415103450852,0.039087671240990975,0.06403998109413707,analysis_ready_condition_v1
no_ads,alpha_relative_power,exploratory,condition_mean,18,0.060242944973071394,0.028463561274106666,0.05072411460001837,0.04131744924923359,0.06678280894816899,0.04608834895483099,0.0743975409913118,analysis_ready_condition_v1
inline_early,alpha_relative_power,exploratory,condition_mean,18,0.06154456124306088,0.026247902036033888,0.05240706885459364,0.04731004670734227,0.07566632068408388,0.04849178664228072,0.07459733584384104,analysis_ready_condition_v1
inline_late,alpha_relative_power,exploratory,condition_mean,18,0.05953238807319294,0.019510621184516304,0.05713372971899773,0.04479854547247724,0.06583317560191457,0.049829984418490084,0.0692347917278958,analysis_ready_condition_v1
block_early,alpha_relative_power,exploratory,condition_mean,18,0.05997001697880033,0.02494989769421418,0.05388343741264054,0.046884746109489055,0.06410054500111108,0.047562724751481766,0.0723773092061189,analysis_ready_condition_v1
block_late,alpha_relative_power,exploratory,condition_mean,18,0.06214451686712455,0.029576980914453814,0.05246214530296887,0.04573513257004683,0.06558122636529698,0.047436230287955454,0.07685280344629364,analysis_ready_condition_v1
no_ads,alpha_relative_power,exploratory,baseline_delta,18,-0.006386841631207316,0.06314420500862092,0.005221222955017979,-0.0071670886357625835,0.02089508334198315,-0.037787716039816704,0.02501403277740207,analysis_ready_condition_v1
inline_early,alpha_relative_power,exploratory,baseline_delta,18,-0.004549400782593114,0.0639326239453552,0.013474847043613241,-0.008323401881006304,0.02743533346232221,-0.036342346704501025,0.0272435451393148,analysis_ready_condition_v1
inline_late,alpha_relative_power,exploratory,baseline_delta,18,-0.009285720325779385,0.06390396956130308,0.014724238863938333,-0.010475704032415467,0.019220378025397666,-0.04106441675773404,0.022492976106175268,analysis_ready_condition_v1
block_early,alpha_relative_power,exploratory,baseline_delta,18,-0.008891763528515314,0.06186130495657134,0.0073408433522449395,-0.012740974209825916,0.02112110512557873,-0.03965466675025637,0.02187113969322574,analysis_ready_condition_v1
block_late,alpha_relative_power,exploratory,baseline_delta,18,-0.004365103959619231,0.06688324369211045,0.012059830186258004,-0.0012110941417967517,0.021056444474356964,-0.03762535856144124,0.028895150642202775,analysis_ready_condition_v1
no_ads,beta_relative_power,exploratory,condition_median,18,0.08176454426979644,0.0365390724111207,0.08117018902839868,0.054347610368315445,0.09427802874632839,0.06359409104084156,0.09993499749875133,analysis_ready_condition_v1
inline_early,beta_relative_power,exploratory,condition_median,18,0.09066173060232441,0.04044062564860292,0.08494362208662457,0.060630350158440954,0.11836605990109614,0.07055108059376075,0.11077238061088807,analysis_ready_condition_v1
inline_late,beta_relative_power,exploratory,condition_median,18,0.08617454175459917,0.04183558472578059,0.07440710470613479,0.06272715932939846,0.10615015040480444,0.06537019491698168,0.10697888859221666,analysis_ready_condition_v1
block_early,beta_relative_power,exploratory,condition_median,18,0.08485699687104867,0.04475527031582295,0.08022413176210111,0.049065376902143354,0.1194582921961905,0.06260072454774282,0.10711326919435452,analysis_ready_condition_v1
block_late,beta_relative_power,exploratory,condition_median,18,0.08771969113565566,0.042437693009635576,0.0880281707029102,0.05559821449126571,0.11584773506154047,0.0666159228927147,0.10882345937859661,analysis_ready_condition_v1
no_ads,beta_relative_power,exploratory,condition_mean,18,0.1029271745532601,0.031829108221068894,0.10732845980914676,0.08033532367040751,0.12290737443620457,0.08709893141279508,0.11875541769372512,analysis_ready_condition_v1
inline_early,beta_relative_power,exploratory,condition_mean,18,0.1095347660421755,0.03549415965622818,0.11084623902426884,0.0818945077452508,0.13566463411007018,0.09188393570149445,0.12718559638285656,analysis_ready_condition_v1
inline_late,beta_relative_power,exploratory,condition_mean,18,0.10738433441630128,0.034659549762048124,0.10503925392644943,0.08363691294146873,0.1271084852914288,0.09014854581165527,0.1246201230209473,analysis_ready_condition_v1
block_early,beta_relative_power,exploratory,condition_mean,18,0.1065018422982452,0.0417472906966471,0.10883990248970446,0.0724305707638662,0.13358517053978405,0.0857414030483386,0.1272622815481518,analysis_ready_condition_v1
block_late,beta_relative_power,exploratory,condition_mean,18,0.10553160286170168,0.03769314327427554,0.11535980636599648,0.0742276104271013,0.12436680030415756,0.08678724369430617,0.1242759620290972,analysis_ready_condition_v1
no_ads,beta_relative_power,exploratory,baseline_delta,18,0.0025633089726206193,0.057466012999283035,0.010609765989249134,-0.0040832544839789,0.0280154126734568,-0.026013866980543084,0.031140484925784324,analysis_ready_condition_v1
inline_early,beta_relative_power,exploratory,baseline_delta,18,0.011460495305148586,0.058820256121359195,0.01987741161861577,-0.0009590151938518796,0.027743344535047884,-0.017790129908944616,0.04071112051924179,analysis_ready_condition_v1
inline_late,beta_relative_power,exploratory,baseline_delta,18,0.006973306457423338,0.0597023899710997,0.015469483923987504,-0.005981160721623023,0.031525821097057836,-0.022715993599808727,0.0366626065146554,analysis_ready_condition_v1
block_early,beta_relative_power,exploratory,baseline_delta,18,0.005655761573872853,0.055130704354904234,0.008373319859090397,-0.002292062642644817,0.026008438906579282,-0.021760092711887374,0.03307161585963308,analysis_ready_condition_v1
block_late,beta_relative_power,exploratory,baseline_delta,18,0.008518455838479842,0.05957430449391386,0.01774728514649134,0.00014190765092778057,0.02833527599181134,-0.021107148809456466,0.03814406048641615,analysis_ready_condition_v1
no_ads,gamma_relative_power,exploratory,condition_median,18,0.030974709518321573,0.020540965491895945,0.027697628825115415,0.01544252203150995,0.03737838699932702,0.020759927693852598,0.04118949134279055,analysis_ready_condition_v1
inline_early,gamma_relative_power,exploratory,condition_median,18,0.03317720523166975,0.020160517669651216,0.03267368023445821,0.015078007647973377,0.04479622791256697,0.023151615658234807,0.04320279480510469,analysis_ready_condition_v1
inline_late,gamma_relative_power,exploratory,condition_median,18,0.03151194134807061,0.022845693292872636,0.02637957491011863,0.015209049209769968,0.03809138886288165,0.02015104535184796,0.04287283734429326,analysis_ready_condition_v1
block_early,gamma_relative_power,exploratory,condition_median,18,0.03211616968957869,0.02663728314419167,0.02875777133622712,0.011062376048022687,0.033407782084114906,0.018869760419193006,0.04536257895996438,analysis_ready_condition_v1
block_late,gamma_relative_power,exploratory,condition_median,18,0.03273486965031715,0.02291447187736731,0.02887393776720163,0.015901671018003185,0.04721078655103884,0.0213397708686857,0.044129968431948594,analysis_ready_condition_v1
no_ads,gamma_relative_power,exploratory,condition_mean,18,0.03912683234974446,0.02128099015581701,0.037590923496438666,0.020991812008013675,0.0488404537184035,0.02854404491766848,0.049709619781820445,analysis_ready_condition_v1
inline_early,gamma_relative_power,exploratory,condition_mean,18,0.04241442358292138,0.022409778348544716,0.041777267498326554,0.02021624747908357,0.06029125119079966,0.03127030298861896,0.0535585441772238,analysis_ready_condition_v1
inline_late,gamma_relative_power,exploratory,condition_mean,18,0.04068275508159062,0.024230850070009257,0.03467161173254305,0.024003156240135687,0.050916810362191256,0.028633036825444626,0.052732473337736605,analysis_ready_condition_v1
block_early,gamma_relative_power,exploratory,condition_mean,18,0.04000356569325697,0.026513543039291595,0.03593947360923912,0.016473629057215746,0.05056705826528923,0.02681869092936709,0.05318844045714685,analysis_ready_condition_v1
block_late,gamma_relative_power,exploratory,condition_mean,18,0.041028901784171776,0.02432058145492479,0.038903490150290376,0.023138540209192853,0.05778644654597002,0.028934561160100514,0.05312324240824304,analysis_ready_condition_v1
no_ads,gamma_relative_power,exploratory,baseline_delta,18,-0.0028609581130625093,0.03399017846045619,0.003270489489926998,-0.004046735897181602,0.0072333132886511645,-0.019763876200593833,0.014041959974468816,analysis_ready_condition_v1
inline_early,gamma_relative_power,exploratory,baseline_delta,18,-0.000658462399714335,0.03282563446579832,0.0024398665621238533,-0.0036118440984293427,0.010232689718574594,-0.01698226638303674,0.015665341583608067,analysis_ready_condition_v1
inline_late,gamma_relative_power,exploratory,baseline_delta,18,-0.002323726283313469,0.035055696144896856,0.006098690321353381,-0.004420684353288615,0.008679453994746292,-0.019756513849519926,0.01510906128289299,analysis_ready_condition_v1
block_early,gamma_relative_power,exploratory,baseline_delta,18,-0.0017194979418053825,0.03440618025207666,0.00028688880177248034,-0.006878539189760915,0.012296530699039084,-0.018829288853385213,0.015390292969774446,analysis_ready_condition_v1
block_late,gamma_relative_power,exploratory,baseline_delta,18,-0.0011007979810669312,0.0367322131503501,0.002368224022375359,-0.002774620083794661,0.006986835467123695,-0.019367297840031654,0.017165701877897795,analysis_ready_condition_v1
no_ads,engagement_beta_over_alpha_theta,exploratory,condition_median,18,0.6162647318909458,0.33883726729046254,0.5564122728075094,0.4232726279853698,0.6927620425293097,0.4477649230218405,0.784764540760051,analysis_ready_condition_v1
inline_early,engagement_beta_over_alpha_theta,exploratory,condition_median,18,0.6488876002462319,0.34901735131247874,0.5824905285427862,0.43204047029884374,0.8343069360605113,0.4753253546927029,0.822449845799761,analysis_ready_condition_v1
inline_late,engagement_beta_over_alpha_theta,exploratory,condition_median,18,0.6308982213219562,0.31756594205580235,0.5663314257158842,0.44250120754132305,0.7753184918883004,0.47297639363270827,0.7888200490112041,analysis_ready_condition_v1
block_early,engagement_beta_over_alpha_theta,exploratory,condition_median,18,0.6366373745591032,0.36264418680626803,0.519762919688092,0.3974851178366303,0.8910762918677114,0.45629866313877226,0.8169760859794342,analysis_ready_condition_v1
block_late,engagement_beta_over_alpha_theta,exploratory,condition_median,18,0.6072969499458494,0.32987342911064893,0.573088092830124,0.3975166184867842,0.7578581475548865,0.44325475293304983,0.7713391469586489,analysis_ready_condition_v1
no_ads,engagement_beta_over_alpha_theta,exploratory,condition_mean,18,0.6624925140644836,0.31100691412228676,0.5785413429510837,0.4503662040016018,0.7752201366726003,0.5078324142306228,0.8171526138983445,analysis_ready_condition_v1
inline_early,engagement_beta_over_alpha_theta,exploratory,condition_mean,18,0.7073180721471083,0.34022282680566773,0.6504827821599493,0.47207267858505697,0.9735795369767977,0.53812924074115,0.8765069035530666,analysis_ready_condition_v1
inline_late,engagement_beta_over_alpha_theta,exploratory,condition_mean,18,0.6878820761679072,0.3223587689578954,0.5956630348395882,0.464334406299925,0.8731441196693662,0.527576831732906,0.8481873206029084,analysis_ready_condition_v1
block_early,engagement_beta_over_alpha_theta,exploratory,condition_mean,18,0.694848978423381,0.3694504969045384,0.5912930081993752,0.4177530109553143,0.9157464817456886,0.5111255686201556,0.8785723882266064,analysis_ready_condition_v1
block_late,engagement_beta_over_alpha_theta,exploratory,condition_mean,18,0.6627891669696483,0.33040814749265324,0.5856669954135233,0.44075055144407704,0.8701348112173277,0.49848106076130183,0.8270972731779948,analysis_ready_condition_v1
no_ads,engagement_beta_over_alpha_theta,exploratory,baseline_delta,18,-0.07257328929862623,0.3749457463069894,0.03580732294597101,-0.1829653581103554,0.12378834221846725,-0.2590294223391906,0.11388284374193809,analysis_ready_condition_v1
inline_early,engagement_beta_over_alpha_theta,exploratory,baseline_delta,18,-0.03995042094334002,0.3204194611160022,0.016565539548102387,-0.12937213938978548,0.13716458466812834,-0.19929127027708682,0.11939042839040677,analysis_ready_condition_v1
inline_late,engagement_beta_over_alpha_theta,exploratory,baseline_delta,18,-0.057939799867615806,0.3454802437985173,0.016262997787753863,-0.1571199763675912,0.13853462353398388,-0.22974308323608783,0.11386348350085623,analysis_ready_condition_v1
block_early,engagement_beta_over_alpha_theta,exploratory,baseline_delta,18,-0.05220064663046884,0.34837840182579777,0.022056242308687357,-0.18434316125389516,0.10736357075617735,-0.22544515007952493,0.12104385681858726,analysis_ready_condition_v1
block_late,engagement_beta_over_alpha_theta,exploratory,baseline_delta,18,-0.08154107124372251,0.34525601821240814,-0.0015615543506445617,-0.12906733876831336,0.09676209173758049,-0.25323284985150196,0.09015070736405698,analysis_ready_condition_v1
no_ads,engagement_pope_frontocentral_beta_over_alpha_theta,exploratory,condition_median,18,0.643872227481421,0.3204834208154674,0.5883750590093995,0.4652482598051577,0.7636572611518874,0.4844995717374131,0.803244883225429,analysis_ready_condition_v1
inline_early,engagement_pope_frontocentral_beta_over_alpha_theta,exploratory,condition_median,18,0.7092547066655749,0.36004307790248113,0.6260825094044278,0.4669143432427446,1.0161471972174005,0.5302094962719776,0.8882999170591722,analysis_ready_condition_v1
inline_late,engagement_pope_frontocentral_beta_over_alpha_theta,exploratory,condition_median,18,0.65547521682659,0.2962145657513461,0.5993133894674355,0.46138125449170575,0.8747151013907204,0.5081711787776687,0.8027792548755114,analysis_ready_condition_v1
block_early,engagement_pope_frontocentral_beta_over_alpha_theta,exploratory,condition_median,18,0.6765017701587507,0.3816183766091888,0.5660967507486452,0.40795745036682274,0.9284490270273742,0.4867274161339197,0.8662761241835817,analysis_ready_condition_v1
block_late,engagement_pope_frontocentral_beta_over_alpha_theta,exploratory,condition_median,18,0.6601190909179296,0.3383368579148938,0.5916729365273903,0.4486476797373154,0.8758191808259213,0.4918681297768618,0.8283700520589975,analysis_ready_condition_v1
no_ads,engagement_pope_frontocentral_beta_over_alpha_theta,exploratory,condition_mean,18,0.7209450641413664,0.3448711064019809,0.655094180301465,0.48980131893491685,0.8570190283339016,0.5494446976737186,0.8924454306090142,analysis_ready_condition_v1
inline_early,engagement_pope_frontocentral_beta_over_alpha_theta,exploratory,condition_mean,18,0.7850846646545188,0.38455899593042253,0.6813559350550824,0.4954228473181003,1.0911995982847256,0.5938479750443877,0.9763213542646498,analysis_ready_condition_v1
inline_late,engagement_pope_frontocentral_beta_over_alpha_theta,exploratory,condition_mean,18,0.7404866884709141,0.33942094208487733,0.6735756262614299,0.5040475354477425,0.9261860819816563,0.5716966249551254,0.9092767519867029,analysis_ready_condition_v1
block_early,engagement_pope_frontocentral_beta_over_alpha_theta,exploratory,condition_mean,18,0.7514593729399198,0.407953234347699,0.659475808732173,0.4319022186317764,1.005142934453374,0.5485890022607869,0.9543297436190528,analysis_ready_condition_v1
block_late,engagement_pope_frontocentral_beta_over_alpha_theta,exploratory,condition_mean,18,0.726634950769515,0.34411494324816416,0.656814980695437,0.4764499300658942,0.9468578396476326,0.5555106153916906,0.8977592861473395,analysis_ready_condition_v1
no_ads,engagement_pope_frontocentral_beta_over_alpha_theta,exploratory,baseline_delta,18,-0.11456323148409424,0.3213790068186281,-0.018822757352506617,-0.12574944570779334,0.08433736414029278,-0.27438125166975624,0.04525478870156778,analysis_ready_condition_v1
inline_early,engagement_pope_frontocentral_beta_over_alpha_theta,exploratory,baseline_delta,18,-0.049180752299940546,0.29895293401888084,0.012001153392578831,-0.07929234605264558,0.1308772758890961,-0.19784654885135058,0.0994850442514695,analysis_ready_condition_v1
inline_late,engagement_pope_frontocentral_beta_over_alpha_theta,exploratory,baseline_delta,18,-0.10296024213892532,0.31959926725524307,-0.0290016503007747,-0.10740541437836473,0.05253784113168336,-0.2618932186614,0.05597273438354933,analysis_ready_condition_v1
block_early,engagement_pope_frontocentral_beta_over_alpha_theta,exploratory,baseline_delta,18,-0.08193368880676452,0.2756860547026573,-0.019384726459681118,-0.1531206345341408,0.10460900659886851,-0.2190291384801157,0.05516176086658667,analysis_ready_condition_v1
block_late,engagement_pope_frontocentral_beta_over_alpha_theta,exploratory,baseline_delta,18,-0.09831636804758564,0.2902458277725303,-0.04055135533628479,-0.10100746054098209,0.06174047899119811,-0.24265222252962063,0.046019486434449336,analysis_ready_condition_v1
no_ads,engagement_kislov_central_beta16_24_over_alpha8_12,exploratory,condition_median,18,1.1292187042621853,0.641094070750451,1.0971209046439705,0.6746931874554591,1.3092144062048132,0.810410123221524,1.4480272853028466,analysis_ready_condition_v1
inline_early,engagement_kislov_central_beta16_24_over_alpha8_12,exploratory,condition_median,18,1.256445545534816,0.9153780294484649,1.008330082812389,0.6623309350325752,1.3099825152316464,0.8012387607603891,1.711652330309243,analysis_ready_condition_v1
inline_late,engagement_kislov_central_beta16_24_over_alpha8_12,exploratory,condition_median,18,1.1761649814088395,0.7529684853521886,0.9424307243662009,0.70442852572062,1.2512946995233616,0.8017225628376203,1.5506073999800587,analysis_ready_condition_v1
block_early,engagement_kislov_central_beta16_24_over_alpha8_12,exploratory,condition_median,18,1.176154524336032,0.7755341522292951,0.9025372755154351,0.642599791965202,1.6977866640597794,0.7904904636290413,1.5618185850430228,analysis_ready_condition_v1
block_late,engagement_kislov_central_beta16_24_over_alpha8_12,exploratory,condition_median,18,1.1683942540990848,0.7500049037373911,0.9982886905553634,0.6427417350153747,1.224043904419481,0.7954255899931124,1.5413629182050572,analysis_ready_condition_v1
no_ads,engagement_kislov_central_beta16_24_over_alpha8_12,exploratory,condition_mean,18,1.3004593984152475,0.7022100458083299,1.2834297091324631,0.7665316636815706,1.4949360444520725,0.9512585579916366,1.6496602388388584,analysis_ready_condition_v1
inline_early,engagement_kislov_central_beta16_24_over_alpha8_12,exploratory,condition_mean,18,1.4617361255767933,1.0366792778027691,1.1555912064049942,0.7800573644835386,1.646238117632264,0.9462076491338909,1.9772646020196958,analysis_ready_condition_v1
inline_late,engagement_kislov_central_beta16_24_over_alpha8_12,exploratory,condition_mean,18,1.3903170177688002,0.942970227658765,1.1513573031834334,0.8107675680123076,1.4351353076839581,0.9213889556334374,1.859245079904163,analysis_ready_condition_v1
block_early,engagement_kislov_central_beta16_24_over_alpha8_12,exploratory,condition_mean,18,1.3684872605708178,0.9525258220519333,1.0720287265777486,0.7634992873221059,1.9026675575935832,0.8948073131373738,1.8421672080042617,analysis_ready_condition_v1
block_late,engagement_kislov_central_beta16_24_over_alpha8_12,exploratory,condition_mean,18,1.3582499673060466,0.8850412186273185,1.1654669829624287,0.7834759269648104,1.3641599606268793,0.918129323633919,1.7983706109781743,analysis_ready_condition_v1
no_ads,engagement_kislov_central_beta16_24_over_alpha8_12,exploratory,baseline_delta,18,-0.3609297508812308,0.7844890304152575,-0.015066368187123522,-0.7117995574999623,0.10626802026212079,-0.7510469677444105,0.029187465981948935,analysis_ready_condition_v1
inline_early,engagement_kislov_central_beta16_24_over_alpha8_12,exploratory,baseline_delta,18,-0.23370290960859988,0.8875192377831448,0.010781152747582581,-0.45745960368247,0.1783706188753809,-0.6750558432158626,0.20765002399866292,analysis_ready_condition_v1
inline_late,engagement_kislov_central_beta16_24_over_alpha8_12,exploratory,baseline_delta,18,-0.3139834737345764,0.8169009358709597,0.017575120201579697,-0.40425143345292075,0.1253473672033723,-0.7202187519846922,0.09225180451553938,analysis_ready_condition_v1
block_early,engagement_kislov_central_beta16_24_over_alpha8_12,exploratory,baseline_delta,18,-0.313993930807384,0.824520826199336,-0.04246158957262296,-0.5294579254113576,0.10061161535630198,-0.7240184913705173,0.09603062975574927,analysis_ready_condition_v1
block_late,engagement_kislov_central_beta16_24_over_alpha8_12,exploratory,baseline_delta,18,-0.32175420104433133,0.7416901904523882,-0.11460182026698196,-0.3572681699758946,0.10345290350356677,-0.6905880555098889,0.047079653421226164,analysis_ready_condition_v1
