model,family,outcome,contrast,contrast_label,moderator,moderator_label,coef,se,ci95_lo,ci95_hi,t,p_raw,n,r2,p_holm,holm_sig
model2_delta_bfi,recall_memory,recall_memory,inline_vs_block,implicit - explicit,bfi_e,Extraversion,-0.13064056867290003,0.23920962689185096,-0.611603758159625,0.350322620813825,-0.546134243719062,0.5875032330182826,54,0.07028960722731148,1.0,False
model2_delta_bfi,recall_memory,recall_memory,inline_vs_block,implicit - explicit,bfi_a,Agreeableness,-0.07399432290322258,0.2541969220939752,-0.5850914890022338,0.4371028431957886,-0.2910905541014666,0.7722362287503024,54,0.07028960722731148,1.0,False
model2_delta_bfi,recall_memory,recall_memory,inline_vs_block,implicit - explicit,bfi_c,Conscientiousness,0.4987168155010432,0.2810836357743426,-0.0664397115632871,1.0638733425653735,1.7742648522641824,0.08236208065290501,54,0.07028960722731148,0.41181040326452506,False
model2_delta_bfi,recall_memory,recall_memory,inline_vs_block,implicit - explicit,bfi_n,Neuroticism,0.16420394947702716,0.18894719577536911,-0.21569984915136337,0.5441077481054177,0.8690467662311427,0.38914636822765536,54,0.07028960722731148,1.0,False
model2_delta_bfi,recall_memory,recall_memory,inline_vs_block,implicit - explicit,bfi_o,Openness,-0.1443655581730289,0.22702088849962163,-0.6008216466324348,0.3120905302863769,-0.635913105296782,0.5278536126335611,54,0.07028960722731148,1.0,False
model2_delta_bfi,recall_memory,recall_memory,early_vs_late,early - late,bfi_e,Extraversion,0.329144492771837,0.29282430319195935,-0.2596182282456857,0.9179072137893597,1.1240340681561125,0.26658864729271564,54,0.1250383013109828,1.0,False
model2_delta_bfi,recall_memory,recall_memory,early_vs_late,early - late,bfi_a,Agreeableness,-0.4844358838040115,0.3111707398772955,-1.1100865880459088,0.1412148204378859,-1.5568169552029216,0.12608350104388957,54,0.1250383013109828,0.6304175052194478,False
model2_delta_bfi,recall_memory,recall_memory,early_vs_late,early - late,bfi_c,Conscientiousness,0.24539733327524588,0.3440836426767083,-0.4464291972130969,0.9372238637635886,0.7131909304558676,0.47918080456146317,54,0.1250383013109828,1.0,False
model2_delta_bfi,recall_memory,recall_memory,early_vs_late,early - late,bfi_n,Neuroticism,-0.01887696558496374,0.23129642256417912,-0.48392959142945735,0.4461756602595299,-0.08161373779884486,0.9352932455182131,54,0.1250383013109828,1.0,False
model2_delta_bfi,recall_memory,recall_memory,early_vs_late,early - late,bfi_o,Openness,0.28332437029017943,0.27790367113852077,-0.27543840935866193,0.8420871499390208,1.0195056766592936,0.3130741763380896,54,0.1250383013109828,1.0,False
