subset,n_features,dataset_a_within_holm,dataset_a_within_bh,dataset_a_within_by,dataset_a_across_holm,dataset_a_across_bh,dataset_a_across_by,dataset_b_delta_within_holm,dataset_b_delta_within_bh,dataset_b_delta_within_by,dataset_b_delta_across_holm,dataset_b_delta_across_bh,dataset_b_delta_across_by,dataset_b_raw_within_holm,dataset_b_raw_within_bh,dataset_b_raw_within_by,dataset_b_raw_across_holm,dataset_b_raw_across_bh,dataset_b_raw_across_by,best_holm_anywhere,best_bh_anywhere,best_by_anywhere,any_significant_at_0.05
all 16,16,0.4841,0.3675,1.0,1.0,0.9974,1.0,0.0799,0.0799,0.1958,1.0,0.6952,1.0,0.0799,0.0799,0.1958,1.0,0.649,1.0,0.0799,0.0799,0.1958,no
drop 5 relative (11),11,0.4841,0.3675,1.0,1.0,0.9974,1.0,0.0799,0.0799,0.1958,0.8793,0.6915,1.0,0.0799,0.0799,0.1958,0.8793,0.818,1.0,0.0799,0.0799,0.1958,no
drop 5 absolute globals (11),11,0.4841,0.3675,1.0,1.0,0.9935,1.0,0.1268,0.0943,0.231,1.0,0.5417,1.0,0.1268,0.1268,0.3107,1.0,0.5195,1.0,0.1268,0.0943,0.231,no
drop 3 engagement (13),13,0.4841,0.3675,1.0,1.0,0.9844,1.0,0.0799,0.0799,0.1958,1.0,0.5648,1.0,0.0799,0.0799,0.1958,1.0,0.5273,1.0,0.0799,0.0799,0.1958,no
keep best engagement only (14),14,0.4841,0.3675,1.0,1.0,0.989,1.0,0.0799,0.0799,0.1958,1.0,0.6083,1.0,0.0799,0.0799,0.1958,1.0,0.5679,1.0,0.0799,0.0799,0.1958,no
drop relative and engagement (8),8,0.4841,0.3675,1.0,1.0,0.9607,1.0,0.0799,0.0799,0.1958,0.6395,0.5029,1.0,0.0799,0.0799,0.1958,0.6395,0.5949,1.0,0.0799,0.0799,0.1958,no
drop absolute and engagement (8),8,0.4841,0.3675,1.0,1.0,0.9964,1.0,0.1268,0.0943,0.231,1.0,0.3939,1.0,0.1268,0.1268,0.3107,1.0,0.3778,1.0,0.1268,0.0943,0.231,no
confirmatory + FAA (3),3,0.4841,0.3675,1.0,1.0,0.6177,1.0,0.1659,0.0943,0.231,0.4978,0.2829,0.9887,0.2417,0.1738,0.4258,0.7251,0.3188,1.0,0.1659,0.0943,0.231,no
confirmatory only (2),2,0.4841,0.3675,1.0,0.9682,0.5241,1.0,0.1659,0.0943,0.231,0.3318,0.1886,0.5852,0.2417,0.1738,0.4258,0.4834,0.2125,0.6595,0.1659,0.0943,0.231,no
global delta alone (1),1,0.8128,0.8128,1.0,0.8128,0.8128,1.0,0.0799,0.0799,0.1958,0.0799,0.0799,0.1958,0.0799,0.0799,0.1958,0.0799,0.0799,0.1958,0.0799,0.0799,0.1958,no
EXHAUSTIVE BEST over 65535 subsets,1-16,,,,,,,,,,,,,,,,,,,0.0799,0.0799,0.1958,no
